property_id,listing_id,mls_id,address,city,state,zip_code,latitude,longitude,location,price,beds,baths,full_baths,sqft,lot_size,year_built,stories,property_type,ui_property_type,listing_type,mls_status,search_status,price_per_sqft,hoa_fee,days_on_market,time_on_redfin,sold_date,is_hot,has_virtual_tour,has_video_tour,has_3d_tour,is_new_construction,listing_broker,data_source_id,market_id,has_insight,url,scraped_at,data_type,price_per_bed,price_per_bath,sqft_per_bed,bed_bath_ratio,home_age,price_segment,size_segment
78812863,205708540,1849044,7820 Eustis Ct,Cincinnati,OH,45236,,,Deer Park,300000,3.0,2.0,2.0,1375.0,5619.0,1952.0,1.0,6,1,1,Active,1,218.0,,,"{'value': 91123641, 'level': 1}",1498719600000.0,False,True,False,True,False,,158,64,False,/OH/Cincinnati/7820-Eustis-Ct-45236/home/78812863,2025-07-26T15:01:18.831837,active,100000.0,150000.0,458.3333333333333,1.5,72.0,Moderate,Medium
76140015,205750196,1849452,4636 Ashtree Dr,Cincinnati,OH,45223,,,Northside,192900,4.0,1.0,1.0,1165.0,6055.0,1955.0,1.0,6,1,1,Active,1,166.0,,,"{'value': 536421, 'level': 1}",1717743600000.0,False,False,False,False,False,,158,64,False,/OH/Cincinnati/4636-Ashtree-Dr-45223/home/76140015,2025-07-26T15:01:18.831879,active,48225.0,192900.0,291.25,4.0,69.0,Moderate,Small
100955420,205749110,1849509,1545 Ruth Ave,Cincinnati,OH,45207,,,Evanston,399900,3.0,2.5,2.0,1478.0,6273.0,2022.0,2.0,6,1,1,Active,1,271.0,,,"{'value': 5342687, 'level': 1}",1670227200000.0,False,False,False,False,False,,158,64,False,/OH/Cincinnati/1545-Ruth-Ave-45207/home/100955420,2025-07-26T15:01:18.831891,active,133300.0,159960.0,492.6666666666667,1.2,2.0,Upper_Mid,Medium
76152873,205745578,1849504,2169 Bolser Dr,Reading,OH,45215,,,Reading,340000,4.0,2.5,2.0,1728.0,8189.0,1986.0,4.0,6,1,1,Active,1,197.0,,,"{'value': 36061374, 'level': 1}",1632726000000.0,False,False,False,False,False,,158,64,True,/OH/Cincinnati/2169-Bolser-Dr-45215/home/76152873,2025-07-26T15:01:18.831900,active,85000.0,136000.0,432.0,1.6,38.0,Upper_Mid,Medium
76126752,205634856,1848781,7410 Lawyer Rd,Anderson Twp,OH,45244,,,Anderson Twp.,625000,3.0,4.0,4.0,2436.0,20038.0,1955.0,1.0,6,1,1,Active,1,257.0,,,"{'value': 39388386, 'level': 1}",1734508800000.0,False,False,False,False,False,,158,64,False,/OH/Cincinnati/7410-Lawyer-Rd-45244/home/76126752,2025-07-26T15:01:18.831909,active,208333.33333333334,156250.0,812.0,0.75,69.0,Luxury,Large
101035664,205606823,1848033,800 Cedarhill Dr,Springdale,OH,45240,,,Springdale,300000,4.0,2.5,2.0,2046.0,12023.0,1969.0,2.0,6,1,1,Active,1,147.0,,,"{'value': 39389052, 'level': 1}",937983600000.0,False,False,False,False,False,,158,64,False,/OH/Cincinnati/800-Cedarhill-Dr-45240/home/101035664,2025-07-26T15:01:18.831919,active,75000.0,120000.0,511.5,1.6,55.0,Moderate,Large
76164031,205713592,1849415,7959 Jolain Dr,Montgomery,OH,45242,,,Montgomery,750000,4.0,3.5,3.0,3080.0,16379.0,1963.0,2.0,6,1,1,Active,1,244.0,,,"{'value': 39389417, 'level': 1}",1664866800000.0,False,False,False,False,False,,158,64,False,/OH/Montgomery/7959-Jolain-Dr-45242/home/76164031,2025-07-26T15:01:18.831927,active,187500.0,214285.7142857143,770.0,1.1428571428571428,61.0,Luxury,Very_Large
78823071,205651447,1849211,2823 Erie Ave,Cincinnati,OH,45208,,,Hyde Park,1090000,4.0,4.5,4.0,2497.0,8146.0,1907.0,3.0,6,1,1,Active,1,437.0,,,"{'value': 39389477, 'level': 1}",1568358000000.0,False,False,False,False,False,,158,64,False,/OH/Cincinnati/2823-Erie-Ave-45208/home/78823071,2025-07-26T15:01:18.831934,active,272500.0,242222.22222222222,624.25,0.8888888888888888,117.0,Ultra_Luxury,Large
76077504,205660797,1849144,1992 Flintshire Ct,Anderson Twp,OH,45230,,,Anderson Twp.,315900,4.0,2.5,2.0,1764.0,9017.0,1967.0,2.0,6,1,1,Active,1,179.0,,,"{'value': 39389579, 'level': 1}",,False,False,False,False,False,,158,64,False,/OH/Cincinnati/1992-Flintshire-Ct-45230/home/76077504,2025-07-26T15:01:18.831941,active,78975.0,126360.0,441.0,1.6,57.0,Upper_Mid,Medium
100948905,205562937,1848638,3421 Golden Ave #8,Cincinnati,OH,45226,,,Columbia/Tusculum,459900,2.0,2.5,2.0,1714.0,784.0,1994.0,2.0,13,3,1,Active,1,268.0,275.0,,"{'value': 39389791, 'level': 1}",1703577600000.0,False,False,False,False,False,,158,64,False,/OH/Cincinnati/3421-Golden-Ave-45226/unit-8/home/100948905,2025-07-26T15:01:18.831947,active,229950.0,183960.0,857.0,0.8,30.0,Upper_Mid,Medium
101043394,205707336,1849132,4132 Fox Hollow Dr,Blue Ash,OH,45241,,,Blue Ash,450000,3.0,2.5,2.0,1760.0,11805.0,1979.0,,6,1,1,Active,1,256.0,,,"{'value': 39389908, 'level': 1}",1590044400000.0,False,False,False,False,False,,158,64,False,/OH/Blue-Ash/4132-Fox-Hollow-Dr-45241/home/101043394,2025-07-26T15:01:18.831953,active,150000.0,180000.0,586.6666666666666,1.2,45.0,Upper_Mid,Medium
100963790,205736947,1849476,7341 Parkdale Ave,Cincinnati,OH,45327,,,Roselawn,359000,4.0,2.5,2.0,2517.0,7405.0,1935.0,2.0,6,1,1,Active,1,143.0,,,"{'value': 58975390, 'level': 1}",1733990400000.0,False,False,False,False,False,,158,64,False,/OH/Cincinnati/7341-Parkdale-Ave-45237/home/100963790,2025-07-26T15:01:18.831960,active,89750.0,143600.0,629.25,1.6,89.0,Upper_Mid,Very_Large
101050032,205734521,1849389,404 Oak St,Elmwood Place,OH,45216,,,Elmwood Place,164000,3.0,1.0,1.0,1360.0,7492.0,1870.0,2.0,6,1,1,Active,1,121.0,,,"{'value': 62839230, 'level': 1}",1043654400000.0,False,False,False,False,False,,158,64,False,/OH/Elmwood-Place/404-Oak-St-45216/home/101050032,2025-07-26T15:01:18.831967,active,54666.666666666664,164000.0,453.3333333333333,3.0,154.0,Moderate,Medium
78773054,205733369,1849495,6441 Euclid Ave,Madeira,OH,45243,,,Madeira,849900,4.0,3.0,3.0,3762.0,31145.0,1989.0,2.0,6,1,1,Active,1,226.0,,,"{'value': 64012462, 'level': 1}",1749625200000.0,False,False,False,False,False,,158,64,False,/OH/Cincinnati/6441-Euclid-Ave-45243/home/78773054,2025-07-26T15:01:18.831975,active,212475.0,283300.0,940.5,1.3333333333333333,35.0,Ultra_Luxury,Mansion
76139882,205730860,1849344,912 Livingston St,Cincinnati,OH,45214,,,City,270000,2.0,1.5,1.0,1056.0,1263.0,1887.0,2.0,6,1,1,Active,1,256.0,,,"{'value': 66903022, 'level': 1}",1709107200000.0,False,False,False,False,False,,158,64,False,/OH/Cincinnati/912-Livingston-St-45214/home/76139882,2025-07-26T15:01:18.831982,active,135000.0,180000.0,528.0,1.3333333333333333,137.0,Moderate,Small
185687580,205730141,1849416,1701 Cleveland Ave,Norwood,OH,45212,,,Norwood,364000,4.0,4.0,4.0,,6970.0,1927.0,2.0,4,4,1,Active,1,,,,"{'value': 67431909, 'level': 1}",1653980400000.0,False,False,False,False,False,,158,64,False,/OH/Norwood/1701-Cleveland-Ave-45212/home/185687580,2025-07-26T15:01:18.831988,active,91000.0,91000.0,,1.0,97.0,Upper_Mid,
101003985,205730140,1849494,6516 Willow Hollow Ln,Madeira,OH,45243,,,Madeira,1024900,4.0,2.5,2.0,2836.0,12023.0,1964.0,2.0,6,1,1,Active,1,361.0,,,"{'value': 67432595, 'level': 1}",1732176000000.0,False,False,False,False,False,,158,64,False,/OH/Cincinnati/6516-Willow-Hollow-Ln-45243/home/101003985,2025-07-26T15:01:18.831993,active,256225.0,409960.0,709.0,1.6,60.0,Ultra_Luxury,Very_Large
78968557,205729814,1849460,2458 Duck Creek Rd,Cincinnati,OH,45212,,,Norwood,164900,2.0,2.0,2.0,1680.0,2701.0,1928.0,2.0,4,4,1,Active,1,98.0,,,"{'value': 67732110, 'level': 1}",953280000000.0,False,False,False,False,False,,158,64,False,/OH/Cincinnati/2458-Duck-Creek-Rd-45212/home/78968557,2025-07-26T15:01:18.832001,active,82450.0,82450.0,840.0,1.0,96.0,Moderate,Medium
76141135,205729665,1849493,3064 Mchenry Ave,Cincinnati,OH,45211,,,Westwood,229900,3.0,2.0,2.0,1152.0,8843.0,1937.0,2.0,6,1,1,Active,1,200.0,,,"{'value': 67859770, 'level': 1}",1682319600000.0,False,False,False,False,False,,158,64,False,/OH/Cincinnati/3064-McHenry-Ave-45211/home/76141135,2025-07-26T15:01:18.832008,active,76633.33333333333,114950.0,384.0,1.5,87.0,Moderate,Small
78858981,205728356,1849126,4951 Heuwerth Ave,Cincinnati,OH,45238,,,Covedale,279999,3.0,2.0,2.0,1701.0,7187.0,1935.0,,6,1,1,Active,1,165.0,,,"{'value': 69292922, 'level': 1}",1746082800000.0,False,False,False,False,False,,158,64,False,/OH/Cincinnati/4951-Heuwerth-Ave-45238/home/78858981,2025-07-26T15:01:18.832016,active,93333.0,139999.5,567.0,1.5,89.0,Moderate,Medium
101054117,205728182,1849447,1117 Cutter St,Cincinnati,OH,45203,,,City,495000,3.0,2.5,2.0,2127.0,1960.0,2003.0,3.0,3,2,1,Active,1,233.0,232.0,,"{'value': 69538172, 'level': 1}",1075881600000.0,False,False,False,False,False,,158,64,False,/OH/Cincinnati/1117-Cutter-St-45203/home/101054117,2025-07-26T15:01:18.832021,active,165000.0,198000.0,709.0,1.2,21.0,Upper_Mid,Large
76091806,205726070,1849474,2327 Glenside Ave,Norwood,OH,45212,,,Norwood,280000,3.0,1.0,1.0,,,1920.0,2.0,6,1,1,Active,1,,,,"{'value': 71813932, 'level': 1}",1713682800000.0,False,False,False,False,False,,158,64,False,/OH/Cincinnati/2327-Glenside-Ave-45212/home/76091806,2025-07-26T15:01:18.832027,active,93333.33333333333,280000.0,,3.0,104.0,Moderate,
76072448,205724778,1849471,3011 Riddle View Ln,Cincinnati,OH,45220,,,Clifton,349900,4.0,2.0,2.0,1492.0,2165.0,1905.0,2.0,6,1,1,Active,1,235.0,,,"{'value': 72781588, 'level': 1}",1223017200000.0,False,False,False,False,False,,158,64,False,/OH/Cincinnati/3011-Riddle-View-Ln-45220/home/76072448,2025-07-26T15:01:18.832033,active,87475.0,174950.0,373.0,2.0,119.0,Upper_Mid,Medium
101023284,205724597,1849193,7757 Jandaracres Dr,Cincinnati,OH,45248,,,Miami Twp.,254900,3.0,2.0,2.0,1014.0,22477.0,1959.0,1.0,6,1,1,Active,1,251.0,,,"{'value': 72902272, 'level': 1}",1536822000000.0,False,False,False,False,False,,158,64,False,/OH/Cincinnati/7757-Jandaracres-Dr-45248/home/101023284,2025-07-26T15:01:18.832039,active,84966.66666666667,127450.0,338.0,1.5,65.0,Moderate,Small
100967090,205724026,1849423,677 State Ave,Cincinnati,OH,45204,,,Price Hill,100000,3.0,1.5,1.0,1831.0,1133.0,1885.0,3.0,6,1,1,Active,1,55.0,,,"{'value': 73375928, 'level': 1}",1657695600000.0,False,False,False,False,False,,158,64,False,/OH/Cincinnati/677-State-Ave-45204/home/100967090,2025-07-26T15:01:18.832044,active,33333.333333333336,66666.66666666667,610.3333333333334,2.0,139.0,Budget,Large
78968372,205723229,1849469,2117 Saint Leo Pl,Cincinnati,OH,45211,,,Fairmount,220000,5.0,2.0,2.0,2100.0,12197.0,1997.0,2.0,4,4,1,Active,1,105.0,,,"{'value': 74535829, 'level': 1}",1537167600000.0,False,False,False,False,False,,158,64,False,/OH/Cincinnati/2117-Saint-Leo-Pl-45211/home/78968372,2025-07-26T15:01:18.832051,active,44000.0,110000.0,420.0,2.5,27.0,Moderate,Large
78786017,205722347,1849450,3912 Lindley Ave,Norwood,OH,45212,,,Norwood,435000,4.0,1.5,1.0,1988.0,7579.0,1906.0,3.0,6,1,1,Active,1,219.0,,,"{'value': 75431259, 'level': 1}",1526540400000.0,False,True,False,True,False,,158,64,False,/OH/Cincinnati/3912-Lindley-Ave-45212/home/78786017,2025-07-26T15:01:18.832059,active,108750.0,290000.0,497.0,2.6666666666666665,118.0,Upper_Mid,Large
71385832,205721356,1849286,3879 Mark Ct,Union Twp,OH,45255,,,Union Twp.,319000,3.0,2.0,2.0,1886.0,19166.0,1959.0,1.0,6,1,1,Active,1,169.0,,,"{'value': 76465583, 'level': 1}",1568962800000.0,False,False,False,False,False,,158,64,False,/OH/Cincinnati/3879-Mark-Ct-45255/home/71385832,2025-07-26T15:01:18.832066,active,106333.33333333333,159500.0,628.6666666666666,1.5,65.0,Upper_Mid,Large
196613345,205721354,1849438,1207 Republic St #201,Cincinnati,OH,45202,,,City,350000,2.0,2.0,2.0,1176.0,8925.0,1869.0,2.0,13,3,1,Active,1,298.0,302.0,,"{'value': 76466502, 'level': 1}",,False,False,False,False,False,,158,64,False,/OH/Cincinnati/1207-Republic-St-45202/unit-201/home/196613345,2025-07-26T15:01:18.832073,active,175000.0,175000.0,588.0,1.0,155.0,Upper_Mid,Small
76137829,205721196,1848818,6202 Kennedy Ave,Cincinnati,OH,45213,,,Kennedy Hts.,415000,4.0,2.0,2.0,1590.0,6752.0,1927.0,3.0,6,1,1,Active,1,261.0,,,"{'value': 76721267, 'level': 1}",1670832000000.0,False,False,False,False,False,,158,64,False,/OH/Cincinnati/6202-Kennedy-Ave-45213/home/76137829,2025-07-26T15:01:18.832079,active,103750.0,207500.0,397.5,2.0,97.0,Upper_Mid,Medium
78911860,205719810,1849215,1708 State Ave,Cincinnati,OH,45204,,,Price Hill,70000,3.0,1.0,1.0,1568.0,7623.0,1890.0,2.0,6,1,1,Active,1,45.0,,,"{'value': 78363088, 'level': 1}",1722495600000.0,False,False,False,False,False,,158,64,False,/OH/Cincinnati/1708-State-Ave-45204/home/78911860,2025-07-26T15:01:18.832085,active,23333.333333333332,70000.0,522.6666666666666,3.0,134.0,Budget,Medium
78864651,205718564,1848945,410 Morrvue Dr,Cincinnati,OH,45238,,,Delhi Twp.,160000,4.0,1.0,1.0,1417.0,7797.0,1955.0,,6,1,1,Active,1,113.0,,,"{'value': 79622900, 'level': 1}",852710400000.0,False,False,False,False,False,,158,64,False,/OH/Cincinnati/410-Morrvue-Dr-45238/home/78864651,2025-07-26T15:01:18.832091,active,40000.0,160000.0,354.25,4.0,69.0,Moderate,Medium
78970731,205716492,1849437,2322 Maplewood Ave,Cincinnati,OH,45219,,,Mt. Auburn,275000,5.0,3.0,3.0,2455.0,5793.0,1899.0,3.0,4,4,1,Active,1,112.0,,,"{'value': 81292488, 'level': 1}",1540796400000.0,False,False,False,False,False,,158,64,False,/OH/Cincinnati/2322-Maplewood-Ave-45219/home/78970731,2025-07-26T15:01:18.832097,active,55000.0,91666.66666666667,491.0,1.6666666666666667,125.0,Moderate,Large
100985418,205716315,1849395,5399 Kirby Ave,Cincinnati,OH,45223,,,Mt. Airy,95000,2.0,1.5,1.0,1200.0,30928.0,1909.0,2.0,6,1,1,Active,1,79.0,,,"{'value': 81545363, 'level': 1}",1475823600000.0,False,False,False,False,False,,158,64,False,/OH/Cincinnati/5399-Kirby-Ave-45223/home/100985418,2025-07-26T15:01:18.832103,active,47500.0,63333.333333333336,600.0,1.3333333333333333,115.0,Budget,Small
101039439,205714814,1849224,10633 Weil Rd,Cincinnati,OH,45249,,,Montgomery,575000,4.0,2.5,2.0,,20735.0,1970.0,2.0,6,1,1,Active,1,,,,"{'value': 83232193, 'level': 1}",1561964400000.0,False,True,True,False,False,,158,64,False,/OH/Montgomery/10633-Weil-Rd-45249/home/101039439,2025-07-26T15:01:18.832109,active,143750.0,230000.0,,1.6,54.0,Luxury,
100989567,205714269,1849428,1685 Citadel Pl,Anderson Twp,OH,45255,,,Anderson Twp.,265000,3.0,1.5,1.0,1810.0,8059.0,1969.0,1.0,6,1,1,Active,1,146.0,,,"{'value': 83689549, 'level': 1}",1597042800000.0,False,False,False,False,False,,158,64,False,/OH/Cincinnati/1685-Citadel-Pl-45255/home/100989567,2025-07-26T15:01:18.832115,active,88333.33333333333,176666.66666666666,603.3333333333334,2.0,55.0,Moderate,Large
76085661,205713844,1849429,1013 Vacationland Dr,Springfield Twp.,OH,45231,,,Springfield Twp.,239900,3.0,2.0,2.0,930.0,,1953.0,,6,1,1,Active,1,258.0,,,"{'value': 84288442, 'level': 1}",1721804400000.0,False,False,False,False,False,,158,64,False,/OH/Cincinnati/1013-Vacationland-Dr-45231/home/76085661,2025-07-26T15:01:18.832120,active,79966.66666666667,119950.0,310.0,1.5,71.0,Moderate,Small
76096105,205713776,1849406,1338 Suncrest Dr,Cincinnati,OH,45208,,,Hyde Park,989000,5.0,4.0,3.0,3334.0,11238.0,1927.0,3.0,6,1,1,Active,1,297.0,,,"{'value': 84410273, 'level': 1}",,False,False,False,False,False,,158,64,False,/OH/Cincinnati/1338-Suncrest-Dr-45208/home/76096105,2025-07-26T15:01:18.832126,active,197800.0,247250.0,666.8,1.25,97.0,Ultra_Luxury,Very_Large
78887876,205713354,1849245,3335 Nandale Dr,Colerain Twp,OH,45239,,,Groesbeck,235000,3.0,2.0,2.0,1176.0,11326.0,1957.0,1.0,6,1,1,Active,1,200.0,,,"{'value': 84894985, 'level': 1}",1345014000000.0,False,False,False,False,False,,158,64,False,/OH/Cincinnati/3335-Nandale-Dr-45239/home/78887876,2025-07-26T15:01:18.832132,active,78333.33333333333,117500.0,392.0,1.5,67.0,Moderate,Small
101049015,205712864,1849422,2604 Melrose Ave,Norwood,OH,45212,,,Norwood,369900,3.0,1.5,1.0,1352.0,,1925.0,2.0,6,1,1,Active,1,274.0,,,"{'value': 85582041, 'level': 1}",1717570800000.0,False,False,False,False,False,,158,64,False,/OH/Norwood/2604-Melrose-Ave-45212/home/101049015,2025-07-26T15:01:18.832138,active,123300.0,246600.0,450.6666666666667,2.0,99.0,Upper_Mid,Medium
76103683,205711830,1849391,9125 Round Top Rd,Cincinnati,OH,45251,,,Colerain Twp.East,280000,3.0,1.5,1.0,1328.0,20038.0,1955.0,1.0,6,1,1,Active,1,211.0,,,"{'value': 86809793, 'level': 1}",,False,False,False,False,False,,158,64,False,/OH/Cincinnati/9125-Round-Top-Rd-45251/home/76103683,2025-07-26T15:01:18.832144,active,93333.33333333333,186666.66666666666,442.6666666666667,2.0,69.0,Moderate,Medium
78743298,205711352,1845167,8270 Weller Rd,Cincinnati,OH,45242,,,Montgomery,799000,3.0,3.5,3.0,4410.0,19689.0,1995.0,2.0,6,1,1,Active,1,181.0,38.0,,"{'value': 87528115, 'level': 1}",1122620400000.0,False,False,False,False,False,,158,64,False,/OH/Cincinnati/8270-Weller-Rd-45242/home/78743298,2025-07-26T15:01:18.832150,active,266333.3333333333,228285.7142857143,1470.0,0.8571428571428571,29.0,Ultra_Luxury,Mansion
101016830,205711055,1847175,5578 Eula Ave,Green Twp,OH,45248,,,Bridgetown,225000,2.0,2.0,2.0,852.0,7536.0,1943.0,1.0,6,1,1,Active,1,264.0,,,"{'value': 87889942, 'level': 1}",1460703600000.0,False,False,False,False,False,,158,64,False,/OH/Cincinnati/5578-Eula-Ave-45248/home/101016830,2025-07-26T15:01:18.832156,active,112500.0,112500.0,426.0,1.0,81.0,Moderate,Small
101007542,205710888,1849343,569 Rentz Pl,Delhi Twp,OH,45238,,,Delhi Twp.,185000,2.0,1.0,1.0,1250.0,12632.0,1954.0,1.0,6,1,1,Active,1,148.0,,,"{'value': 88005027, 'level': 1}",908262000000.0,False,False,False,False,False,,158,64,False,/OH/Cincinnati/569-Rentz-Pl-45238/home/101007542,2025-07-26T15:01:18.832163,active,92500.0,185000.0,625.0,2.0,70.0,Moderate,Medium
71403746,205710848,1849409,641 Ellen Dr,Union Twp,OH,45255,,,Union Twp.,379900,3.0,2.5,2.0,1769.0,10454.0,2001.0,2.0,6,1,1,Active,1,215.0,,,"{'value': 88089472, 'level': 1}",1521529200000.0,False,False,False,False,False,,158,64,False,/OH/Cincinnati/641-Ellen-Dr-45255/home/71403746,2025-07-26T15:01:18.832168,active,126633.33333333333,151960.0,589.6666666666666,1.2,23.0,Upper_Mid,Medium
71401313,205710542,1849319,902 Baccarat Dr,Union Twp,OH,45245,,,Union Twp.,365000,3.0,2.0,2.0,1823.0,19994.0,2001.0,1.0,6,1,1,Active,1,200.0,22.0,,"{'value': 88491788, 'level': 1}",958028400000.0,False,False,False,False,False,,158,64,False,/OH/Cincinnati/902-Baccarat-Dr-45245/home/71401313,2025-07-26T15:01:18.832176,active,121666.66666666667,182500.0,607.6666666666666,1.5,23.0,Upper_Mid,Large
76163644,205710278,1849322,3733 Lyndon Center Ct,Deer Park,OH,45236,,,Deer Park,299990,4.0,2.5,2.0,2144.0,12284.0,1957.0,2.0,6,1,1,Active,1,140.0,,,"{'value': 88864106, 'level': 1}",521794800000.0,False,False,False,False,False,,158,64,False,/OH/Cincinnati/3733-Lyndon-Center-Ct-45236/home/76163644,2025-07-26T15:01:18.832185,active,74997.5,119996.0,536.0,1.6,67.0,Moderate,Large
100960550,205710001,1849348,2311 Stratford Ave,Cincinnati,OH,45219,,,Clifton,395000,5.0,2.0,2.0,1615.0,2570.0,1912.0,3.0,6,1,1,Active,1,245.0,,,"{'value': 89211069, 'level': 1}",682671600000.0,False,False,False,False,False,,158,64,False,/OH/Cincinnati/2311-Stratford-Ave-45219/home/100960550,2025-07-26T15:01:18.832191,active,79000.0,197500.0,323.0,2.5,112.0,Upper_Mid,Medium
100960560,205710000,1849325,2308 Stratford Ave,Cincinnati,OH,45219,,,Clifton,350000,4.0,2.0,2.0,1856.0,4269.0,1904.0,2.0,6,1,1,Active,1,189.0,,,"{'value': 89211130, 'level': 1}",1505804400000.0,False,False,False,False,False,,158,64,False,/OH/Cincinnati/2308-Stratford-Ave-45219/home/100960560,2025-07-26T15:01:18.832196,active,87500.0,175000.0,464.0,2.0,120.0,Upper_Mid,Large
63725969,205709606,1849405,3921 Randolph Ln,Union Twp,OH,45245,,,Union Twp.,228000,4.0,2.0,2.0,2359.0,21344.0,1940.0,2.0,4,4,1,Active,1,97.0,,,"{'value': 89759219, 'level': 1}",1671609600000.0,False,False,False,False,False,,158,64,False,/OH/Cincinnati/3921-Randolph-Ln-45245/home/63725969,2025-07-26T15:01:18.832202,active,57000.0,114000.0,589.75,2.0,84.0,Moderate,Large
100998484,205709001,1848953,3277 Warfield Ave,Colerain Twp,OH,45239,,,Groesbeck,170000,3.0,1.0,1.0,1198.0,5750.0,1951.0,1.0,6,1,1,Active,1,142.0,,,"{'value': 90648420, 'level': 1}",1747378800000.0,False,False,False,False,False,,158,64,False,/OH/Cincinnati/3277-Warfield-Ave-45239/home/100998484,2025-07-26T15:01:18.832207,active,56666.666666666664,170000.0,399.3333333333333,3.0,73.0,Moderate,Small
76118893,205708600,1846153,2616 Lytham Ct,Miami Twp,OH,45233,,,Miami Twp.,550000,4.0,3.5,3.0,3442.0,16074.0,1989.0,,6,1,1,Active,1,160.0,42.0,,"{'value': 91018219, 'level': 1}",,False,False,False,False,False,,158,64,False,/OH/Cincinnati/2616-Lytham-Ct-45233/home/76118893,2025-07-26T15:01:18.832213,active,137500.0,157142.85714285713,860.5,1.1428571428571428,35.0,Luxury,Very_Large
76138715,205708200,1849113,1000 Sarbrook Dr,Cincinnati,OH,45231,,,Springfield Twp.,230000,5.0,1.0,1.0,1393.0,12110.0,1960.0,1.0,6,1,1,Active,1,165.0,,,"{'value': 91615407, 'level': 1}",1747897200000.0,False,False,False,False,False,,158,64,False,/OH/Cincinnati/1000-Sarbrook-Dr-45231/home/76138715,2025-07-26T15:01:18.832219,active,46000.0,230000.0,278.6,5.0,64.0,Moderate,Medium
76103843,205707398,1849221,3374 Deshler Dr,Colerain Twp,OH,45251,,,Colerain Twp.East,135000,3.0,1.0,1.0,1225.0,7275.0,1960.0,1.0,6,1,1,Active,1,110.0,,,"{'value': 93183818, 'level': 1}",,False,False,False,False,False,,158,64,False,/OH/Cincinnati/3374-Deshler-Dr-45251/home/76103843,2025-07-26T15:01:18.832225,active,45000.0,135000.0,408.3333333333333,3.0,64.0,Budget,Medium
76103157,205707260,1849205,8407 Jackies Dr,Cincinnati,OH,45239,,,Colerain Twp.East,194000,3.0,1.0,1.0,1199.0,6360.0,1950.0,2.0,6,1,1,Active,1,162.0,,,"{'value': 93534744, 'level': 1}",,False,False,False,False,False,,158,64,False,/OH/Cincinnati/8407-Jackies-Dr-45239/home/76103157,2025-07-26T15:01:18.832231,active,64666.666666666664,194000.0,399.6666666666667,3.0,74.0,Moderate,Small
76122128,205707163,1849388,1870 Dalewood Pl,Cincinnati,OH,45237,,,Bond Hill,248000,4.0,1.5,1.0,1367.0,3354.0,1937.0,,6,1,1,Active,1,181.0,,,"{'value': 93625883, 'level': 1}",1699430400000.0,False,False,False,False,False,,158,64,False,/OH/Cincinnati/1870-Dalewood-Pl-45237/home/76122128,2025-07-26T15:01:18.832237,active,62000.0,165333.33333333334,341.75,2.6666666666666665,87.0,Moderate,Medium
78762575,205706745,1849355,11415 Rose Ln,Forest Park,OH,45246,,,Forest Park,250000,3.0,1.5,1.0,1608.0,8843.0,1956.0,,6,1,1,Active,1,155.0,,,"{'value': 94734365, 'level': 1}",1577174400000.0,False,False,False,False,False,,158,64,False,/OH/Cincinnati/11415-Rose-Ln-45246/home/78762575,2025-07-26T15:01:18.832244,active,83333.33333333333,166666.66666666666,536.0,2.0,68.0,Moderate,Medium
101026347,205706090,1849204,682 W North Bend Rd,Springfield Twp.,OH,45224,,,Springfield Twp.,289000,4.0,2.5,2.0,1890.0,19820.0,1972.0,1.0,6,1,1,Active,1,153.0,,,"{'value': 96283606, 'level': 1}",786355200000.0,False,True,True,False,False,,158,64,False,/OH/Cincinnati/682-W-North-Bend-Rd-45224/home/101026347,2025-07-26T15:01:18.832249,active,72250.0,115600.0,472.5,1.6,52.0,Moderate,Large
101026429,205706026,1849314,8932 Hollyhock Dr,Cincinnati,OH,45231,,,Finneytown,310000,4.0,1.5,1.0,2662.0,20212.0,1949.0,2.0,6,1,1,Active,1,116.0,,,"{'value': 96549646, 'level': 1}",1493708400000.0,False,False,False,False,False,,158,64,False,/OH/Cincinnati/8932-Hollyhock-Dr-45231/home/101026429,2025-07-26T15:01:18.832263,active,77500.0,206666.66666666666,665.5,2.6666666666666665,75.0,Upper_Mid,Very_Large
76134945,205705967,1849240,2204 Flomar Ct,Green Twp,OH,45233,,,Bridgetown,459900,3.0,3.5,3.0,,20038.0,1976.0,1.0,6,1,1,Active,1,,,,"{'value': 96766947, 'level': 1}",1743404400000.0,False,False,False,False,False,,158,64,False,/OH/Cincinnati/2204-Flomar-Ct-45233/home/76134945,2025-07-26T15:01:18.832270,active,153300.0,131400.0,,0.8571428571428571,48.0,Upper_Mid,
101009705,205705593,1849335,5641 Hollowview Ct,Cincinnati,OH,45233,,,Delhi Twp.,199900,3.0,2.5,2.0,1107.0,9583.0,1968.0,1.0,6,1,1,Active,1,181.0,,,"{'value': 98225850, 'level': 1}",,False,False,False,False,False,,158,64,False,/OH/Cincinnati/5641-Hollowview-Ct-45233/home/101009705,2025-07-26T15:01:18.832278,active,66633.33333333333,79960.0,369.0,1.2,56.0,Moderate,Small
71366868,205575900,1848874,921 Country Club Dr,Pierce Twp,OH,45245,,,Pierce Twp.,1375000,4.0,4.0,3.0,4276.0,253214.0,1990.0,2.0,6,1,1,Active,1,322.0,,,"{'value': 125662161, 'level': 1}",,False,False,False,False,False,,158,64,False,/OH/Cincinnati/921-Country-Club-Dr-45245/home/71366868,2025-07-26T15:01:18.832285,active,343750.0,343750.0,1069.0,1.0,34.0,Ultra_Luxury,Mansion
78844163,205640899,1849179,4034 Colerain Ave,Cincinnati,OH,45223,,,Northside,329900,3.0,1.5,1.0,2350.0,5881.0,1880.0,2.0,6,1,1,Active,1,140.0,,,"{'value': 125662856, 'level': 1}",1150873200000.0,False,False,False,False,False,,158,64,False,/OH/Cincinnati/4034-Colerain-Ave-45223/home/78844163,2025-07-26T15:01:18.832293,active,109966.66666666667,219933.33333333334,783.3333333333334,2.0,144.0,Upper_Mid,Large
76145026,205633023,1848963,8630 Plainfield Ln,Sycamore Twp,OH,45236,,,Sycamore Twp.,335000,3.0,2.0,2.0,2108.0,45259.0,1973.0,1.0,6,1,1,Active,1,159.0,,,"{'value': 125691273, 'level': 1}",,False,False,False,False,False,,158,64,False,/OH/Cincinnati/8630-Plainfield-Ln-45236/home/76145026,2025-07-26T15:01:18.832300,active,111666.66666666667,167500.0,702.6666666666666,1.5,51.0,Upper_Mid,Large
184887317,205597582,1848977,3417 Traskwood Cir Unit A,Cincinnati,OH,45208,,,Hyde Park,375000,2.0,2.0,2.0,1537.0,20007.0,1979.0,1.0,3,2,1,Active,1,244.0,325.0,,"{'value': 125695595, 'level': 1}",1432882800000.0,False,False,False,False,False,,158,64,False,/OH/Cincinnati/3417-Traskwood-Cir-45208/unit-A/home/184887317,2025-07-26T15:01:18.832308,active,187500.0,187500.0,768.5,1.0,45.0,Upper_Mid,Medium
101017980,205608797,1849050,5037 Race Rd,Green Twp,OH,45211,,,Green Twp.,625000,5.0,4.5,4.0,2568.0,60984.0,1986.0,1.0,6,1,1,Active,1,243.0,,,"{'value': 125695850, 'level': 1}",736758000000.0,False,False,False,False,False,,158,64,False,/OH/Cincinnati/5037-Race-Rd-45211/home/101017980,2025-07-26T15:01:18.832316,active,125000.0,138888.88888888888,513.6,1.1111111111111112,38.0,Luxury,Very_Large
76128916,205683854,1849196,5591 Squirrel Run Ln,Colerain Twp,OH,45247,,,White Oak,750000,4.0,5.0,4.0,4224.0,44431.0,1987.0,2.0,6,1,1,Active,1,178.0,8.0,,"{'value': 125695948, 'level': 1}",526201200000.0,False,False,False,False,False,,158,64,False,/OH/Cincinnati/5591-Squirrel-Run-45247/home/76128916,2025-07-26T15:01:18.832324,active,187500.0,150000.0,1056.0,0.8,37.0,Luxury,Mansion
78816184,205593606,1848923,6836 Roe St,Columbia Twp,OH,45227,,,Columbia Twp.,269000,2.0,2.0,2.0,894.0,4617.0,1938.0,1.0,6,1,1,Active,1,301.0,,,"{'value': 125696412, 'level': 1}",1602140400000.0,False,False,False,False,False,,158,64,False,/OH/Cincinnati/6836-Roe-St-45227/home/78816184,2025-07-26T15:01:18.832331,active,134500.0,134500.0,447.0,1.0,86.0,Moderate,Small
100969635,205653254,1849217,1215 Beech Ave,Cincinnati,OH,45205,,,Price Hill,109900,2.0,1.0,1.0,1330.0,2614.0,1903.0,2.0,6,1,1,Active,1,83.0,,,"{'value': 125696440, 'level': 1}",799484400000.0,False,False,False,False,False,,158,64,False,/OH/Cincinnati/1215-Beech-Ave-45205/home/100969635,2025-07-26T15:01:18.832338,active,54950.0,109900.0,665.0,2.0,121.0,Budget,Medium
101041193,205632146,1848966,3783 St Johns Ter,Deer Park,OH,45236,,,Deer Park,259000,2.0,1.5,1.0,1235.0,7362.0,1942.0,1.0,6,1,1,Active,1,210.0,,,"{'value': 125696488, 'level': 1}",1676534400000.0,False,False,False,False,False,,158,64,False,/OH/Cincinnati/3783-Saint-Johns-Ter-45236/home/101041193,2025-07-26T15:01:18.832345,active,129500.0,172666.66666666666,617.5,1.3333333333333333,82.0,Moderate,Medium
101049187,205672258,1849153,4026 Grove Ave,Norwood,OH,45212,,,Norwood,395000,3.0,3.5,3.0,1536.0,5097.0,1900.0,3.0,6,1,1,Active,1,257.0,,,"{'value': 125696573, 'level': 1}",1727420400000.0,False,True,False,False,False,,158,64,False,/OH/Norwood/4026-Grove-Ave-45212/home/101049187,2025-07-26T15:01:18.832352,active,131666.66666666666,112857.14285714286,512.0,0.8571428571428571,124.0,Upper_Mid,Medium
100985063,205662707,1849168,5915 Monticello Ave,Cincinnati,OH,45224,,,College Hill,260000,2.0,2.0,2.0,2164.0,8538.0,1955.0,1.0,6,1,1,Active,1,120.0,,,"{'value': 125696649, 'level': 1}",1693378800000.0,False,False,False,False,False,,158,64,False,/OH/Cincinnati/5915-Monticello-Ave-45224/home/100985063,2025-07-26T15:01:18.832358,active,130000.0,130000.0,1082.0,1.0,69.0,Moderate,Large
78917252,205696443,1849059,10748 Fallsington Ct,Blue Ash,OH,45242,,,Blue Ash,524900,4.0,2.5,2.0,2112.0,15377.0,1986.0,2.0,6,1,1,Active,1,249.0,95.0,,"{'value': 125696659, 'level': 1}",1363676400000.0,False,True,False,False,False,,158,64,False,/OH/Blue-Ash/10748-Fallsington-Ct-45242/home/78917252,2025-07-26T15:01:18.832366,active,131225.0,209960.0,528.0,1.6,38.0,Luxury,Large
76165525,205681994,1849329,10460 Hopewell Hills Dr,Symmes Twp,OH,45249,,,Symmes Twp.,650000,4.0,2.5,2.0,2416.0,19950.0,1982.0,2.0,6,1,1,Active,1,269.0,,,"{'value': 125696769, 'level': 1}",1593068400000.0,False,False,False,False,False,,158,64,False,/OH/Cincinnati/10460-Hopewellhills-Dr-45249/home/76165525,2025-07-26T15:01:18.832374,active,162500.0,260000.0,604.0,1.6,42.0,Luxury,Large
76074665,205591157,1847926,1662 Rosemont Ave,Cincinnati,OH,45205,,,Price Hill,199500,4.0,2.0,2.0,1208.0,4704.0,1928.0,2.0,6,1,1,Active,1,165.0,,,"{'value': 125696808, 'level': 1}",1686726000000.0,False,False,False,False,False,,158,64,False,/OH/Cincinnati/1662-Rosemont-Ave-45205/home/76074665,2025-07-26T15:01:18.832380,active,49875.0,99750.0,302.0,2.0,96.0,Moderate,Medium
101042894,205650534,1849213,3577 Mohler Rd,Blue Ash,OH,45241,,,Blue Ash,799000,4.0,3.0,2.0,2768.0,20604.0,1993.0,2.0,6,1,1,Active,1,289.0,,,"{'value': 125696871, 'level': 1}",1631862000000.0,False,False,False,False,False,,158,64,False,/OH/Blue-Ash/3577-Mohler-Rd-45241/home/101042894,2025-07-26T15:01:18.832385,active,199750.0,266333.3333333333,692.0,1.3333333333333333,31.0,Ultra_Luxury,Very_Large
101037380,205596977,1848870,6008 Winnetka Dr,Sycamore Twp,OH,45236,,,Kenwood,500000,4.0,2.5,2.0,2838.0,7797.0,1950.0,,6,1,1,Active,1,176.0,,,"{'value': 125696907, 'level': 1}",1104912000000.0,False,False,False,False,False,,158,64,False,/OH/Cincinnati/6008-Winnetka-Dr-45236/home/101037380,2025-07-26T15:01:18.832392,active,125000.0,200000.0,709.5,1.6,74.0,Upper_Mid,Very_Large
76096064,205627448,1848786,2994 Springer Ave,Cincinnati,OH,45208,,,Hyde Park,699900,4.0,3.5,3.0,2143.0,5184.0,1920.0,2.0,6,1,1,Active,1,327.0,,,"{'value': 125696908, 'level': 1}",1636009200000.0,False,False,False,False,False,,158,64,False,/OH/Cincinnati/2994-Springer-Ave-45208/home/76096064,2025-07-26T15:01:18.832398,active,174975.0,199971.42857142858,535.75,1.1428571428571428,104.0,Luxury,Large
100952081,205679724,1849182,2732 Arbor Ave,Cincinnati,OH,45209,,,Oakley,550000,5.0,2.0,2.0,1803.0,4966.0,1908.0,3.0,6,1,1,Active,1,305.0,,,"{'value': 125697071, 'level': 1}",861692400000.0,False,False,False,False,False,,158,64,False,/OH/Cincinnati/2732-Arbor-Ave-45209/home/100952081,2025-07-26T15:01:18.832403,active,110000.0,275000.0,360.6,2.5,116.0,Luxury,Large
76074433,205577034,1848841,1062 Covedale Ave,Cincinnati,OH,45238,,,Covedale,215000,4.0,2.0,2.0,1307.0,,1949.0,,6,1,1,Active,1,164.0,,,"{'value': 125697215, 'level': 1}",1561100400000.0,False,False,False,False,False,,158,64,False,/OH/Cincinnati/1062-Covedale-Ave-45238/home/76074433,2025-07-26T15:01:18.832409,active,53750.0,107500.0,326.75,2.0,75.0,Moderate,Medium
78766667,205504789,1848578,11 Diplomat Dr,Wyoming,OH,45215,,,Wyoming,495000,4.0,3.0,3.0,2905.0,3485.0,1987.0,1.0,3,2,1,Active,1,170.0,463.0,,"{'value': 125697215, 'level': 1}",1635231600000.0,False,False,False,False,False,,158,64,False,/OH/Cincinnati/11-Diplomat-Dr-45215/home/78766667,2025-07-26T15:01:18.832415,active,123750.0,165000.0,726.25,1.3333333333333333,37.0,Upper_Mid,Very_Large
100999619,205651748,1848768,3258 Lillwood Ln,Colerain Twp,OH,45251,,,Colerain Twp.East,284900,3.0,2.0,2.0,1418.0,10716.0,1960.0,4.0,6,1,1,Active,1,201.0,,,"{'value': 125697418, 'level': 1}",1661756400000.0,False,False,False,False,False,,158,64,False,/OH/Cincinnati/3258-Lillwood-Ln-45251/home/100999619,2025-07-26T15:01:18.832421,active,94966.66666666667,142450.0,472.6666666666667,1.5,64.0,Moderate,Medium
100946265,205634266,1848987,1636 Beacon St,Cincinnati,OH,45230,,,Mt. Washington,275000,3.0,1.0,1.0,1334.0,7971.0,1926.0,2.0,6,1,1,Active,1,206.0,,,"{'value': 125697529, 'level': 1}",1607068800000.0,False,False,False,False,False,,158,64,False,/OH/Cincinnati/1636-Beacon-St-45230/home/100946265,2025-07-26T15:01:18.832427,active,91666.66666666667,275000.0,444.6666666666667,3.0,98.0,Moderate,Medium
76133976,205635901,1849165,3355 Hewitt Crescent St,Cincinnati,OH,45207,,,Evanston,289900,3.0,2.0,2.0,1504.0,4443.0,1925.0,2.0,6,1,1,Active,1,193.0,,,"{'value': 125697537, 'level': 1}",1629442800000.0,False,False,False,False,False,,158,64,False,/OH/Cincinnati/3355-Hewitt-Crescent-St-45207/home/76133976,2025-07-26T15:01:18.832434,active,96633.33333333333,144950.0,501.3333333333333,1.5,99.0,Moderate,Medium
101039510,205649103,1849034,9004 Winthrop Dr,Montgomery,OH,45249,,,Montgomery,650000,4.0,2.5,2.0,2766.0,25918.0,1979.0,2.0,6,1,1,Active,1,235.0,4.0,,"{'value': 125697692, 'level': 1}",1207292400000.0,False,False,False,False,False,,158,64,False,/OH/Montgomery/9004-Winthrop-Dr-45249/home/101039510,2025-07-26T15:01:18.832440,active,162500.0,260000.0,691.5,1.6,45.0,Luxury,Very_Large
78787068,205637535,1849169,3769 Frances Ave,Cheviot,OH,45211,,,Cheviot,284900,4.0,1.5,1.0,2375.0,9235.0,1907.0,3.0,6,1,1,Active,1,120.0,,,"{'value': 125697725, 'level': 1}",1551859200000.0,False,False,False,False,False,,158,64,False,/OH/Cincinnati/3769-Frances-Ave-45211/home/78787068,2025-07-26T15:01:18.832446,active,71225.0,189933.33333333334,593.75,2.6666666666666665,117.0,Moderate,Large
100953817,205469761,1848326,4130 Thirty First Ave,Cincinnati,OH,45209,,,Oakley,374900,2.0,1.0,1.0,1378.0,5576.0,1915.0,2.0,6,1,1,Active,1,272.0,,,"{'value': 125697796, 'level': 1}",1680850800000.0,False,False,False,False,False,,158,64,False,/OH/Cincinnati/4130-31st-Ave-45209/home/100953817,2025-07-26T15:01:18.832451,active,187450.0,374900.0,689.0,2.0,109.0,Upper_Mid,Medium
78975599,205664496,1848897,1521 Blair Ave,Cincinnati,OH,45207,,,Evanston,437500,3.0,2.5,2.0,1479.0,7362.0,2021.0,2.0,6,1,1,Active,1,296.0,,,"{'value': 125697919, 'level': 1}",1679036400000.0,False,False,False,False,False,,158,64,False,/OH/Cincinnati/1521-Blair-Ave-45207/home/78975599,2025-07-26T15:01:18.832457,active,145833.33333333334,175000.0,493.0,1.2,3.0,Upper_Mid,Medium
78850348,205610456,1849064,3815 Drakewood Dr,Cincinnati,OH,45209,,,Oakley,739000,3.0,3.0,3.0,2442.0,8843.0,1936.0,2.0,6,1,1,Active,1,303.0,,,"{'value': 125698039, 'level': 1}",1601362800000.0,False,True,True,False,False,,158,64,False,/OH/Cincinnati/3815-Drakewood-Dr-45209/home/78850348,2025-07-26T15:01:18.832463,active,246333.33333333334,246333.33333333334,814.0,1.0,88.0,Luxury,Large
101004702,205610145,1849033,6841 Fox Hill Ln,Madeira,OH,45236,,,Madeira,950000,5.0,3.5,3.0,4483.0,26397.0,1987.0,2.0,6,1,1,Active,1,212.0,8.0,,"{'value': 125698103, 'level': 1}",810370800000.0,False,True,False,False,False,,158,64,False,/OH/Cincinnati/6841-Fox-Hill-Ln-45236/home/101004702,2025-07-26T15:01:18.832471,active,190000.0,271428.5714285714,896.6,1.4285714285714286,37.0,Ultra_Luxury,Mansion
78927820,205696547,1849373,813 Wm H Taft Rd,Cincinnati,OH,45206,,,Walnut Hills,275000,3.0,2.0,2.0,1178.0,2352.0,2002.0,3.0,6,1,1,Active,1,233.0,,,"{'value': 134944071, 'level': 1}",1684825200000.0,False,False,False,False,False,,158,64,False,/OH/Cincinnati/813-William-Howard-Taft-Rd-45206/home/78927820,2025-07-26T15:01:18.832477,active,91666.66666666667,137500.0,392.6666666666667,1.5,22.0,Moderate,Small
78938532,205696442,1849368,3014 Wheatfield Dr,Colerain Twp,OH,45251,,,Colerain Twp.East,150000,3.0,1.0,1.0,864.0,8973.0,1961.0,1.0,6,1,1,Active,1,174.0,,,"{'value': 135304905, 'level': 1}",1388131200000.0,False,False,False,False,False,,158,64,False,/OH/Cincinnati/3014-Wheatfield-Dr-45251/home/78938532,2025-07-26T15:01:18.832483,active,50000.0,150000.0,288.0,3.0,63.0,Budget,Small
76104253,205694203,1849360,7098 Sheed Rd,Colerain Twp,OH,45247,,,Colerain Twp.West,169900,5.0,2.0,2.0,2016.0,21127.0,1962.0,2.0,6,1,1,Active,1,84.0,,,"{'value': 140567822, 'level': 1}",525682800000.0,False,False,False,False,False,,158,64,False,/OH/Cincinnati/7098-Sheed-Rd-45247/home/76104253,2025-07-26T15:01:18.832489,active,33980.0,84950.0,403.2,2.5,62.0,Moderate,Large
78806627,205690363,1849180,6787 Rose Crest Ave,Madeira,OH,45243,,,Madeira,375000,3.0,1.0,1.0,1306.0,13373.0,1940.0,2.0,6,1,1,Active,1,287.0,,,"{'value': 147526053, 'level': 1}",1561100400000.0,False,False,False,False,False,,158,64,False,/OH/Cincinnati/6787-Rose-Crest-Ave-45243/home/78806627,2025-07-26T15:01:18.832495,active,125000.0,375000.0,435.3333333333333,3.0,84.0,Upper_Mid,Medium
76080094,205687433,1849270,6580 Springdale Rd,Colerain Twp,OH,45247,,,Colerain Twp.West,425000,3.0,3.0,3.0,3064.0,81457.0,1983.0,1.0,6,1,1,Active,1,139.0,,,"{'value': 151360065, 'level': 1}",1565593200000.0,False,False,False,False,False,,158,64,False,/OH/Cincinnati/6580-Springdale-Rd-45247/home/76080094,2025-07-26T15:01:18.832501,active,141666.66666666666,141666.66666666666,1021.3333333333334,1.0,41.0,Upper_Mid,Very_Large
76141772,205685728,1847248,3024 Hull Ave,Cincinnati,OH,45211,,,Westwood,189900,2.0,1.0,1.0,1129.0,6229.0,1916.0,2.0,6,1,1,Active,1,168.0,,,"{'value': 153253483, 'level': 1}",1645776000000.0,False,False,False,False,False,,158,64,False,/OH/Cincinnati/3024-Hull-Ave-45211/home/76141772,2025-07-26T15:01:18.832507,active,94950.0,189900.0,564.5,2.0,108.0,Moderate,Small
78876085,205684894,1849342,6303 Montgomery Rd,Cincinnati,OH,45213,,,Pleasant Ridge,499000,3.0,2.5,2.0,2204.0,11500.0,1922.0,2.0,6,1,1,Active,1,226.0,,,"{'value': 154244095, 'level': 1}",1707984000000.0,False,False,False,False,False,,158,64,False,/OH/Cincinnati/6303-Montgomery-Rd-45213/home/78876085,2025-07-26T15:01:18.832513,active,166333.33333333334,199600.0,734.6666666666666,1.2,102.0,Upper_Mid,Large
76097747,205682512,1849172,1943 Northcut Ave,Cincinnati,OH,45237,,,City,130000,1.0,1.0,1.0,768.0,5881.0,1926.0,1.0,6,1,1,Active,1,169.0,,,"{'value': 156623637, 'level': 1}",676191600000.0,False,False,False,False,False,,158,64,False,/OH/Cincinnati/1943-Northcut-Ave-45237/home/76097747,2025-07-26T15:01:18.832518,active,130000.0,130000.0,768.0,1.0,98.0,Budget,Small
76149503,205681553,1849326,3273 Lapland Dr,Colerain Twp,OH,45239,,,Colerain Twp.East,168900,3.0,1.0,1.0,918.0,9235.0,1953.0,1.0,6,1,1,Active,1,184.0,,,"{'value': 157733166, 'level': 1}",1471590000000.0,False,False,False,False,False,,158,64,False,/OH/Cincinnati/3273-Lapland-Dr-45239/home/76149503,2025-07-26T15:01:18.832524,active,56300.0,168900.0,306.0,3.0,71.0,Moderate,Small
101050601,205680687,1849311,310 Elm St,Reading,OH,45215,,,Reading,150000,1.0,1.5,1.0,516.0,2526.0,1951.0,1.0,6,1,1,Active,1,291.0,,,"{'value': 158342905, 'level': 1}",915523200000.0,False,False,False,False,False,,158,64,False,/OH/Reading/310-Elm-St-45215/home/101050601,2025-07-26T15:01:18.832530,active,150000.0,100000.0,516.0,0.6666666666666666,73.0,Budget,Small
100998922,205680321,1849297,8773 Carrousel Park Cir #154,Colerain Twp,OH,45251,,,Colerain Twp.West,180000,2.0,2.0,2.0,1208.0,,1998.0,1.0,3,2,1,Active,1,149.0,285.0,,"{'value': 158810521, 'level': 1}",,False,False,False,False,False,,158,64,False,/OH/Cincinnati/8773-Carrousel-Park-Cir-45251/unit-154/home/100998922,2025-07-26T15:01:18.832536,active,90000.0,90000.0,604.0,1.0,26.0,Moderate,Medium
78899108,205679725,1849316,1963 W North Bend Rd,Cincinnati,OH,45224,,,College Hill,139900,4.0,1.0,1.0,1513.0,7579.0,1948.0,,6,1,1,Active,1,92.0,,,"{'value': 159415772, 'level': 1}",1532588400000.0,False,False,False,False,False,,158,64,False,/OH/Cincinnati/1963-W-North-Bend-Rd-45224/home/78899108,2025-07-26T15:01:18.832542,active,34975.0,139900.0,378.25,4.0,76.0,Budget,Medium
184892511,205678705,1849308,9763 Bunker Hill Ln,Montgomery,OH,45242,,,Montgomery,260000,2.0,2.5,2.0,1305.0,658.0,1970.0,2.0,13,3,1,Active,1,199.0,317.0,,"{'value': 160183153, 'level': 1}",1593414000000.0,False,False,False,False,False,,158,64,False,/OH/Montgomery/9763-Bunker-Hill-Ln-45242/home/184892511,2025-07-26T15:01:18.832548,active,130000.0,104000.0,652.5,0.8,54.0,Moderate,Medium
179103119,205678702,1849137,1409 Race St,Cincinnati,OH,45202,,,City,1750000,4.0,4.0,3.0,4350.0,2483.0,2020.0,3.0,6,1,1,Active,1,402.0,,,"{'value': 160184259, 'level': 1}",,False,False,False,False,False,,158,64,False,/OH/Cincinnati/1409-Race-St-45202/home/179103119,2025-07-26T15:01:18.832553,active,437500.0,437500.0,1087.5,1.0,4.0,Ultra_Luxury,Mansion
100954776,205678508,1849038,2324 Madison Rd #1905,Cincinnati,OH,45208,,,Hyde Park,189500,1.0,1.0,1.0,891.0,335573.0,1963.0,1.0,3,2,1,Active,1,213.0,799.0,,"{'value': 160365966, 'level': 1}",1694156400000.0,False,False,False,False,False,,158,64,False,/OH/Cincinnati/2324-Madison-Rd-45208/unit-1905/home/100954776,2025-07-26T15:01:18.832559,active,189500.0,189500.0,891.0,1.0,61.0,Moderate,Small
78764016,205675168,1848460,1657 Hilltree Dr,Anderson Twp,OH,45255,,,Anderson Twp.,275000,3.0,2.5,2.0,1683.0,8059.0,1966.0,1.0,6,1,1,Active,1,163.0,,,"{'value': 163971885, 'level': 1}",1528441200000.0,False,False,False,False,False,,158,64,False,/OH/Cincinnati/1657-Hilltree-Dr-45255/home/78764016,2025-07-26T15:01:18.832565,active,91666.66666666667,110000.0,561.0,1.2,58.0,Moderate,Medium
100955456,205674480,1849195,3520 Trimble Ave,Cincinnati,OH,45207,,,Evanston,345000,5.0,1.5,1.0,2331.0,7318.0,1926.0,,6,1,1,Active,1,148.0,,,"{'value': 164814396, 'level': 1}",1733299200000.0,False,False,False,False,False,,158,64,False,/OH/Cincinnati/3520-Trimble-Ave-45207/home/100955456,2025-07-26T15:01:18.832594,active,69000.0,230000.0,466.2,3.3333333333333335,98.0,Upper_Mid,Large
78781837,205673783,1849289,9123 E Kemper Rd,Montgomery,OH,45249,,,Montgomery,1290000,5.0,4.0,3.0,7773.0,28013.0,1995.0,2.0,6,1,1,Active,1,166.0,,,"{'value': 165401569, 'level': 1}",1597042800000.0,False,False,False,False,False,,158,64,False,/OH/Montgomery/9123-E-Kemper-Rd-45249/home/78781837,2025-07-26T15:01:18.832605,active,258000.0,322500.0,1554.6,1.25,29.0,Ultra_Luxury,Mansion
76125603,205672981,1848081,807 Nordyke Rd,Anderson Twp,OH,45255,,,Anderson Twp.,550000,5.0,3.0,3.0,1817.0,37026.0,1985.0,,6,1,1,Active,1,303.0,,,"{'value': 166264232, 'level': 1}",1493362800000.0,False,False,False,False,False,,158,64,False,/OH/Cincinnati/807-Nordyke-Rd-45255/home/76125603,2025-07-26T15:01:18.832617,active,110000.0,183333.33333333334,363.4,1.6666666666666667,39.0,Luxury,Large
78827084,205672558,1849273,5568 Hickory Ridge Ln,Green Twp,OH,45239,,,Monfort Hts.,239900,3.0,1.5,1.0,1036.0,8538.0,1954.0,1.0,6,1,1,Active,1,232.0,,,"{'value': 166620390, 'level': 1}",1386748800000.0,False,False,False,False,False,,158,64,False,/OH/Cincinnati/5568-Hickory-Ridge-Ln-45239/home/78827084,2025-07-26T15:01:18.832629,active,79966.66666666667,159933.33333333334,345.3333333333333,2.0,70.0,Moderate,Small
76126082,205671565,1846167,1676 Laval Dr,Anderson Twp,OH,45255,,,Anderson Twp.,325000,4.0,2.5,2.0,1813.0,7797.0,1970.0,2.0,6,1,1,Active,1,179.0,,,"{'value': 167677387, 'level': 1}",,False,False,False,False,False,,158,64,False,/OH/Cincinnati/1676-Laval-Dr-45255/home/76126082,2025-07-26T15:01:18.832637,active,81250.0,130000.0,453.25,1.6,54.0,Upper_Mid,Large
100973094,205669425,1847224,1142 Nancy Lee Ln,Cincinnati,OH,45238,,,Price Hill,164900,4.0,1.0,1.0,1432.0,6752.0,1950.0,2.0,6,1,1,Active,1,115.0,,,"{'value': 169845200, 'level': 1}",786009600000.0,False,False,False,False,False,,158,64,False,/OH/Cincinnati/1142-Nancy-Lee-Ln-45238/home/100973094,2025-07-26T15:01:18.832645,active,41225.0,164900.0,358.0,4.0,74.0,Moderate,Medium
76141295,205668762,1849267,3413 Fyffe Ave,Cincinnati,OH,45211,,,Westwood,124900,2.0,2.0,2.0,1792.0,53535.0,1899.0,2.0,6,1,1,Active,1,70.0,,,"{'value': 170445833, 'level': 1}",531129600000.0,False,False,False,False,False,,158,64,False,/OH/Cincinnati/3413-Fyffe-Ave-45211/home/76141295,2025-07-26T15:01:18.832651,active,62450.0,62450.0,896.0,1.0,125.0,Budget,Medium
78767694,205666690,1849262,5077 Pebblevalley Dr,Colerain Twp,OH,45252,,,Colerain Twp.West,550000,4.0,2.5,2.0,2502.0,25875.0,1986.0,,6,1,1,Active,1,220.0,,,"{'value': 172599725, 'level': 1}",1652079600000.0,False,False,False,False,False,,158,64,False,/OH/Cincinnati/5077-Pebblevalley-Dr-45252/home/78767694,2025-07-26T15:01:18.832660,active,137500.0,220000.0,625.5,1.6,38.0,Luxury,Very_Large
78849626,205666120,1848884,2840 Minot Ave,Cincinnati,OH,45206,,,Oakley,399000,2.0,1.5,1.0,1096.0,3311.0,1912.0,2.0,6,1,1,Active,1,364.0,,,"{'value': 173450088, 'level': 1}",1688108400000.0,False,False,False,False,False,,158,64,False,/OH/Cincinnati/2840-Minot-Ave-45209/home/78849626,2025-07-26T15:01:18.832667,active,199500.0,266000.0,548.0,1.3333333333333333,112.0,Upper_Mid,Small
78973605,205665826,1848914,5845 Shadymist Ln,Cincinnati,OH,45239,,,Mt. Airy,360000,9.0,4.0,4.0,,9409.0,1960.0,2.0,4,4,1,Active,1,,,,"{'value': 173925272, 'level': 1}",1646121600000.0,False,False,False,False,False,,158,64,False,/OH/Cincinnati/5845-Shadymist-Ln-45239/home/78973605,2025-07-26T15:01:18.832675,active,40000.0,90000.0,,2.25,64.0,Upper_Mid,
78971702,205665717,1848962,6317 Girard Ave,Cincinnati,OH,45213,,,Pleasant Ridge,439500,4.0,4.0,4.0,,5097.0,1946.0,2.0,4,4,1,Active,1,,,,"{'value': 174049005, 'level': 1}",1380265200000.0,False,False,False,False,False,,158,64,False,/OH/Cincinnati/6317-Girard-Ave-45213/home/78971702,2025-07-26T15:01:18.832682,active,109875.0,109875.0,,1.0,78.0,Upper_Mid,
78899312,205665456,1849257,1758 Tuxworth Ave,Cincinnati,OH,45238,,,Covedale,124900,3.0,1.0,1.0,1319.0,5881.0,1955.0,1.0,6,1,1,Active,1,95.0,,,"{'value': 174456487, 'level': 1}",1532588400000.0,False,False,False,False,False,,158,64,False,/OH/Cincinnati/1758-Tuxworth-Ave-45238/home/78899312,2025-07-26T15:01:18.832690,active,41633.333333333336,124900.0,439.6666666666667,3.0,69.0,Budget,Medium
71400599,205663847,1848589,3430 Legendary Trails Dr,Pierce Twp,OH,45245,,,Pierce Twp.,1100000,5.0,4.5,4.0,3837.0,90648.0,2001.0,2.0,6,1,1,Active,1,287.0,108.0,,"{'value': 176211172, 'level': 1}",1072771200000.0,False,True,False,False,False,,158,64,False,/OH/Cincinnati/3430-Legendary-Trails-Dr-45245/home/71400599,2025-07-26T15:01:18.832697,active,220000.0,244444.44444444444,767.4,1.1111111111111112,23.0,Ultra_Luxury,Mansion
101027804,205663771,1849125,9696 Wymart Ave,Springfield Twp.,OH,45231,,,Springfield Twp.,259900,3.0,2.5,2.0,1554.0,12240.0,1962.0,1.0,6,1,1,Active,1,167.0,,,"{'value': 176335945, 'level': 1}",1749625200000.0,False,False,False,False,False,,158,64,False,/OH/Cincinnati/9696-Wymart-Ave-45231/home/101027804,2025-07-26T15:01:18.832705,active,86633.33333333333,103960.0,518.0,1.2,62.0,Moderate,Medium
78922096,205663477,1848543,2324 Madison Rd #1208,Cincinnati,OH,45208,,,Hyde Park,299900,3.0,2.0,2.0,1624.0,335573.0,1963.0,1.0,3,2,1,Active,1,185.0,1472.0,,"{'value': 176813667, 'level': 1}",1573718400000.0,False,False,False,False,False,,158,64,False,/OH/Cincinnati/2324-Madison-Rd-45208/unit-1208/home/78922096,2025-07-26T15:01:18.832712,active,99966.66666666667,149950.0,541.3333333333334,1.5,61.0,Moderate,Medium
78973769,205663475,1849073,694 Gholson Ave,Cincinnati,OH,45229,,,Avondale,1105000,17.0,,,,,1966.0,3.0,5,4,1,Active,1,,,,"{'value': 176813758, 'level': 1}",1642924800000.0,False,False,False,False,False,,158,64,False,/OH/Cincinnati/694-Gholson-Ave-45229/home/78973769,2025-07-26T15:01:18.832719,active,65000.0,,,,58.0,Ultra_Luxury,
76097688,205663145,1849239,6460 Mchugh Pl,Cincinnati,OH,45213,,,Kennedy Hts.,275000,2.0,2.0,2.0,1236.0,7884.0,1925.0,2.0,6,1,1,Active,1,222.0,,,"{'value': 177419774, 'level': 1}",1710486000000.0,False,False,False,False,False,,158,64,False,/OH/Cincinnati/6460-McHugh-Pl-45213/home/76097688,2025-07-26T15:01:18.832726,active,137500.0,137500.0,618.0,1.0,99.0,Moderate,Medium
63718687,205662873,1849238,815 Pedretti Ave,Cincinnati,OH,45238,,,Price Hill,129900,3.0,1.0,1.0,1281.0,3964.0,1911.0,3.0,6,1,1,Active,1,101.0,,,"{'value': 177891524, 'level': 1}",1443164400000.0,False,False,False,False,False,,158,64,False,/OH/Cincinnati/815-Pedretti-Ave-45238/home/63718687,2025-07-26T15:01:18.832733,active,43300.0,129900.0,427.0,3.0,113.0,Budget,Medium
185719985,205661433,1849117,685 Bridle Path,Springfield Twp.,OH,45231,,,Finneytown,269500,2.0,2.5,2.0,1753.0,80978.0,1999.0,1.0,13,3,1,Active,1,154.0,363.0,,"{'value': 181115384, 'level': 1}",,False,False,False,False,False,,158,64,False,/OH/Cincinnati/685-Bridle-Path-45231/home/185719985,2025-07-26T15:01:18.832739,active,134750.0,107800.0,876.5,0.8,25.0,Moderate,Medium
79916402,205661332,1848970,3318 Kleeman Rd,Green Twp,OH,45211,,,Green Twp.,320000,3.0,2.5,2.0,2304.0,22738.0,1938.0,2.0,6,1,1,Active,1,139.0,,,"{'value': 181376742, 'level': 1}",1634281200000.0,False,False,False,False,False,,158,64,False,/OH/Cincinnati/3318-Kleeman-Rd-45211/home/79916402,2025-07-26T15:01:18.832745,active,106666.66666666667,128000.0,768.0,1.2,86.0,Upper_Mid,Large
76101685,205627677,1848810,1629 Cohasset Dr,Anderson Twp,OH,45255,,,Anderson Twp.,289900,3.0,3.5,3.0,2520.0,,1973.0,2.0,13,3,1,Active,1,115.0,508.0,,"{'value': 212186289, 'level': 1}",1641542400000.0,False,False,False,False,False,,158,64,False,/OH/Cincinnati/1629-Cohasset-Dr-45255/home/76101685,2025-07-26T15:01:18.832751,active,96633.33333333333,82828.57142857143,840.0,0.8571428571428571,51.0,Moderate,Very_Large
100975757,205609703,1849022,4571 Janet St,Cincinnati,OH,45223,,,Northside,395000,4.0,2.0,2.0,1673.0,24829.0,1931.0,2.0,6,1,1,Active,1,236.0,,,"{'value': 212187413, 'level': 1}",1487750400000.0,False,False,False,False,False,,158,64,False,/OH/Cincinnati/4571-Janet-St-45223/home/100975757,2025-07-26T15:01:18.832757,active,98750.0,197500.0,418.25,2.0,93.0,Upper_Mid,Medium
100938503,205574649,1848847,3673 Willowlea Ct Unit A,Cincinnati,OH,45208,,,Hyde Park,270000,2.0,1.0,1.0,862.0,197671.0,1963.0,1.0,3,2,1,Active,1,313.0,215.0,,"{'value': 212187609, 'level': 1}",1705046400000.0,False,False,False,False,False,,158,64,False,/OH/Cincinnati/3673-Willowlea-Ct-45208/unit-A/home/100938503,2025-07-26T15:01:18.832762,active,135000.0,270000.0,431.0,2.0,61.0,Moderate,Small
101011758,205623261,1847436,839 Martini Rd,Delhi Twp,OH,45233,,,Delhi Twp.,549000,3.0,3.5,3.0,4089.0,34500.0,1995.0,1.0,6,1,1,Active,1,134.0,,,"{'value': 212188027, 'level': 1}",1639123200000.0,False,False,False,False,False,,158,64,False,/OH/Cincinnati/839-Martini-Rd-45233/home/101011758,2025-07-26T15:01:18.832770,active,183000.0,156857.14285714287,1363.0,0.8571428571428571,29.0,Luxury,Mansion
100939149,205624040,1849083,10555 Montgomery Rd #56,Montgomery,OH,45242,,,Montgomery,299000,2.0,2.0,2.0,1649.0,652564.0,1989.0,2.0,13,3,1,Active,1,181.0,447.0,,"{'value': 212188095, 'level': 1}",1566370800000.0,False,False,False,False,False,,158,64,False,/OH/Montgomery/10555-Montgomery-Rd-45242/unit-56/home/100939149,2025-07-26T15:01:18.832775,active,149500.0,149500.0,824.5,1.0,35.0,Moderate,Medium
101004122,205397616,1844686,7506 S Mingo Ln,Madeira,OH,45243,,,Madeira,675000,4.0,3.0,3.0,2022.0,13024.0,1955.0,1.0,6,1,1,Active,1,334.0,,,"{'value': 212188327, 'level': 1}",1559718000000.0,False,False,False,False,False,,158,64,False,/OH/Cincinnati/7506-S-Mingo-Ln-45243/home/101004122,2025-07-26T15:01:18.832782,active,168750.0,225000.0,505.5,1.3333333333333333,69.0,Luxury,Large
78742825,205599631,1848882,9899 Mistymorn Ln,Symmes Twp,OH,45242,,,Symmes Twp.,1390000,5.0,5.0,4.0,3551.0,40075.0,1994.0,2.0,6,1,1,Active,1,391.0,38.0,,"{'value': 212189050, 'level': 1}",1680505200000.0,False,False,False,False,False,,158,64,False,/OH/Cincinnati/9899-Mistymorn-Ln-45242/home/78742825,2025-07-26T15:01:18.832788,active,278000.0,278000.0,710.2,1.0,30.0,Ultra_Luxury,Mansion
76133054,205604479,1848857,5372 Laured Pl,Green Twp,OH,45238,,,Green Twp.,249900,2.0,2.0,2.0,1208.0,11238.0,1957.0,1.0,6,1,1,Active,1,207.0,,,"{'value': 212189316, 'level': 1}",,False,False,False,False,False,,158,64,False,/OH/Cincinnati/5372-Laured-Pl-45238/home/76133054,2025-07-26T15:01:18.832793,active,124950.0,124950.0,604.0,1.0,67.0,Moderate,Medium
78782164,205560751,1848785,67 Forest Ave,Wyoming,OH,45215,,,Wyoming,465000,3.0,3.0,2.0,1920.0,,1936.0,2.0,6,1,1,Active,1,242.0,,,"{'value': 212189655, 'level': 1}",1085727600000.0,False,False,False,False,False,,158,64,True,/OH/Wyoming/67-Forest-Ave-45215/home/78782164,2025-07-26T15:01:18.832800,active,155000.0,155000.0,640.0,1.0,88.0,Upper_Mid,Large
76160912,205630656,1848741,12044 Hazelhurst Dr,Springfield Twp.,OH,45240,,,Springdale,270000,4.0,2.0,2.0,1638.0,11238.0,1977.0,,6,1,1,Active,1,165.0,,,"{'value': 212189725, 'level': 1}",1747638000000.0,False,False,False,False,False,,158,64,False,/OH/Cincinnati/12044-Hazelhurst-Dr-45240/home/76160912,2025-07-26T15:01:18.832805,active,67500.0,135000.0,409.5,2.0,47.0,Moderate,Medium
100685720,205483384,1848524,8207 Brownstone Dr,West Chester,OH,45241,,,East West Chester,455000,4.0,3.5,3.0,2453.0,22399.0,1987.0,2.0,6,1,1,Active,1,185.0,,,"{'value': 212191393, 'level': 1}",1028098800000.0,False,False,False,False,False,,158,64,False,/OH/West-Chester/8207-Brownstone-Dr-45241/home/100685720,2025-07-26T15:01:18.832810,active,113750.0,130000.0,613.25,1.1428571428571428,37.0,Upper_Mid,Large
78965677,205652801,1849220,412 Liberty Hl Unit 4D,Cincinnati,OH,45202,,,Mt. Auburn,399000,3.0,2.0,2.0,1700.0,20547.0,1867.0,2.0,3,2,1,Active,1,235.0,738.0,,"{'value': 222896873, 'level': 1}",1408431600000.0,False,False,False,False,False,,158,64,False,/OH/Cincinnati/412-Liberty-Hl-45202/unit-4D/home/78965677,2025-07-26T15:01:18.832816,active,133000.0,199500.0,566.6666666666666,1.5,157.0,Upper_Mid,Medium
100981816,205651549,1848609,3285 Renfro Ave,Cincinnati,OH,45211,,,Westwood,309000,3.0,2.5,2.0,2386.0,6665.0,1934.0,2.0,6,1,1,Active,1,130.0,,,"{'value': 226382557, 'level': 1}",1646294400000.0,False,True,False,False,False,,158,64,False,/OH/Cincinnati/3285-Renfro-Ave-45211/home/100981816,2025-07-26T15:01:18.832822,active,103000.0,123600.0,795.3333333333334,1.2,90.0,Upper_Mid,Large
78757368,205650807,1849076,10908 Tangleberry Ct,Springfield Twp.,OH,45240,,,Springfield Twp.,175000,3.0,1.0,1.0,1073.0,8233.0,1964.0,1.0,6,1,1,Active,1,163.0,,,"{'value': 228511659, 'level': 1}",1585551600000.0,False,False,False,False,False,,158,64,False,/OH/Cincinnati/10908-Tangleberry-Ct-45240/home/78757368,2025-07-26T15:01:18.832828,active,58333.333333333336,175000.0,357.6666666666667,3.0,60.0,Moderate,Small
195933984,205650333,1849210,817 Hawthorne Ave Unit A,Cincinnati,OH,45205,,,Price Hill,259900,2.0,2.0,2.0,,,1915.0,1.0,3,2,1,Active,1,,221.0,,"{'value': 229490086, 'level': 1}",,False,False,False,False,False,,158,64,False,/OH/Cincinnati/817-Hawthorne-Ave-45205/unit-A/home/195933984,2025-07-26T15:01:18.832834,active,129950.0,129950.0,,1.0,109.0,Moderate,
76132263,205645492,1849198,5409 Whetsel Ave,Cincinnati,OH,45227,,,Madisonville,182000,3.0,1.5,1.0,1334.0,6926.0,1905.0,2.0,6,1,1,Active,1,136.0,,,"{'value': 237032494, 'level': 1}",761904000000.0,False,False,False,False,False,,158,64,True,/OH/Cincinnati/5409-Whetsel-Ave-45227/home/76132263,2025-07-26T15:01:18.832840,active,60666.666666666664,121333.33333333333,444.6666666666667,2.0,119.0,Moderate,Medium
78791976,205643957,1849187,3820 S Jefferson Ave,Norwood,OH,45212,,,Norwood,159900,2.0,1.0,1.0,1156.0,,,2.0,6,1,1,Active,1,138.0,,,"{'value': 239180312, 'level': 1}",1069660800000.0,False,False,False,False,False,,158,64,False,/OH/Cincinnati/3820-S-Jefferson-Ave-45212/home/78791976,2025-07-26T15:01:18.832846,active,79950.0,159900.0,578.0,2.0,,Moderate,Small
100981917,205642437,1849194,3537 Daytona Ave,Cincinnati,OH,45211,,,Westwood,220000,4.0,1.0,1.0,1504.0,5968.0,1927.0,3.0,6,1,1,Active,1,146.0,,,"{'value': 241255434, 'level': 1}",1617260400000.0,False,False,False,False,False,,158,64,False,/OH/Cincinnati/3537-Daytona-Ave-45211/home/100981917,2025-07-26T15:01:18.832851,active,55000.0,220000.0,376.0,4.0,97.0,Moderate,Medium
63724813,205641336,1849173,5567 North Glen Rd,Green Twp,OH,45248,,,Bridgetown,274900,3.0,2.0,2.0,1336.0,9888.0,1955.0,4.0,6,1,1,Active,1,206.0,,,"{'value': 242565962, 'level': 1}",1468911600000.0,False,False,False,False,False,,158,64,False,/OH/Cincinnati/5567-N-Glen-Rd-45248/home/63724813,2025-07-26T15:01:18.832857,active,91633.33333333333,137450.0,445.3333333333333,1.5,69.0,Moderate,Medium
78986588,205641335,1849027,11566 Rose Ln,Springdale,OH,45246,,,Springdale,269500,3.0,2.0,2.0,1337.0,9496.0,1996.0,1.0,6,1,1,Active,1,202.0,,,"{'value': 242566050, 'level': 1}",862988400000.0,False,False,False,False,False,,158,64,False,/OH/Cincinnati/11566-Rose-Ln-45246/home/78986588,2025-07-26T15:01:18.832863,active,89833.33333333333,134750.0,445.6666666666667,1.5,28.0,Moderate,Medium
100966707,205635736,1849161,448 Dayton St,Cincinnati,OH,45214,,,City,115000,2.0,2.0,2.0,960.0,1220.0,1865.0,3.0,6,1,1,Active,1,120.0,,,"{'value': 249418833, 'level': 1}",,False,False,False,False,False,,158,64,False,/OH/Cincinnati/448-Dayton-St-45214/home/100966707,2025-07-26T15:01:18.832868,active,57500.0,57500.0,480.0,1.0,159.0,Budget,Small
78837311,205633296,1849143,1435 Laidlaw Ave,Cincinnati,OH,45237,,,Bond Hill,139900,3.0,2.0,2.0,,3615.0,1880.0,2.0,6,1,1,Active,1,,,,"{'value': 252424726, 'level': 1}",1546243200000.0,False,False,False,False,False,,158,64,False,/OH/Cincinnati/1435-Laidlaw-Ave-45237/home/78837311,2025-07-26T15:01:18.832874,active,46633.333333333336,69950.0,,1.5,144.0,Budget,
185479958,205631860,1848821,540 Tusculum Ave,Cincinnati,OH,45226,,,Columbia/Tusculum,234900,2.0,1.5,1.0,1056.0,,1980.0,2.0,3,2,1,Active,1,222.0,314.0,,"{'value': 254337448, 'level': 1}",1549008000000.0,False,False,False,False,False,,158,64,False,/OH/Cincinnati/540-Tusculum-Ave-45226/home/185479958,2025-07-26T15:01:18.832881,active,117450.0,156600.0,528.0,1.3333333333333333,44.0,Moderate,Small
100985320,205630903,1848931,5937 Oakwood Ave,Cincinnati,OH,45224,,,College Hill,450000,8.0,4.0,4.0,,6229.0,1951.0,2.0,4,4,1,Active,1,,,,"{'value': 255411971, 'level': 1}",831106800000.0,False,False,False,False,False,,158,64,False,/OH/Cincinnati/5937-Oakwood-Ave-45224/home/100985320,2025-07-26T15:01:18.832887,active,56250.0,112500.0,,2.0,73.0,Upper_Mid,
101011062,205630660,1849111,760 Stonebridge Dr,Delhi Twp,OH,45233,,,Delhi Twp.,975000,5.0,4.5,4.0,6698.0,107419.0,1986.0,2.0,6,1,1,Active,1,146.0,4.0,,"{'value': 255773924, 'level': 1}",1663570800000.0,False,False,False,False,False,,158,64,False,/OH/Cincinnati/760-Stonebridge-Dr-45233/home/101011062,2025-07-26T15:01:18.832893,active,195000.0,216666.66666666666,1339.6,1.1111111111111112,38.0,Ultra_Luxury,Mansion
101014379,205630437,1849142,5251 West Fork Rd,Green Twp,OH,45247,,,Green Twp.,625000,3.0,2.5,2.0,4102.0,23392.0,2000.0,1.0,6,1,1,Active,1,152.0,,,"{'value': 256130323, 'level': 1}",697795200000.0,False,False,False,False,False,,158,64,False,/OH/Cincinnati/5251-W-Fork-Rd-45247/home/101014379,2025-07-26T15:01:18.832898,active,208333.33333333334,250000.0,1367.3333333333333,1.2,24.0,Luxury,Mansion
100960235,205628590,1849054,2724 Wagner St,Cincinnati,OH,45225,,,Clifton,199900,3.0,2.0,2.0,1344.0,,1900.0,2.0,6,1,1,Active,1,149.0,,,"{'value': 258541955, 'level': 1}",991810800000.0,False,False,False,False,False,,158,64,False,/OH/Cincinnati/2724-Wagner-St-45225/home/100960235,2025-07-26T15:01:18.832905,active,66633.33333333333,99950.0,448.0,1.5,124.0,Moderate,Medium
78925038,205627719,1849129,5816 Kennedy Ave,Cincinnati,OH,45213,,,Kennedy Hts.,150000,2.0,1.0,1.0,864.0,7231.0,1949.0,1.0,6,1,1,Active,1,174.0,,,"{'value': 259857678, 'level': 1}",1368169200000.0,False,False,False,False,False,,158,64,False,/OH/Cincinnati/5816-Kennedy-Ave-45213/home/78925038,2025-07-26T15:01:18.832910,active,75000.0,150000.0,432.0,2.0,75.0,Budget,Small
63720233,205626221,1849123,3414 Bevis Ave,Cincinnati,OH,45207,,,Evanston,374500,4.0,2.5,2.0,2270.0,6970.0,1922.0,,6,1,1,Active,1,165.0,,,"{'value': 262376933, 'level': 1}",1715065200000.0,False,False,False,False,False,,158,64,False,/OH/Cincinnati/3414-Bevis-Ave-45207/home/63720233,2025-07-26T15:01:18.832916,active,93625.0,149800.0,567.5,1.6,102.0,Upper_Mid,Large
101031403,205625967,1849119,254 Compton Rd,Wyoming,OH,45215,,,Wyoming,695000,4.0,4.0,3.0,3540.0,31842.0,1976.0,2.0,6,1,1,Active,1,196.0,,,"{'value': 262851842, 'level': 1}",1161327600000.0,False,False,False,False,False,,158,64,False,/OH/Cincinnati/254-Compton-Rd-45215/home/101031403,2025-07-26T15:01:18.832921,active,173750.0,173750.0,885.0,1.0,48.0,Luxury,Mansion
100966368,205625837,1849118,6218 Coleridge Ave,Cincinnati,OH,45213,,,Kennedy Hts.,346500,3.0,2.0,2.0,1744.0,,1907.0,2.0,6,1,1,Active,1,199.0,,,"{'value': 263103200, 'level': 1}",1719212400000.0,False,False,False,False,False,,158,64,False,/OH/Cincinnati/6218-Coleridge-Ave-45213/home/100966368,2025-07-26T15:01:18.832927,active,115500.0,173250.0,581.3333333333334,1.5,117.0,Upper_Mid,Medium
78904638,205625180,1849108,4826 Prosperity Pl,Cincinnati,OH,45238,,,Price Hill,144900,3.0,1.0,1.0,1160.0,10977.0,1924.0,2.0,6,1,1,Active,1,125.0,,,"{'value': 264055441, 'level': 1}",1351494000000.0,False,False,False,False,False,,158,64,False,/OH/Cincinnati/4826-Prosperity-Pl-45238/home/78904638,2025-07-26T15:01:18.832933,active,48300.0,144900.0,386.6666666666667,3.0,100.0,Budget,Small
100949668,205625178,1849114,6107 Clephane Ave,Cincinnati,OH,45227,,,Madisonville,432300,4.0,2.5,2.0,2032.0,5837.0,1900.0,3.0,6,1,1,Active,1,213.0,,,"{'value': 264056394, 'level': 1}",1720594800000.0,False,False,False,False,False,,158,64,False,/OH/Cincinnati/6107-Clephane-Ave-45227/home/100949668,2025-07-26T15:01:18.832938,active,108075.0,172920.0,508.0,1.6,124.0,Upper_Mid,Large
76138212,205624726,1849103,144 Whipple St,Cincinnati,OH,45233,,,Sayler Park,180000,2.0,1.0,1.0,988.0,25265.0,1929.0,1.0,6,1,1,Active,1,182.0,,,"{'value': 265125569, 'level': 1}",,False,False,False,False,False,,158,64,False,/OH/Cincinnati/144-Whipple-St-45233/home/76138212,2025-07-26T15:01:18.832944,active,90000.0,180000.0,494.0,2.0,95.0,Moderate,Small
78747228,205624464,1848039,2824 Crest Rd,Colerain Twp,OH,45251,,,Colerain Twp.West,319900,3.0,2.5,2.0,1610.0,9104.0,1990.0,2.0,6,1,1,Active,1,199.0,,,"{'value': 265732961, 'level': 1}",1501743600000.0,False,False,False,False,False,,158,64,False,/OH/Cincinnati/2824-Crest-Rd-45251/home/78747228,2025-07-26T15:01:18.832949,active,106633.33333333333,127960.0,536.6666666666666,1.2,34.0,Upper_Mid,Medium
71383205,205624329,1849048,5617 Regimental Pl,Cincinnati,OH,45239,,,Mt. Airy,214499,2.0,2.0,2.0,1153.0,1568.0,1991.0,2.0,13,3,1,Active,1,186.0,310.0,,"{'value': 266056565, 'level': 1}",1568358000000.0,False,False,False,False,False,,158,64,False,/OH/Cincinnati/5617-Regimental-Pl-45239/home/71383205,2025-07-26T15:01:18.832957,active,107249.5,107249.5,576.5,1.0,33.0,Moderate,Small
78805641,205572850,1848814,3115 Harvard Ave,Cincinnati,OH,45207,,,Evanston,275000,3.0,2.5,2.0,1637.0,2439.0,1900.0,3.0,6,1,1,Active,1,168.0,,,"{'value': 298589878, 'level': 1}",1736150400000.0,False,False,False,False,False,,158,64,False,/OH/Cincinnati/3115-Harvard-Ave-45207/home/78805641,2025-07-26T15:01:18.832964,active,91666.66666666667,110000.0,545.6666666666666,1.2,124.0,Moderate,Medium
76130314,205602494,1848582,8000 Graves Rd,Indian Hill,OH,45243,,,Indian Hill,2250000,6.0,6.0,4.0,8119.0,129722.0,1971.0,2.0,6,1,1,Active,1,277.0,,,"{'value': 298590166, 'level': 1}",1655362800000.0,False,False,False,False,False,,158,64,False,/OH/Cincinnati/8000-Graves-Rd-45243/home/76130314,2025-07-26T15:01:18.832970,active,375000.0,375000.0,1353.1666666666667,1.0,53.0,Ultra_Luxury,Mansion
78833433,205474128,1847906,2682 Grosvenor Dr,Colerain Twp,OH,45231,,,Colerain Twp.East,249900,3.0,2.5,2.0,1833.0,11674.0,1962.0,1.0,6,1,1,Active,1,136.0,,,"{'value': 298590348, 'level': 1}",1272610800000.0,False,False,False,False,False,,158,64,False,/OH/Cincinnati/2682-Grosvenor-Dr-45231/home/78833433,2025-07-26T15:01:18.832975,active,83300.0,99960.0,611.0,1.2,62.0,Moderate,Large
101039364,205446816,1848355,7640 Kennedy Ln,Montgomery,OH,45242,,,Montgomery,899000,5.0,3.5,3.0,2294.0,20299.0,1979.0,1.0,6,1,1,Active,1,392.0,,,"{'value': 298590612, 'level': 1}",1735891200000.0,False,False,False,False,False,,158,64,False,/OH/Cincinnati/7640-Kennedy-Ln-45242/home/101039364,2025-07-26T15:01:18.832981,active,179800.0,256857.14285714287,458.8,1.4285714285714286,45.0,Ultra_Luxury,Large
101042874,205507781,1847658,3662 Cooper Rd,Blue Ash,OH,45241,,,Blue Ash,1540000,5.0,5.5,5.0,7135.0,62378.0,2005.0,2.0,6,1,1,Active,1,216.0,,,"{'value': 298590623, 'level': 1}",1102579200000.0,False,True,False,False,False,,158,64,False,/OH/Blue-Ash/3662-Cooper-Rd-45241/home/101042874,2025-07-26T15:01:18.832987,active,308000.0,280000.0,1427.0,0.9090909090909091,19.0,Ultra_Luxury,Mansion
76130175,205568920,1848845,5156 Whitmore Dr,Delhi Twp,OH,45238,,,Delhi Twp.,300000,3.0,2.0,2.0,1726.0,12240.0,1976.0,,6,1,1,Active,1,174.0,,,"{'value': 298590658, 'level': 1}",,False,False,False,False,False,,158,64,False,/OH/Cincinnati/5156-Whitmore-Dr-45238/home/76130175,2025-07-26T15:01:18.832993,active,100000.0,150000.0,575.3333333333334,1.5,48.0,Moderate,Medium
78901055,205563686,1848801,5149 Breckenridge Dr,Green Twp,OH,45247,,,Bridgetown,499500,4.0,3.5,3.0,2102.0,14375.0,2001.0,2.0,6,1,1,Active,1,238.0,13.0,,"{'value': 298591170, 'level': 1}",1653462000000.0,False,False,False,False,False,,158,64,False,/OH/Cincinnati/5149-Breckenridge-Dr-45247/home/78901055,2025-07-26T15:01:18.833000,active,124875.0,142714.2857142857,525.5,1.1428571428571428,23.0,Upper_Mid,Large
78915344,205569494,1848836,3728 Drakewood Dr,Cincinnati,OH,45209,,,Oakley,875000,4.0,3.5,3.0,2405.0,6839.0,1895.0,3.0,6,1,1,Active,1,364.0,,,"{'value': 298591336, 'level': 1}",1664953200000.0,False,True,False,False,False,,158,64,False,/OH/Cincinnati/3728-Drakewood-Dr-45209/home/78915344,2025-07-26T15:01:18.833006,active,218750.0,250000.0,601.25,1.1428571428571428,129.0,Ultra_Luxury,Large
76170283,205425839,1848253,4230 Fergus St,Cincinnati,OH,45223,,,Northside,425000,3.0,2.5,2.0,1504.0,1655.0,1895.0,3.0,6,1,1,Active,1,283.0,,,"{'value': 298591820, 'level': 1}",1688972400000.0,False,True,False,False,False,,158,64,False,/OH/Cincinnati/4230-Fergus-St-45223/home/76170283,2025-07-26T15:01:18.833012,active,141666.66666666666,170000.0,501.3333333333333,1.2,129.0,Upper_Mid,Medium
76076355,205619112,1849079,8442 Anthony Wayne Ave,Cincinnati,OH,45216,,,Hartwell,135000,3.0,2.0,2.0,1872.0,4966.0,1890.0,2.0,6,1,1,Active,1,72.0,,,"{'value': 305216579, 'level': 1}",1569481200000.0,False,False,False,False,False,,158,64,False,/OH/Cincinnati/8442-Anthony-Wayne-Ave-45216/home/76076355,2025-07-26T15:01:18.833018,active,45000.0,67500.0,624.0,1.5,134.0,Budget,Large
101049678,205613098,1849071,4635 Baker St,Norwood,OH,45212,,,Norwood,259900,3.0,1.0,1.0,1327.0,4792.0,1919.0,2.0,6,1,1,Active,1,196.0,,,"{'value': 320574302, 'level': 1}",1182495600000.0,False,False,False,False,False,,158,64,False,/OH/Cincinnati/4635-Baker-St-45212/home/101049678,2025-07-26T15:01:18.833024,active,86633.33333333333,259900.0,442.3333333333333,3.0,105.0,Moderate,Medium
184883692,205609059,1849030,1203 Vine St Unit B,Cincinnati,OH,45202,,,City,895000,3.0,2.0,2.0,2712.0,14414.0,1900.0,4.0,3,2,1,Active,1,330.0,1002.0,,"{'value': 326459260, 'level': 1}",1539327600000.0,False,False,False,False,False,,158,64,False,/OH/Cincinnati/1203-Vine-St-45202/unit-B/home/184883692,2025-07-26T15:01:18.833031,active,298333.3333333333,447500.0,904.0,1.5,124.0,Ultra_Luxury,Very_Large
100971931,205608248,1848834,822 Schiff Ave,Cincinnati,OH,45205,,,Price Hill,224900,5.0,,,2016.0,7449.0,1957.0,2.0,4,4,1,Active,1,112.0,,,"{'value': 327530422, 'level': 1}",1630393200000.0,False,False,False,False,False,,158,64,False,/OH/Cincinnati/822-Schiff-Ave-45205/home/100971931,2025-07-26T15:01:18.833037,active,44980.0,,403.2,,67.0,Moderate,Large
100972842,205607089,1844926,969 Glenna Dr,Cincinnati,OH,45238,,,Covedale,159900,3.0,2.0,2.0,1314.0,12110.0,,,6,1,1,Active,1,122.0,,,"{'value': 328812313, 'level': 1}",1165305600000.0,False,False,False,False,False,,158,64,False,/OH/Cincinnati/969-Glenna-Dr-45238/home/100972842,2025-07-26T15:01:18.833043,active,53300.0,79950.0,438.0,1.5,,Moderate,Medium
76168282,205606409,1849037,1801 Northcut Ave,Cincinnati,OH,45237,,,Bond Hill,314900,3.0,1.5,1.0,1420.0,8843.0,1926.0,2.0,6,1,1,Active,1,222.0,,,"{'value': 329810311, 'level': 1}",1569826800000.0,False,False,False,False,False,,158,64,True,/OH/Cincinnati/1801-Northcut-Ave-45237/home/76168282,2025-07-26T15:01:18.833050,active,104966.66666666667,209933.33333333334,473.3333333333333,2.0,98.0,Upper_Mid,Medium
101009658,205605476,1849007,5573 Cleves Warsaw Pike,Delhi Twp,OH,45238,,,Delhi Twp.,325000,4.0,2.5,2.0,3018.0,19646.0,1975.0,2.0,6,1,1,Active,1,108.0,,,"{'value': 331076819, 'level': 1}",1574409600000.0,False,False,False,False,False,,158,64,False,/OH/Cincinnati/5573-Cleves-Warsaw-Pike-45238/home/101009658,2025-07-26T15:01:18.833056,active,81250.0,130000.0,754.5,1.6,49.0,Upper_Mid,Very_Large
76095365,205604276,1848680,5439 Whetsel Ave,Cincinnati,OH,45227,,,Madisonville,279900,2.0,1.0,1.0,1849.0,,1927.0,2.0,6,1,1,Active,1,151.0,,,"{'value': 332450678, 'level': 1}",1662706800000.0,False,False,False,False,False,,158,64,False,/OH/Cincinnati/5439-Whetsel-Ave-45227/home/76095365,2025-07-26T15:01:18.833062,active,139950.0,279900.0,924.5,2.0,97.0,Moderate,Large
101042648,205603440,1849016,9637 Ash Ct,Blue Ash,OH,45242,,,Blue Ash,450000,4.0,2.0,2.0,2306.0,17337.0,1984.0,2.0,6,1,1,Active,1,195.0,,,"{'value': 333178015, 'level': 1}",,False,False,False,False,False,,158,64,False,/OH/Blue-Ash/9637-Ash-Ct-45242/home/101042648,2025-07-26T15:01:18.833067,active,112500.0,225000.0,576.5,2.0,40.0,Upper_Mid,Large
76078528,205603396,1848822,9828 Loralinda Dr,Colerain Twp,OH,45251,,,Colerain Twp.East,160000,3.0,1.0,1.0,925.0,13504.0,1960.0,1.0,6,1,1,Active,1,173.0,,,"{'value': 333270621, 'level': 1}",1650006000000.0,False,False,False,False,False,,158,64,False,/OH/Cincinnati/9828-Loralinda-Dr-45251/home/76078528,2025-07-26T15:01:18.833073,active,53333.333333333336,160000.0,308.3333333333333,3.0,64.0,Moderate,Small
78771207,205603222,1849006,7212 Creekview Dr #6,Colerain Twp,OH,45247,,,Colerain Twp.West,125000,2.0,1.5,1.0,968.0,134404.0,1982.0,1.0,3,2,1,Active,1,129.0,270.0,,"{'value': 333535765, 'level': 1}",1399359600000.0,False,False,False,False,False,,158,64,False,/OH/Cincinnati/7212-Creekview-Dr-45247/unit-6/home/78771207,2025-07-26T15:01:18.833079,active,62500.0,83333.33333333333,484.0,1.3333333333333333,42.0,Budget,Small
100969833,205602575,1847434,1128 Mcpherson Ave,Cincinnati,OH,45205,,,Price Hill,175000,2.0,1.5,1.0,1402.0,2701.0,1926.0,2.0,6,1,1,Active,1,125.0,,,"{'value': 334384123, 'level': 1}",1580889600000.0,False,True,False,False,False,,158,64,False,/OH/Cincinnati/1128-McPherson-Ave-45205/home/100969833,2025-07-26T15:01:18.833084,active,87500.0,116666.66666666667,701.0,1.3333333333333333,98.0,Moderate,Medium
76149203,205601684,1848965,16 Carpenters Run,Blue Ash,OH,45241,,,Blue Ash,839000,4.0,3.5,3.0,3470.0,30231.0,1980.0,2.0,6,1,1,Active,1,242.0,2.0,,"{'value': 335701551, 'level': 1}",1717484400000.0,False,False,False,False,False,,158,64,False,/OH/Blue-Ash/16-Carpenters-Run-45241/home/76149203,2025-07-26T15:01:18.833090,active,209750.0,239714.2857142857,867.5,1.1428571428571428,44.0,Ultra_Luxury,Very_Large
100980712,205598453,1848969,3435 Stathem Ave,Cincinnati,OH,45211,,,Westwood,249900,3.0,1.5,1.0,1301.0,7492.0,1900.0,,6,1,1,Active,1,192.0,,,"{'value': 340240878, 'level': 1}",1658300400000.0,False,False,False,False,False,,158,64,False,/OH/Cincinnati/3435-Stathem-Ave-45211/home/100980712,2025-07-26T15:01:18.833096,active,83300.0,166600.0,433.6666666666667,2.0,124.0,Moderate,Medium
76096554,205597678,1848241,3025 Gilbert Ave,Cincinnati,OH,45206,,,Walnut Hills,440000,4.0,4.0,4.0,3384.0,7797.0,1916.0,2.0,4,4,1,Active,1,130.0,,,"{'value': 341570158, 'level': 1}",1653289200000.0,False,False,False,False,False,,158,64,False,/OH/Cincinnati/3025-Gilbert-Ave-45206/home/76096554,2025-07-26T15:01:18.833102,active,110000.0,110000.0,846.0,1.0,108.0,Upper_Mid,Very_Large
78756157,205594072,1848950,2776 Klondike Ct,Colerain Twp,OH,45251,,,Colerain Twp.West,184900,4.0,1.5,1.0,1631.0,7579.0,1973.0,,6,1,1,Active,1,113.0,,,"{'value': 346496410, 'level': 1}",986540400000.0,False,False,False,False,False,,158,64,False,/OH/Cincinnati/2776-Klondike-Ct-45251/home/78756157,2025-07-26T15:01:18.833108,active,46225.0,123266.66666666667,407.75,2.6666666666666665,51.0,Moderate,Medium
100989032,205593780,1848827,3060 N Hegry Cir,Cincinnati,OH,45238,,,Westwood,159000,4.0,1.0,1.0,1319.0,7100.0,1946.0,,6,1,1,Active,1,121.0,,,"{'value': 347104599, 'level': 1}",1510905600000.0,False,False,False,False,False,,158,64,False,/OH/Cincinnati/3060-N-Hegry-Cir-45238/home/100989032,2025-07-26T15:01:18.833113,active,39750.0,159000.0,329.75,4.0,78.0,Moderate,Medium
78900476,205591858,1848916,1520 Manss Ave,Cincinnati,OH,45205,,,Price Hill,135000,3.0,1.0,1.0,1080.0,3920.0,1948.0,,6,1,1,Active,1,125.0,,,"{'value': 350086448, 'level': 1}",1374822000000.0,False,False,False,False,False,,158,64,False,/OH/Cincinnati/1520-Manss-Ave-45205/home/78900476,2025-07-26T15:01:18.833118,active,45000.0,135000.0,360.0,3.0,76.0,Budget,Small
191686396,205591826,1848899,1604 W Galbraith Rd,North College Hill,OH,45239,,,North College Hil,645900,10.0,,,,14201.0,1970.0,2.0,5,4,1,Active,1,,,,"{'value': 350214532, 'level': 1}",,False,False,False,False,False,,158,64,False,/OH/North-College-Hill/1604-Galbraith-Rd-45239/home/191686396,2025-07-26T15:01:18.833124,active,64590.0,,,,54.0,Luxury,
179107077,205394061,1848095,4251 Chambers St,Cincinnati,OH,45223,,,Northside,499900,3.0,2.5,2.0,,1137.0,1900.0,3.0,6,1,1,Active,1,,,,"{'value': 385024960, 'level': 1}",,False,False,False,False,False,,158,64,False,/OH/Cincinnati/4251-Chambers-St-45223/home/179107077,2025-07-26T15:01:18.833129,active,166633.33333333334,199960.0,,1.2,124.0,Upper_Mid,
100964080,205413978,1847881,1730 Dale Rd,Cincinnati,OH,45237,,,Bond Hill,320000,4.0,4.0,4.0,2600.0,15682.0,1931.0,2.0,4,4,1,Active,1,123.0,,,"{'value': 385025748, 'level': 1}",1173340800000.0,False,False,False,False,False,,158,64,False,/OH/Cincinnati/1730-Dale-Rd-45237/home/100964080,2025-07-26T15:01:18.833136,active,80000.0,80000.0,650.0,1.0,93.0,Upper_Mid,Very_Large
78842445,205545860,1848717,395 Oregon St #1,Cincinnati,OH,45202,,,Mt. Adams,259900,2.0,1.0,1.0,818.0,2243.0,1870.0,1.0,3,2,1,Active,1,318.0,185.0,,"{'value': 385025874, 'level': 1}",1129273200000.0,False,False,False,False,False,,158,64,False,/OH/Cincinnati/395-Oregon-St-45202/unit-1/home/78842445,2025-07-26T15:01:18.833142,active,129950.0,259900.0,409.0,2.0,154.0,Moderate,Small
100989228,205576310,1848872,8590 Morning Calm Dr,Anderson Twp,OH,45255,,,Anderson Twp.,650000,4.0,3.5,3.0,2848.0,43734.0,1992.0,2.0,6,1,1,Active,1,228.0,,,"{'value': 385026225, 'level': 1}",1475823600000.0,False,False,False,False,False,,158,64,False,/OH/Cincinnati/8590-Morningcalm-Dr-45255/home/100989228,2025-07-26T15:01:18.833148,active,162500.0,185714.2857142857,712.0,1.1428571428571428,32.0,Luxury,Very_Large
100961974,205586215,1848900,611 Rockdale Ave,Cincinnati,OH,45229,,,Avondale,150000,5.0,3.5,3.0,3105.0,5358.0,1905.0,3.0,6,1,1,Active,1,48.0,,,"{'value': 394056783, 'level': 1}",1129878000000.0,False,False,False,False,False,,158,64,False,/OH/Cincinnati/611-Rockdale-Ave-45229/home/100961974,2025-07-26T15:01:18.833154,active,30000.0,42857.142857142855,621.0,1.4285714285714286,119.0,Budget,Very_Large
100976921,205585179,1848896,1623 Sutter Ave,Cincinnati,OH,45225,,,Fairmount,54900,3.0,2.0,2.0,1097.0,3877.0,1912.0,2.0,6,1,1,Active,1,50.0,,,"{'value': 398349608, 'level': 1}",,False,False,False,False,False,,158,64,False,/OH/Cincinnati/1623-Sutter-Ave-45225/home/100976921,2025-07-26T15:01:18.833159,active,18300.0,27450.0,365.6666666666667,1.5,112.0,Budget,Small
100959842,205579195,1848840,316 Klotter Ave,Cincinnati,OH,45219,,,Clifton,399000,5.0,2.0,2.0,1460.0,2526.0,1891.0,2.0,6,1,1,Active,1,273.0,,,"{'value': 410653799, 'level': 1}",1659337200000.0,False,False,False,False,False,,158,64,False,/OH/Cincinnati/316-Klotter-Ave-45219/home/100959842,2025-07-26T15:01:18.833165,active,79800.0,199500.0,292.0,2.5,133.0,Upper_Mid,Medium
100959938,205579101,1848832,404 Warner St,Cincinnati,OH,45219,,,Clifton,365000,5.0,2.5,2.0,1956.0,2526.0,1905.0,2.0,6,1,1,Active,1,187.0,,,"{'value': 410827841, 'level': 1}",1691132400000.0,False,False,False,False,False,,158,64,False,/OH/Cincinnati/404-Warner-St-45219/home/100959938,2025-07-26T15:01:18.833170,active,73000.0,146000.0,391.2,2.0,119.0,Upper_Mid,Large
76078348,205578821,1848878,10372 Pippin Ln,Colerain Twp,OH,45231,,,Colerain Twp.East,204900,3.0,2.0,2.0,1276.0,11761.0,1983.0,1.0,6,1,1,Active,1,161.0,,,"{'value': 411293365, 'level': 1}",841129200000.0,False,False,False,False,False,,158,64,False,/OH/Cincinnati/10372-Pippin-Ln-45231/home/76078348,2025-07-26T15:01:18.833176,active,68300.0,102450.0,425.3333333333333,1.5,41.0,Moderate,Medium
113168974,205577162,1848873,3408 North Bend Rd #8,Green Twp,OH,45239,,,Green Twp.,159000,2.0,2.0,2.0,1020.0,,2004.0,1.0,3,2,1,Active,1,156.0,250.0,,"{'value': 413343998, 'level': 1}",1608624000000.0,False,False,False,False,False,,158,64,False,/OH/Cincinnati/3408-N-Bend-Rd-45239/unit-8/home/113168974,2025-07-26T15:01:18.833183,active,79500.0,79500.0,510.0,1.0,20.0,Moderate,Small
76157971,205575690,1848876,3823 Springoak Dr,Green Twp,OH,45248,,,Bridgetown,335000,5.0,3.0,3.0,2492.0,28279.0,1979.0,1.0,6,1,1,Active,1,134.0,,,"{'value': 415606511, 'level': 1}",,False,False,False,False,False,,158,64,False,/OH/Cincinnati/3823-Springoak-Dr-45248/home/76157971,2025-07-26T15:01:18.833192,active,67000.0,111666.66666666667,498.4,1.6666666666666667,45.0,Upper_Mid,Large
78900658,205575688,1848782,None,Cincinnati,OH,45205,,,Price Hill,150000,3.0,1.0,1.0,1394.0,5576.0,1928.0,,6,1,1,Active,1,108.0,,,"{'value': 415606673, 'level': 1}",1143619200000.0,False,False,False,False,False,,158,64,False,/OH/Cincinnati/Undisclosed-address-45205/home/78900658,2025-07-26T15:01:18.833200,active,50000.0,150000.0,464.6666666666667,3.0,96.0,Budget,Medium
100973822,205574322,1848860,4753 Prosperity Pl,Cincinnati,OH,45238,,,Price Hill,169900,3.0,2.0,2.0,1110.0,,1940.0,,6,1,1,Active,1,153.0,,,"{'value': 417294803, 'level': 1}",1084777200000.0,False,False,False,False,False,,158,64,False,/OH/Cincinnati/4753-Prosperity-Pl-45238/home/100973822,2025-07-26T15:01:18.833206,active,56633.333333333336,84950.0,370.0,1.5,84.0,Moderate,Small
100985093,205574116,1848863,2146 W North Bend Rd,Cincinnati,OH,45224,,,College Hill,249900,3.0,3.0,3.0,1600.0,6186.0,1960.0,1.0,4,4,1,Active,1,156.0,,,"{'value': 417549805, 'level': 1}",,False,False,False,False,False,,158,64,False,/OH/Cincinnati/2146-W-North-Bend-Rd-45224/home/100985093,2025-07-26T15:01:18.833211,active,83300.0,83300.0,533.3333333333334,1.0,64.0,Moderate,Medium
78823252,205574115,1848626,2200 Victory Pkwy #1002,Cincinnati,OH,45206,,,Walnut Hills,139900,1.0,1.0,1.0,520.0,,1966.0,1.0,3,2,1,Active,1,269.0,513.0,,"{'value': 417550163, 'level': 1}",1444374000000.0,False,False,False,False,False,,158,64,False,/OH/Cincinnati/2200-Victory-Pkwy-45206/unit-1002/home/78823252,2025-07-26T15:01:18.833218,active,139900.0,139900.0,520.0,1.0,58.0,Budget,Small
100981659,205573654,1848854,3381 Parkcrest Ln,Cincinnati,OH,45211,,,Westwood,300000,4.0,4.0,4.0,,1002.0,1963.0,2.0,4,4,1,Active,1,,,,"{'value': 417904347, 'level': 1}",,False,False,False,False,False,,158,64,False,/OH/Cincinnati/3381-Parkcrest-Ln-45211/home/100981659,2025-07-26T15:01:18.833223,active,75000.0,75000.0,,1.0,61.0,Moderate,
100985052,205572275,1848858,2142 W North Bend Rd,Cincinnati,OH,45224,,,College Hill,249900,3.0,3.0,3.0,,,1960.0,1.0,4,4,1,Active,1,,,,"{'value': 419580129, 'level': 1}",999241200000.0,False,False,False,False,False,,158,64,False,/OH/Cincinnati/2142-W-North-Bend-Rd-45224/home/100985052,2025-07-26T15:01:18.833229,active,83300.0,83300.0,,1.0,64.0,Moderate,
76157178,205571400,1848799,926 Reily Rd,Wyoming,OH,45215,,,Wyoming,470000,3.0,2.0,2.0,2030.0,12807.0,1951.0,,6,1,1,Active,1,232.0,,,"{'value': 421018473, 'level': 1}",,False,False,False,False,False,,158,64,False,/OH/Cincinnati/926-Reily-Rd-45215/home/76157178,2025-07-26T15:01:18.833235,active,156666.66666666666,235000.0,676.6666666666666,1.5,73.0,Upper_Mid,Large
78748961,205570272,1848773,3709 Frances Ave,Cheviot,OH,45211,,,Cheviot,189900,3.0,1.0,1.0,1727.0,7405.0,1912.0,2.0,6,1,1,Active,1,110.0,,,"{'value': 422806615, 'level': 1}",1564124400000.0,False,False,False,False,False,,158,64,False,/OH/Cincinnati/3709-Frances-Ave-45211/home/78748961,2025-07-26T15:01:18.833241,active,63300.0,189900.0,575.6666666666666,3.0,112.0,Moderate,Medium
101050181,205569810,1848835,3 Linden St,Elmwood Place,OH,45216,,,Elmwood Place,198000,2.0,1.0,1.0,1469.0,3572.0,1896.0,2.0,6,1,1,Active,1,135.0,,,"{'value': 423036130, 'level': 1}",1684220400000.0,False,False,False,False,False,,158,64,False,/OH/Cincinnati/3-Linden-St-45216/home/101050181,2025-07-26T15:01:18.833246,active,99000.0,198000.0,734.5,2.0,128.0,Moderate,Medium
76131748,205569627,1848462,4771 Shepherd Creek Rd,Green Twp,OH,45223,,,Green Twp.,940000,3.0,2.0,2.0,1962.0,522720.0,1946.0,,6,1,1,Active,1,479.0,,,"{'value': 423381440, 'level': 1}",,False,False,False,False,False,,158,64,False,/OH/Cincinnati/4771-Shepherd-Creek-Rd-45223/home/76131748,2025-07-26T15:01:18.833252,active,313333.3333333333,470000.0,654.0,1.5,78.0,Ultra_Luxury,Large
76156680,205568980,1836384,4520 School Section Rd,Green Twp,OH,45211,,,Green Twp.,839900,4.0,3.0,3.0,5291.0,329479.0,1997.0,,6,1,1,Active,1,159.0,,,"{'value': 424261207, 'level': 1}",510912000000.0,False,False,False,False,False,,158,64,False,/OH/Cincinnati/4520-School-Section-Rd-45211/home/76156680,2025-07-26T15:01:18.833259,active,209975.0,279966.6666666667,1322.75,1.3333333333333333,27.0,Ultra_Luxury,Mansion
100973850,205568276,1848838,4910 Ferguson Pl,Cincinnati,OH,45238,,,Westwood,185000,2.0,2.0,2.0,1287.0,5271.0,1927.0,2.0,6,1,1,Active,1,144.0,,,"{'value': 425208975, 'level': 1}",1174978800000.0,False,False,False,False,False,,158,64,False,/OH/Cincinnati/4910-Ferguson-Pl-45238/home/100973850,2025-07-26T15:01:18.833265,active,92500.0,92500.0,643.5,1.0,97.0,Moderate,Medium
71319611,205567537,1848798,3454 Ballymore Ct,Pierce Twp,OH,45245,,,Pierce Twp.,425000,3.0,2.5,2.0,2426.0,7370.0,2004.0,1.0,6,1,1,Active,1,175.0,140.0,,"{'value': 426368841, 'level': 1}",1088578800000.0,False,False,False,False,False,,158,64,False,/OH/Cincinnati/3454-Ballymore-Ct-45245/home/71319611,2025-07-26T15:01:18.833271,active,141666.66666666666,170000.0,808.6666666666666,1.2,20.0,Upper_Mid,Large
100969560,205565173,1848808,2911 Glenway Ave,Cincinnati,OH,45204,,,Price Hill,75000,2.0,1.0,1.0,1056.0,6316.0,1929.0,2.0,6,1,1,Active,1,71.0,,,"{'value': 429899115, 'level': 1}",,False,False,False,False,False,,158,64,False,/OH/Cincinnati/2911-Glenway-Ave-45204/home/100969560,2025-07-26T15:01:18.833277,active,37500.0,75000.0,528.0,2.0,95.0,Budget,Small
101009410,205562043,1848795,5409 Casual Ct,Delhi Twp,OH,45238,,,Delhi Twp.,320000,4.0,3.0,2.0,2040.0,8189.0,1976.0,2.0,6,1,1,Active,1,157.0,,,"{'value': 435772034, 'level': 1}",1700208000000.0,False,False,False,False,False,,158,64,False,/OH/Cincinnati/5409-Casual-Ct-45238/home/101009410,2025-07-26T15:01:18.833283,active,80000.0,106666.66666666667,510.0,1.3333333333333333,48.0,Upper_Mid,Large
76073089,205561432,1848653,1712 Stonybrook Dr,Cincinnati,OH,45237,,,Roselawn,255000,3.0,2.5,2.0,1850.0,7667.0,1939.0,2.0,6,1,1,Active,1,138.0,,,"{'value': 437454549, 'level': 1}",1589785200000.0,False,False,False,False,False,,158,64,False,/OH/Cincinnati/1712-Stonybrook-Dr-45237/home/76073089,2025-07-26T15:01:18.833289,active,85000.0,102000.0,616.6666666666666,1.2,85.0,Moderate,Large
100969653,205561399,1848767,1253 Quebec Rd,Cincinnati,OH,45205,,,Price Hill,164900,5.0,2.0,2.0,3060.0,,1929.0,3.0,4,4,1,Active,1,54.0,,,"{'value': 437572068, 'level': 1}",1563174000000.0,False,False,False,False,False,,158,64,False,/OH/Cincinnati/1253-Quebec-Rd-45205/home/100969653,2025-07-26T15:01:18.833295,active,32980.0,82450.0,612.0,2.5,95.0,Moderate,Very_Large
100963612,205560788,1848787,1604 Crest Hill Dr,Cincinnati,OH,45237,,,Roselawn,275000,3.0,1.5,1.0,2100.0,28619.0,1954.0,1.0,6,1,1,Active,1,131.0,,,"{'value': 439972612, 'level': 1}",1697439600000.0,False,False,False,False,False,,158,64,False,/OH/Cincinnati/1604-Crest-Hill-Ave-45237/home/100963612,2025-07-26T15:01:18.833301,active,91666.66666666667,183333.33333333334,700.0,2.0,70.0,Moderate,Large
71382369,205559926,1848686,4149 Brookfield Dr,Union Twp,OH,45245,,,Union Twp.,249900,3.0,2.0,2.0,1478.0,20038.0,1960.0,1.0,6,1,1,Active,1,169.0,,,"{'value': 447894682, 'level': 1}",549097200000.0,False,False,False,False,False,,158,64,False,/OH/Cincinnati/4149-Brookfield-Dr-45245/home/71382369,2025-07-26T15:01:18.833307,active,83300.0,124950.0,492.6666666666667,1.5,64.0,Moderate,Medium
63713577,205559914,1848634,2714 Shaffer Ave,Cincinnati,OH,45211,,,Price Hill,170000,3.0,1.0,1.0,1211.0,7405.0,1927.0,2.0,6,1,1,Active,1,140.0,,,"{'value': 448262401, 'level': 1}",1425024000000.0,False,False,False,False,False,,158,64,False,/OH/Cincinnati/2714-Shaffer-Ave-45211/home/63713577,2025-07-26T15:01:18.833312,active,56666.666666666664,170000.0,403.6666666666667,3.0,97.0,Moderate,Medium
101012144,205441862,1847723,2969 Orchardtree Ct,Green Twp,OH,45239,,,Monfort Hts.,320000,3.0,2.5,2.0,1920.0,12589.0,1986.0,,6,1,1,Active,1,167.0,,,"{'value': 471395608, 'level': 1}",1658300400000.0,False,False,False,False,False,,158,64,False,/OH/Cincinnati/2969-Orchardtree-Ct-45239/home/101012144,2025-07-26T15:01:18.833318,active,106666.66666666667,128000.0,640.0,1.2,38.0,Upper_Mid,Large
76128372,205295843,1847706,3246 Ainsworth Dr,Colerain Twp,OH,45251,,,Colerain Twp.East,199900,3.0,1.0,1.0,925.0,7013.0,1959.0,1.0,6,1,1,Active,1,216.0,,,"{'value': 471395726, 'level': 1}",1461740400000.0,False,False,False,False,False,,158,64,False,/OH/Cincinnati/3246-Ainsworth-Dr-45251/home/76128372,2025-07-26T15:01:18.833323,active,66633.33333333333,199900.0,308.3333333333333,3.0,65.0,Moderate,Small
76077931,205516003,1845900,6386 Turpin Hills Dr,Anderson Twp,OH,45244,,,Anderson Twp.,750000,4.0,3.5,3.0,4768.0,31537.0,1988.0,2.0,6,1,1,Active,1,157.0,,,"{'value': 471395817, 'level': 1}",1449820800000.0,False,False,False,False,False,,158,64,False,/OH/Cincinnati/6386-Turpin-Hills-Dr-45244/home/76077931,2025-07-26T15:01:18.833328,active,187500.0,214285.7142857143,1192.0,1.1428571428571428,36.0,Luxury,Mansion
78954702,205357577,1847713,276 Emming St,Cincinnati,OH,45219,,,City,285000,5.0,2.0,2.0,1638.0,2570.0,1900.0,3.0,6,1,1,Active,1,174.0,,,"{'value': 471395948, 'level': 1}",1405494000000.0,False,False,False,False,False,,158,64,False,/OH/Cincinnati/276-Emming-St-45219/home/78954702,2025-07-26T15:01:18.833334,active,57000.0,142500.0,327.6,2.5,124.0,Moderate,Medium
78968137,205501862,1848407,1808 Cleveland Ave,Norwood,OH,45212,,,Norwood,239900,3.0,3.0,3.0,2652.0,2962.0,1914.0,3.0,4,4,1,Active,1,90.0,,,"{'value': 471396166, 'level': 1}",882259200000.0,False,False,False,False,False,,158,64,False,/OH/Cincinnati/1808-Cleveland-Ave-45212/home/78968137,2025-07-26T15:01:18.833339,active,79966.66666666667,79966.66666666667,884.0,1.0,110.0,Moderate,Very_Large
76072392,205553604,1848619,565 Prospect Pl,Cincinnati,OH,45229,,,Avondale,60000,3.0,1.0,1.0,1323.0,3528.0,1923.0,,6,1,1,Active,1,45.0,,,"{'value': 471397345, 'level': 1}",,False,False,False,False,False,,158,64,False,/OH/Cincinnati/565-Prospect-Pl-45229/home/76072392,2025-07-26T15:01:18.833345,active,20000.0,60000.0,441.0,3.0,101.0,Budget,Medium
78829384,205558199,1848775,2500 Warsaw Ave #29,Cincinnati,OH,45204,,,Price Hill,97900,1.0,1.0,1.0,616.0,196987.0,1969.0,1.0,3,2,1,Active,1,159.0,359.0,,"{'value': 479212759, 'level': 1}",1533884400000.0,False,False,False,False,False,,158,64,False,/OH/Cincinnati/2500-Warsaw-Ave-45204/unit-29/home/78829384,2025-07-26T15:01:18.833351,active,97900.0,97900.0,616.0,1.0,55.0,Budget,Small
100981207,205556819,1848742,3154 Werk Rd,Cincinnati,OH,45211,,,Westwood,340000,4.0,4.0,4.0,3228.0,7667.0,1948.0,2.0,4,4,1,Active,1,105.0,,,"{'value': 491928949, 'level': 1}",955004400000.0,False,False,False,False,False,,158,64,False,/OH/Cincinnati/3154-Werk-Rd-45211/home/100981207,2025-07-26T15:01:18.833357,active,85000.0,85000.0,807.0,1.0,76.0,Upper_Mid,Very_Large
196509006,205555373,1848754,210 Vintage Club Dr #106,Montgomery,OH,45249,,,Montgomery,955000,2.0,2.0,2.0,,,,1.0,3,2,1,Active,1,,731.0,,"{'value': 502024111, 'level': 1}",,False,False,False,False,True,,158,64,False,/OH/Montgomery/210-Vintage-Club-Dr-45249/unit-106/home/196509006,2025-07-26T15:01:18.833364,active,477500.0,477500.0,,1.0,,Ultra_Luxury,
100979290,205553798,1848708,2739 Powell Dr,Cincinnati,OH,45211,,,Westwood,349000,4.0,4.0,4.0,2904.0,7623.0,1958.0,2.0,4,4,1,Active,1,120.0,,,"{'value': 511473982, 'level': 1}",1104480000000.0,False,False,False,False,False,,158,64,False,/OH/Cincinnati/2739-Powell-Dr-45211/home/100979290,2025-07-26T15:01:18.833370,active,87250.0,87250.0,726.0,1.0,66.0,Upper_Mid,Very_Large
196508709,205553440,1848727,210 Vintage Club Dr #101,Montgomery,OH,45249,,,Montgomery,1195000,3.0,2.0,2.0,,,,1.0,3,2,1,Active,1,,869.0,,"{'value': 514122074, 'level': 1}",,False,False,False,False,True,,158,64,False,/OH/Montgomery/210-Vintage-Club-Dr-45249/unit-101/home/196508709,2025-07-26T15:01:18.833377,active,398333.3333333333,597500.0,,1.5,,Ultra_Luxury,
78805826,205547579,1848192,3955 Roswell Ave,Cheviot,OH,45211,,,Cheviot,195000,3.0,2.0,2.0,2184.0,15464.0,1947.0,1.0,6,1,1,Active,1,89.0,,,"{'value': 557805515, 'level': 1}",1560841200000.0,False,False,False,False,False,,158,64,False,/OH/Cincinnati/3955-Roswell-Ave-45211/home/78805826,2025-07-26T15:01:18.833383,active,65000.0,97500.0,728.0,1.5,77.0,Moderate,Large
95593854,205548905,1848699,133 Meridian St,Cincinnati,OH,45233,,,Sayler Park,229900,3.0,1.5,1.0,1528.0,6055.0,1913.0,2.0,6,1,1,Active,1,150.0,,,"{'value': 577137816, 'level': 1}",1720422000000.0,False,True,True,False,False,,158,64,False,/OH/Cincinnati/133-Meridian-St-45233/home/95593854,2025-07-26T15:01:18.833389,active,76633.33333333333,153266.66666666666,509.3333333333333,2.0,111.0,Moderate,Medium
145753217,204373561,1844533,7268 E Galbraith Rd Unit C,Sycamore Twp,OH,45243,,,Kenwood,229900,2.0,2.0,2.0,1032.0,178949.0,1979.0,1.0,3,2,1,Active,1,223.0,320.0,,"{'value': 586615302, 'level': 1}",1083049200000.0,False,False,False,False,False,,158,64,False,/OH/Madeira/7268-E-Galbraith-Rd-45243/unit-C/home/145753217,2025-07-26T15:01:18.833395,active,114950.0,114950.0,516.0,1.0,45.0,Moderate,Small
76097289,205546423,1848689,523 Norway Ave,Cincinnati,OH,45229,,,Avondale,389000,4.0,2.5,2.0,2189.0,5184.0,1913.0,3.0,6,1,1,Active,1,178.0,,,"{'value': 587802867, 'level': 1}",1727766000000.0,False,False,False,False,False,,158,64,False,/OH/Cincinnati/523-Norway-Ave-45229/home/76097289,2025-07-26T15:01:18.833403,active,97250.0,155600.0,547.25,1.6,111.0,Upper_Mid,Large
78748276,205545229,1848725,4226 Ivanhoe Ave,Norwood,OH,45212,,,Norwood,310000,4.0,1.5,1.0,1942.0,6011.0,1906.0,3.0,6,1,1,Active,1,160.0,,,"{'value': 592377738, 'level': 1}",1565593200000.0,False,False,False,False,False,,158,64,False,/OH/Cincinnati/4226-Ivanhoe-Ave-45212/home/78748276,2025-07-26T15:01:18.833409,active,77500.0,206666.66666666666,485.5,2.6666666666666665,118.0,Upper_Mid,Large
76150082,205542905,1848716,3225 Heritage Square Dr #25,Colerain Twp,OH,45251,,,Colerain Twp.East,170000,2.0,2.0,2.0,1106.0,87834.0,1990.0,1.0,3,2,1,Active,1,154.0,300.0,,"{'value': 600286133, 'level': 1}",1649746800000.0,False,False,False,False,False,,158,64,False,/OH/Cincinnati/3225-Heritage-Square-Dr-45251/unit-25/home/76150082,2025-07-26T15:01:18.833415,active,85000.0,85000.0,553.0,1.0,34.0,Moderate,Small
71384135,205541723,1848443,631 Charwood Dr,Union Twp,OH,45244,,,Union Twp.,237500,3.0,1.0,1.0,925.0,8233.0,1960.0,1.0,6,1,1,Active,1,257.0,,,"{'value': 604726406, 'level': 1}",1656054000000.0,False,False,False,False,False,,158,64,False,/OH/Cincinnati/631-Charwood-Dr-45244/home/71384135,2025-07-26T15:01:18.833421,active,79166.66666666667,237500.0,308.3333333333333,3.0,64.0,Moderate,Small
78767225,205541229,1848709,7533 Juler Ave,Madeira,OH,45243,,,Madeira,559900,3.0,3.0,2.0,1748.0,11238.0,1951.0,,6,1,1,Active,1,320.0,,,"{'value': 606891734, 'level': 1}",1746774000000.0,False,True,False,False,False,,158,64,False,/OH/Cincinnati/7533-Juler-Ave-45243/home/78767225,2025-07-26T15:01:18.833427,active,186633.33333333334,186633.33333333334,582.6666666666666,1.0,73.0,Luxury,Medium
78942009,205540078,1848511,2829 Windon Dr,Colerain Twp,OH,45251,,,Colerain Twp.East,245000,3.0,1.5,1.0,1486.0,7492.0,1966.0,,6,1,1,Active,1,165.0,,,"{'value': 611801272, 'level': 1}",1743577200000.0,False,False,False,False,False,,158,64,False,/OH/Cincinnati/2829-Windon-Dr-45251/home/78942009,2025-07-26T15:01:18.833433,active,81666.66666666667,163333.33333333334,495.3333333333333,2.0,58.0,Moderate,Medium
78971898,205495535,1848544,8354 Burns Ave,Cincinnati,OH,45216,,,Hartwell,469900,4.0,4.0,4.0,3335.0,17555.0,1890.0,2.0,6,1,1,Active,1,141.0,,,"{'value': 644227640, 'level': 1}",1241679600000.0,False,False,False,False,False,,158,64,False,/OH/Cincinnati/8354-Burns-Ave-45216/home/78971898,2025-07-26T15:01:18.833438,active,117475.0,117475.0,833.75,1.0,134.0,Upper_Mid,Very_Large
78833983,205394774,1847857,6355 Corbly Rd #19,Cincinnati,OH,45230,,,Mt. Washington,209900,2.0,1.5,1.0,1425.0,62317.0,1984.0,1.0,3,2,1,Active,1,147.0,311.0,,"{'value': 644227889, 'level': 1}",1630047600000.0,False,False,False,False,False,,158,64,False,/OH/Cincinnati/6355-Corbly-Rd-45230/unit-19/home/78833983,2025-07-26T15:01:18.833446,active,104950.0,139933.33333333334,712.5,1.3333333333333333,40.0,Moderate,Medium
100937906,205463040,1848400,818 Wm H Taft Rd,Cincinnati,OH,45206,,,Walnut Hills,299900,3.0,2.0,2.0,1178.0,3093.0,2002.0,3.0,6,1,1,Active,1,255.0,,,"{'value': 644228041, 'level': 1}",1603177200000.0,False,True,False,False,False,,158,64,False,/OH/Cincinnati/818-William-Howard-Taft-Rd-45206/home/100937906,2025-07-26T15:01:18.833452,active,99966.66666666667,149950.0,392.6666666666667,1.5,22.0,Moderate,Small
101045488,205443297,1848118,8733 Apalachee Dr,Symmes Twp,OH,45249,,,Symmes Twp.,598000,3.0,2.5,2.0,2052.0,14244.0,1978.0,2.0,6,1,1,Active,1,291.0,,,"{'value': 644228388, 'level': 1}",,False,False,False,False,False,,158,64,False,/OH/Cincinnati/8733-Apalachee-Dr-45249/home/101045488,2025-07-26T15:01:18.833459,active,199333.33333333334,239200.0,684.0,1.2,46.0,Luxury,Large
76150997,205531682,1848401,8700 Hopewell Rd,Indian Hill,OH,45242,,,Indian Hill,1895000,5.0,6.0,5.0,4867.0,178596.0,1944.0,2.0,6,1,1,Active,1,389.0,,,"{'value': 658150702, 'level': 1}",1530255600000.0,False,False,False,False,False,,158,64,False,/OH/Cincinnati/8700-Hopewell-Rd-45242/home/76150997,2025-07-26T15:01:18.833467,active,379000.0,315833.3333333333,973.4,0.8333333333333334,80.0,Ultra_Luxury,Mansion
63723269,205531618,1848650,144 Lafayette Ln,Cincinnati,OH,45220,,,Clifton,1075000,4.0,4.0,4.0,2862.0,50791.0,1961.0,2.0,6,1,1,Active,1,376.0,,,"{'value': 658266959, 'level': 1}",1431586800000.0,False,True,False,False,False,,158,64,False,/OH/Cincinnati/144-Lafayette-Ln-45220/home/63723269,2025-07-26T15:01:18.833474,active,268750.0,268750.0,715.5,1.0,63.0,Ultra_Luxury,Very_Large
101005687,205529658,1848566,6047 Yosemite Dr,Golf Manor,OH,45237,,,Golf Manor,285000,4.0,2.0,2.0,1289.0,6970.0,1942.0,2.0,6,1,1,Active,1,221.0,,,"{'value': 662467196, 'level': 1}",1735027200000.0,False,False,False,False,False,,158,64,False,/OH/Cincinnati/6047-Yosemite-Dr-45237/home/101005687,2025-07-26T15:01:18.833482,active,71250.0,142500.0,322.25,2.0,82.0,Moderate,Medium
100972789,205526484,1848688,4813 Rapid Run Rd,Cincinnati,OH,45238,,,Covedale,249000,4.0,4.0,4.0,2642.0,5968.0,1910.0,3.0,4,4,1,Active,1,94.0,,,"{'value': 667635362, 'level': 1}",1585119600000.0,False,False,False,False,False,,158,64,False,/OH/Cincinnati/4813-Rapid-Run-Rd-45238/home/100972789,2025-07-26T15:01:18.833487,active,62250.0,62250.0,660.5,1.0,114.0,Moderate,Very_Large
76103146,205526229,1848180,3068 Jackfrost Way,Colerain Twp,OH,45251,,,Colerain Twp.East,209900,3.0,1.0,1.0,936.0,8451.0,1964.0,1.0,6,1,1,Active,1,224.0,,,"{'value': 667977130, 'level': 1}",1747206000000.0,False,False,False,False,False,,158,64,False,/OH/Cincinnati/3068-Jackfrost-Way-45251/home/76103146,2025-07-26T15:01:18.833492,active,69966.66666666667,209900.0,312.0,3.0,60.0,Moderate,Small
100939794,205525732,1848257,5414 Jamies Oak Ct,Green Twp,OH,45248,,,Green Twp.,400000,4.0,2.5,2.0,2771.0,9148.0,2004.0,2.0,6,1,1,Active,1,144.0,20.0,,"{'value': 668697923, 'level': 1}",,False,False,False,False,False,,158,64,False,/OH/Cincinnati/5414-Jamies-Oak-Ct-45248/home/100939794,2025-07-26T15:01:18.833498,active,100000.0,160000.0,692.75,1.6,20.0,Upper_Mid,Very_Large
63726254,205524973,1848687,4247 W Eighth St,Cincinnati,OH,45205,,,Price Hill,245000,5.0,3.0,3.0,2983.0,7449.0,1918.0,3.0,4,4,1,Active,1,82.0,,,"{'value': 669042360, 'level': 1}",1595574000000.0,False,False,False,False,False,,158,64,False,/OH/Cincinnati/4247-W-8th-St-45205/home/63726254,2025-07-26T15:01:18.833504,active,49000.0,81666.66666666667,596.6,1.6666666666666667,106.0,Moderate,Very_Large
100966165,205524359,1845988,3916 Kirkup Ave,Cincinnati,OH,45213,,,Kennedy Hts.,275000,4.0,2.0,2.0,2046.0,7492.0,1948.0,2.0,4,4,1,Active,1,134.0,,,"{'value': 669759467, 'level': 1}",1677484800000.0,False,False,False,False,False,,158,64,False,/OH/Cincinnati/3916-Kirkup-Ave-45213/home/100966165,2025-07-26T15:01:18.833510,active,68750.0,137500.0,511.5,2.0,76.0,Moderate,Large
78748885,205522534,1848503,8774 Tanagerwoods Dr,Montgomery,OH,45249,,,Montgomery,646000,4.0,3.5,3.0,3218.0,21780.0,1977.0,2.0,6,1,1,Active,1,201.0,4.0,,"{'value': 672043205, 'level': 1}",866444400000.0,False,False,False,False,False,,158,64,False,/OH/Cincinnati/8774-Tanagerwoods-Dr-45249/home/78748885,2025-07-26T15:01:18.833515,active,161500.0,184571.42857142858,804.5,1.1428571428571428,47.0,Luxury,Very_Large
76129828,205521756,1848677,7251 Miami Ave,Madeira,OH,45243,,,Madeira,514900,3.0,2.0,2.0,1192.0,16640.0,1951.0,1.0,6,1,1,Active,1,432.0,,,"{'value': 672295101, 'level': 1}",1744873200000.0,False,False,False,False,False,,158,64,False,/OH/Cincinnati/7251-Miami-Ave-45243/home/76129828,2025-07-26T15:01:18.833521,active,171633.33333333334,257450.0,397.3333333333333,1.5,73.0,Luxury,Small
100973699,205521755,1848345,None,Cincinnati,OH,45238,,,Covedale,269900,3.0,2.0,2.0,1810.0,5532.0,1939.0,,6,1,1,Active,1,149.0,,,"{'value': 672296919, 'level': 1}",1528354800000.0,False,False,False,False,False,,158,64,False,/OH/Cincinnati/Undisclosed-address-45238/home/100973699,2025-07-26T15:01:18.833527,active,89966.66666666667,134950.0,603.3333333333334,1.5,85.0,Moderate,Large
100970289,205520656,1848644,3425 W Eighth St,Cincinnati,OH,45205,,,Price Hill,169000,4.0,2.0,2.0,2671.0,3267.0,1917.0,3.0,4,4,1,Active,1,63.0,,,"{'value': 673584572, 'level': 1}",1619679600000.0,False,True,True,False,False,,158,64,False,/OH/Cincinnati/3425-W-8th-St-45205/home/100970289,2025-07-26T15:01:18.833532,active,42250.0,84500.0,667.75,2.0,107.0,Moderate,Very_Large
196498089,205519650,1848607,2051 Tall Pines Ln,Anderson Twp,OH,45244,,,Anderson Twp.,835000,4.0,3.5,3.0,,12937.0,,1.0,6,1,1,Under Construction,1,,33.0,,"{'value': 674858534, 'level': 1}",,False,False,False,False,True,,158,64,False,/OH/Cincinnati/2051-Tall-Pines-Ln-45244/home/196498089,2025-07-26T15:01:18.833539,active,208750.0,238571.42857142858,,1.1428571428571428,,Ultra_Luxury,
76149528,205519649,1848628,3723 Hermes Dr,Colerain Twp,OH,45247,,,White Oak,205000,2.0,1.5,1.0,1197.0,7884.0,1961.0,1.0,6,1,1,Active,1,171.0,,,"{'value': 674858906, 'level': 1}",1697439600000.0,False,False,False,False,False,,158,64,False,/OH/Cincinnati/3723-Hermes-Dr-45247/home/76149528,2025-07-26T15:01:18.833545,active,102500.0,136666.66666666666,598.5,1.3333333333333333,63.0,Moderate,Small
171326483,205519327,1848593,9835 Orchard Trl,Montgomery,OH,45242,,,Montgomery,1275000,3.0,2.5,2.0,3893.0,8712.0,,2.0,6,1,1,Active,1,328.0,272.0,,"{'value': 675250722, 'level': 1}",,False,False,False,False,True,,158,64,False,/OH/Montgomery/9835-Orchard-Trl-45242/home/171326483,2025-07-26T15:01:18.833551,active,425000.0,510000.0,1297.6666666666667,1.2,,Ultra_Luxury,Mansion
184892842,205517702,1848597,8847 Montgomery Rd,Sycamore Twp,OH,45236,,,Kenwood,695000,2.0,3.0,3.0,1660.0,13077.0,1994.0,2.0,3,2,1,Active,1,419.0,288.0,,"{'value': 677180095, 'level': 1}",1489993200000.0,False,False,False,False,False,,158,64,False,/OH/Cincinnati/8847-Montgomery-Rd-45236/home/184892842,2025-07-26T15:01:18.833557,active,347500.0,231666.66666666666,830.0,0.6666666666666666,30.0,Luxury,Medium
76095257,205517464,1848535,4408 Erie Ave,Cincinnati,OH,45227,,,Madisonville,699000,4.0,1.5,1.0,3370.0,26833.0,1894.0,3.0,6,1,1,Active,1,207.0,,,"{'value': 677453688, 'level': 1}",,False,False,False,False,False,,158,64,False,/OH/Cincinnati/4408-Erie-Ave-45227/home/76095257,2025-07-26T15:01:18.833563,active,174750.0,466000.0,842.5,2.6666666666666665,130.0,Luxury,Very_Large
78818610,205516108,1848643,2324 Madison Rd #1404,Cincinnati,OH,45208,,,Hyde Park,169000,1.0,1.0,1.0,882.0,335573.0,1963.0,1.0,3,2,1,Active,1,192.0,787.0,,"{'value': 678641342, 'level': 1}",1239778800000.0,False,False,False,False,False,,158,64,False,/OH/Cincinnati/2324-Madison-Rd-45208/unit-1404/home/78818610,2025-07-26T15:01:18.833575,active,169000.0,169000.0,882.0,1.0,61.0,Moderate,Small
172422363,205513872,1848448,456 Grand Ave #2,Cincinnati,OH,45205,,,Price Hill,108000,1.0,1.0,1.0,,,1980.0,1.0,3,2,1,Active,1,,229.0,,"{'value': 681172316, 'level': 1}",1048838400000.0,False,False,False,False,False,,158,64,False,/OH/Cincinnati/456-Grand-Ave-45205/unit-2/home/172422363,2025-07-26T15:01:18.833582,active,108000.0,108000.0,,1.0,44.0,Budget,
76097604,205512332,1848631,3766 Aikenside Ave,Cincinnati,OH,45213,,,Kennedy Hts.,315000,3.0,1.5,1.0,1681.0,7318.0,1950.0,,6,1,1,Active,1,187.0,,,"{'value': 683103170, 'level': 1}",1567148400000.0,False,False,False,False,False,,158,64,False,/OH/Cincinnati/3766-Aikenside-Ave-45213/home/76097604,2025-07-26T15:01:18.833588,active,105000.0,210000.0,560.3333333333334,2.0,74.0,Upper_Mid,Medium
78937626,205511901,1848601,8812 Carrousel Park Cir #72,Colerain Twp,OH,45251,,,Colerain Twp.West,169900,2.0,2.0,2.0,,,1995.0,1.0,3,2,1,Active,1,,285.0,,"{'value': 683577273, 'level': 1}",1396422000000.0,False,False,False,False,False,,158,64,False,/OH/Cincinnati/8812-Carrousel-Park-Cir-45251/unit-72/home/78937626,2025-07-26T15:01:18.833595,active,84950.0,84950.0,,1.0,29.0,Moderate,
76079812,205511392,1848632,4190 Beech St,Columbia Twp,OH,45227,,,Columbia Twp.,829000,4.0,4.5,4.0,3652.0,21562.0,1991.0,2.0,6,1,1,Active,1,227.0,,,"{'value': 683925284, 'level': 1}",671958000000.0,False,False,False,False,False,,158,64,False,/OH/Cincinnati/4190-Beech-St-45227/home/76079812,2025-07-26T15:01:18.833602,active,207250.0,184222.22222222222,913.0,0.8888888888888888,33.0,Ultra_Luxury,Mansion
78789505,205510658,1848540,1691 Yellowglen Dr,Anderson Twp,OH,45255,,,Anderson Twp.,359000,4.0,2.5,2.0,1813.0,12545.0,1965.0,2.0,6,1,1,Active,1,198.0,,,"{'value': 684782421, 'level': 1}",1115622000000.0,False,False,False,False,False,,158,64,False,/OH/Cincinnati/1691-Yellowglen-Dr-45255/home/78789505,2025-07-26T15:01:18.833608,active,89750.0,143600.0,453.25,1.6,59.0,Upper_Mid,Large
100952171,205509942,1848572,3430 Burch Ave,Cincinnati,OH,45208,,,Hyde Park,1195000,4.0,3.5,3.0,3599.0,7623.0,1908.0,3.0,6,1,1,Active,1,332.0,,,"{'value': 685676316, 'level': 1}",1688108400000.0,False,False,False,False,False,,158,64,False,/OH/Cincinnati/3430-Burch-Ave-45208/home/100952171,2025-07-26T15:01:18.833615,active,298750.0,341428.5714285714,899.75,1.1428571428571428,116.0,Ultra_Luxury,Mansion
100960911,205509047,1848528,231 Atkinson St,Cincinnati,OH,45219,,,Clifton,370000,5.0,2.0,2.0,1810.0,2265.0,1911.0,3.0,6,1,1,Active,1,204.0,,,"{'value': 686557061, 'level': 1}",649062000000.0,False,False,False,False,False,,158,64,False,/OH/Cincinnati/231-Atkinson-St-45219/home/100960911,2025-07-26T15:01:18.833623,active,74000.0,185000.0,362.0,2.5,113.0,Upper_Mid,Large
196490245,205508789,1848285,2942 Three Oaks Ln,Cincinnati,OH,45209,,,Oakley,1689000,3.0,4.0,3.0,4329.0,3237.0,,3.0,6,1,1,Active,1,390.0,228.0,,"{'value': 686820575, 'level': 1}",,False,False,False,False,True,,158,64,False,/OH/Cincinnati/2942-Three-Oaks-Ln-45209/home/196490245,2025-07-26T15:01:18.833630,active,563000.0,422250.0,1443.0,0.75,,Ultra_Luxury,Mansion
100960915,205508574,1848531,204 Atkinson St,Cincinnati,OH,45219,,,Clifton,465000,7.0,2.0,2.0,2387.0,4051.0,1915.0,3.0,4,4,1,Active,1,195.0,,,"{'value': 687059646, 'level': 1}",707382000000.0,False,False,False,False,False,,158,64,False,/OH/Cincinnati/204-Atkinson-St-45219/home/100960915,2025-07-26T15:01:18.833639,active,66428.57142857143,232500.0,341.0,3.5,109.0,Upper_Mid,Large
76075284,205508572,1848556,3292 Montana Ave,Cincinnati,OH,45211,,,Westwood,219900,2.0,1.5,1.0,1467.0,4269.0,1901.0,2.0,6,1,1,Active,1,150.0,,,"{'value': 687060169, 'level': 1}",1638432000000.0,False,False,False,False,False,,158,64,False,/OH/Cincinnati/3292-Montana-Ave-45211/home/76075284,2025-07-26T15:01:18.833646,active,109950.0,146600.0,733.5,1.3333333333333333,123.0,Moderate,Medium
185476277,205508298,1848089,3916 Burgenland Ln,Union Twp,OH,45255,,,Union Twp.,234900,2.0,2.0,2.0,1484.0,1285.0,1996.0,2.0,13,3,1,Active,1,158.0,249.0,,"{'value': 687400924, 'level': 1}",1064473200000.0,False,False,False,False,False,,158,64,False,/OH/Cincinnati/3916-Burgenland-Ln-45255/home/185476277,2025-07-26T15:01:18.833652,active,117450.0,117450.0,742.0,1.0,28.0,Moderate,Medium
100972236,205507772,1848560,701 Trenton Ave,Cincinnati,OH,45205,,,Price Hill,109900,3.0,1.5,1.0,1584.0,6534.0,1901.0,3.0,6,1,1,Active,1,69.0,,,"{'value': 687778496, 'level': 1}",1730444400000.0,False,False,False,False,False,,158,64,False,/OH/Cincinnati/701-Trenton-Ave-45205/home/100972236,2025-07-26T15:01:18.833659,active,36633.333333333336,73266.66666666667,528.0,2.0,123.0,Budget,Medium
76140945,205504930,1848312,2428 Homestead Pl,Cincinnati,OH,45211,,,Westwood,200000,3.0,1.5,1.0,2205.0,5881.0,1936.0,,6,1,1,Active,1,91.0,,,"{'value': 691048308, 'level': 1}",1742972400000.0,False,False,False,False,False,,158,64,False,/OH/Cincinnati/2428-Homestead-Pl-45211/home/76140945,2025-07-26T15:01:18.833666,active,66666.66666666667,133333.33333333334,735.0,2.0,88.0,Moderate,Large
76156242,205504391,1848542,5053 Casa Loma Blvd,Green Twp,OH,45238,,,Covedale,289000,4.0,2.0,2.0,2455.0,6534.0,1936.0,2.0,6,1,1,Active,1,118.0,,,"{'value': 691666731, 'level': 1}",1747983600000.0,False,False,False,False,False,,158,64,False,/OH/Cincinnati/5053-Casa-Loma-Blvd-45238/home/76156242,2025-07-26T15:01:18.833673,active,72250.0,144500.0,613.75,2.0,88.0,Moderate,Large
76128267,205503085,1848591,2729 Hennge Dr,Colerain Twp,OH,45239,,,Groesbeck,239900,3.0,2.0,2.0,1199.0,6055.0,1952.0,,6,1,1,Active,1,200.0,,,"{'value': 693302675, 'level': 1}",656924400000.0,False,False,False,False,False,,158,64,False,/OH/Cincinnati/2729-Hennge-Dr-45239/home/76128267,2025-07-26T15:01:18.833680,active,79966.66666666667,119950.0,399.6666666666667,1.5,72.0,Moderate,Small
100956375,205502258,1848579,1617 E Mcmillan St #502,Cincinnati,OH,45206,,,Walnut Hills,199900,2.0,2.0,2.0,1285.0,111801.0,1962.0,1.0,3,2,1,Active,1,156.0,1458.0,,"{'value': 694376913, 'level': 1}",995612400000.0,False,False,False,False,False,,158,64,False,/OH/Cincinnati/1617-E-McMillan-St-45206/unit-502/home/100956375,2025-07-26T15:01:18.833686,active,99950.0,99950.0,642.5,1.0,62.0,Moderate,Medium
78921471,205499625,1848365,1243 Ayershire Ave,Cincinnati,OH,45230,,,Mt. Washington,299000,4.0,2.0,2.0,1348.0,7231.0,1952.0,2.0,6,1,1,Active,1,222.0,,,"{'value': 699060286, 'level': 1}",1632726000000.0,False,False,False,False,False,,158,64,False,/OH/Cincinnati/1243-Ayershire-Ave-45230/home/78921471,2025-07-26T15:01:18.833691,active,74750.0,149500.0,337.0,2.0,72.0,Moderate,Medium
78951352,205498894,1848558,3836 North Bend Rd,Cheviot,OH,45211,,,Cheviot,267500,3.0,1.5,1.0,1534.0,7536.0,1922.0,2.0,6,1,1,Active,1,174.0,,,"{'value': 700934338, 'level': 1}",1741935600000.0,False,False,False,False,False,,158,64,False,/OH/Cincinnati/3836-N-Bend-Rd-45211/home/78951352,2025-07-26T15:01:18.833697,active,89166.66666666667,178333.33333333334,511.3333333333333,2.0,102.0,Moderate,Medium
101017312,205498344,1848552,3832 Ebenezer Rd,Green Twp,OH,45248,,,Green Twp.,269900,3.0,2.0,2.0,1698.0,19297.0,1928.0,2.0,6,1,1,Active,1,159.0,,,"{'value': 703737661, 'level': 1}",1629961200000.0,False,False,False,False,False,,158,64,False,/OH/Cincinnati/3832-Ebenezer-Rd-45248/home/101017312,2025-07-26T15:01:18.833704,active,89966.66666666667,134950.0,566.0,1.5,96.0,Moderate,Medium
71383413,205497815,1848548,678 Charwood Dr,Union Twp,OH,45244,,,Union Twp.,235000,3.0,1.0,1.0,1305.0,8843.0,1959.0,1.0,6,1,1,Active,1,180.0,,,"{'value': 709945443, 'level': 1}",1592463600000.0,False,False,False,False,False,,158,64,False,/OH/Cincinnati/678-Charwood-Dr-45244/home/71383413,2025-07-26T15:01:18.833710,active,78333.33333333333,235000.0,435.0,3.0,65.0,Moderate,Medium
78747213,205405744,1848092,9639 Delray Dr,Montgomery,OH,45242,,,Montgomery,1150000,4.0,3.5,3.0,,19733.0,1951.0,1.0,6,1,1,Active,1,,,,"{'value': 730599698, 'level': 1}",1658386800000.0,False,True,False,False,False,,158,64,False,/OH/Montgomery/9639-Delray-Dr-45242/home/78747213,2025-07-26T15:01:18.833716,active,287500.0,328571.4285714286,,1.1428571428571428,73.0,Ultra_Luxury,
78898869,205442233,1848270,7107 Foxview Dr,Anderson Twp,OH,45230,,,Anderson Twp.,665000,4.0,3.0,2.0,2668.0,19994.0,1986.0,2.0,6,1,1,Active,1,249.0,,,"{'value': 730600292, 'level': 1}",1336719600000.0,False,False,False,False,False,,158,64,False,/OH/Cincinnati/7107-Foxview-Dr-45230/home/78898869,2025-07-26T15:01:18.833722,active,166250.0,221666.66666666666,667.0,1.3333333333333333,38.0,Luxury,Very_Large
76080474,205379300,1847870,7156 Maple Ave,Madeira,OH,45243,,,Madeira,1095000,4.0,3.5,3.0,3657.0,,2022.0,2.0,6,1,1,Active,1,299.0,,,"{'value': 730600395, 'level': 1}",1738569600000.0,False,False,False,False,False,,158,64,False,/OH/Cincinnati/7156-Maple-Ave-45243/home/76080474,2025-07-26T15:01:18.833728,active,273750.0,312857.14285714284,914.25,1.1428571428571428,2.0,Ultra_Luxury,Mansion
78919471,205400939,1848142,3529 Pembroke Ave,Cincinnati,OH,45208,,,Hyde Park,485000,3.0,1.5,1.0,1224.0,4792.0,1926.0,2.0,6,1,1,Active,1,396.0,,,"{'value': 730600810, 'level': 1}",1656486000000.0,False,False,False,False,False,,158,64,False,/OH/Cincinnati/3529-Pembroke-Ave-45208/home/78919471,2025-07-26T15:01:18.833734,active,161666.66666666666,323333.3333333333,408.0,2.0,98.0,Upper_Mid,Medium
78919406,205456506,1848375,4310 Joan Pl,Mariemont,OH,45227,,,Mariemont,499000,3.0,2.0,2.0,2051.0,6621.0,1947.0,,6,1,1,Active,1,243.0,,,"{'value': 730601003, 'level': 1}",1610697600000.0,False,False,False,False,False,,158,64,False,/OH/Cincinnati/4310-Joan-Pl-45227/home/78919406,2025-07-26T15:01:18.833739,active,166333.33333333334,249500.0,683.6666666666666,1.5,77.0,Upper_Mid,Large
145763342,205423267,1848194,3131 Preserve Ln Unit 2C,Colerain Twp,OH,45239,,,Groesbeck,129900,2.0,2.0,2.0,1191.0,94978.0,1996.0,1.0,3,2,1,Active,1,109.0,433.0,,"{'value': 730601420, 'level': 1}",849081600000.0,False,False,False,False,False,,158,64,False,/OH/Cincinnati/3131-Preserve-Ln-45239/unit-2C/home/145763342,2025-07-26T15:01:18.833746,active,64950.0,64950.0,595.5,1.0,28.0,Budget,Small
185483302,205173096,1847270,155 Palisades Pointe #3,Cincinnati,OH,45238,,,Riverside,230000,2.0,2.0,2.0,1372.0,,1996.0,1.0,3,2,1,Active,1,168.0,275.0,,"{'value': 730601469, 'level': 1}",861692400000.0,False,False,False,False,False,,158,64,False,/OH/Cincinnati/155-Palisades-Pt-45238/unit-3/home/185483302,2025-07-26T15:01:18.833751,active,115000.0,115000.0,686.0,1.0,28.0,Moderate,Medium
84241277,205391701,1848069,1123 Salisbury Dr,Cincinnati,OH,45226,,,Mt. Lookout,900000,4.0,2.5,2.0,2056.0,6273.0,1930.0,3.0,6,1,1,Active,1,438.0,,,"{'value': 730601534, 'level': 1}",1690527600000.0,False,True,False,False,False,,158,64,False,/OH/Cincinnati/1123-Salisbury-Dr-45226/home/84241277,2025-07-26T15:01:18.833757,active,225000.0,360000.0,514.0,1.6,94.0,Ultra_Luxury,Large
76163654,205235424,1847516,8497 Highton Ct,Sycamore Twp,OH,45236,,,Sycamore Twp.,399000,3.0,1.5,1.0,2353.0,19166.0,1961.0,,6,1,1,Active,1,170.0,,,"{'value': 730601686, 'level': 1}",1611302400000.0,False,False,False,False,False,,158,64,False,/OH/Cincinnati/8497-Highton-Ct-45236/home/76163654,2025-07-26T15:01:18.833763,active,133000.0,266000.0,784.3333333333334,2.0,63.0,Upper_Mid,Large
76151624,205392599,1848093,7018 Bramble Ave,Columbia Twp,OH,45227,,,Columbia Twp.,279000,3.0,1.0,1.0,940.0,4269.0,1939.0,,6,1,1,Active,1,297.0,,,"{'value': 730601879, 'level': 1}",,False,False,False,False,False,,158,64,False,/OH/Cincinnati/7018-Bramble-Ave-45227/home/76151624,2025-07-26T15:01:18.833769,active,93000.0,279000.0,313.3333333333333,3.0,85.0,Moderate,Small
100965509,205401445,1848125,3231 Ashwood Dr,Cincinnati,OH,45213,,,Pleasant Ridge,439900,3.0,3.0,2.0,1691.0,4356.0,1946.0,2.0,6,1,1,Active,1,260.0,,,"{'value': 730602127, 'level': 1}",1491548400000.0,False,False,False,False,False,,158,64,False,/OH/Cincinnati/3231-Ashwood-Dr-45213/home/100965509,2025-07-26T15:01:18.833774,active,146633.33333333334,146633.33333333334,563.6666666666666,1.0,78.0,Upper_Mid,Medium
78826455,205448261,1848280,2728 Hackberry St,Cincinnati,OH,45206,,,Walnut Hills,710000,4.0,3.0,3.0,3747.0,5227.0,1884.0,3.0,6,1,1,Active,1,189.0,,,"{'value': 730602287, 'level': 1}",1388736000000.0,False,False,False,False,False,,158,64,True,/OH/Cincinnati/2728-Hackberry-St-45206/home/78826455,2025-07-26T15:01:18.833780,active,177500.0,236666.66666666666,936.75,1.3333333333333333,140.0,Luxury,Mansion
101019123,205362705,1847954,4295 Ebenezer Rd,Green Twp,OH,45248,,,Bridgetown,289900,3.0,2.0,2.0,1373.0,31189.0,1890.0,2.0,6,1,1,Active,1,211.0,,,"{'value': 730602358, 'level': 1}",893401200000.0,False,False,False,False,False,,158,64,False,/OH/Cincinnati/4295-Ebenezer-Rd-45248/home/101019123,2025-07-26T15:01:18.833786,active,96633.33333333333,144950.0,457.6666666666667,1.5,134.0,Moderate,Medium
76090957,205421155,1847724,11507 Applejack Ct,Symmes Twp,OH,45249,,,Symmes Twp.,760000,4.0,4.0,4.0,3480.0,29185.0,1983.0,2.0,6,1,1,Active,1,218.0,,,"{'value': 730602479, 'level': 1}",1496991600000.0,False,False,False,False,False,,158,64,False,/OH/Cincinnati/11507-Applejack-Ct-45249/home/76090957,2025-07-26T15:01:18.833792,active,190000.0,190000.0,870.0,1.0,41.0,Ultra_Luxury,Very_Large
76126154,205491514,1848537,7876 Ayerdayl Dr,Anderson Twp,OH,45255,,,Anderson Twp.,429999,4.0,2.5,2.0,2180.0,13155.0,1969.0,2.0,6,1,1,Active,1,197.0,,,"{'value': 743182393, 'level': 1}",541670400000.0,False,False,False,False,False,,158,64,False,/OH/Cincinnati/7876-Ayerdayl-Ln-45255/home/76126154,2025-07-26T15:01:18.833798,active,107499.75,171999.6,545.0,1.6,55.0,Upper_Mid,Large
78941912,205490021,1848101,2548 Hackberry St,Cincinnati,OH,45206,,,Walnut Hills,469000,3.0,2.5,2.0,1856.0,4225.0,1915.0,3.0,6,1,1,Active,1,253.0,,,"{'value': 745729568, 'level': 1}",1715324400000.0,False,False,False,False,False,,158,64,False,/OH/Cincinnati/2548-Hackberry-St-45206/home/78941912,2025-07-26T15:01:18.833803,active,156333.33333333334,187600.0,618.6666666666666,1.2,109.0,Upper_Mid,Large
186263748,205461109,1848381,4341 Motivation Path,Union Twp,OH,45245,,,Union Twp.,310000,3.0,2.5,2.0,1659.0,2818.0,2023.0,2.0,6,1,1,Active,1,187.0,215.0,,"{'value': 753540576, 'level': 1}",1698390000000.0,False,False,False,False,False,,158,64,False,/OH/Cincinnati/4341-Motivation-PATH-45245/home/186263748,2025-07-26T15:01:18.833809,active,103333.33333333333,124000.0,553.0,1.2,1.0,Upper_Mid,Medium
78960213,205484013,1848484,12125 Crown Ct,Sharonville,OH,45241,,,Sharonville,450000,4.0,3.5,3.0,3238.0,11369.0,1985.0,2.0,6,1,1,Active,1,139.0,37.0,,"{'value': 754735160, 'level': 1}",1563865200000.0,False,False,False,False,False,,158,64,False,/OH/Cincinnati/12125-Crown-Ct-45241/home/78960213,2025-07-26T15:01:18.833814,active,112500.0,128571.42857142857,809.5,1.1428571428571428,39.0,Upper_Mid,Very_Large
76097366,205483551,1848522,1129 Elm Park Dr,Cincinnati,OH,45216,,,Bond Hill,419000,6.0,4.0,4.0,3186.0,5881.0,1960.0,2.0,4,4,1,Active,1,132.0,,,"{'value': 755344592, 'level': 1}",1692342000000.0,False,False,False,False,False,,158,64,False,/OH/Cincinnati/1129-Elm-Park-Dr-45216/home/76097366,2025-07-26T15:01:18.833820,active,69833.33333333333,104750.0,531.0,1.5,64.0,Upper_Mid,Very_Large
76121353,205481798,1848440,3552 Trimble Ave,Cincinnati,OH,45207,,,Evanston,449000,4.0,2.5,2.0,2518.0,8712.0,1907.0,3.0,6,1,1,Active,1,178.0,,,"{'value': 757140532, 'level': 1}",1741849200000.0,False,False,False,False,False,,158,64,False,/OH/Cincinnati/3552-Trimble-Ave-45207/home/76121353,2025-07-26T15:01:18.833826,active,112250.0,179600.0,629.5,1.6,117.0,Upper_Mid,Very_Large
78904669,205480009,1848416,1715 Wm H Taft Rd,Cincinnati,OH,45206,,,Walnut Hills,374900,3.0,2.5,2.0,1654.0,4095.0,1905.0,3.0,6,1,1,Active,1,227.0,,,"{'value': 759184366, 'level': 1}",1597129200000.0,False,False,False,False,False,,158,64,False,/OH/Cincinnati/1715-William-Howard-Taft-Rd-45206/home/78904669,2025-07-26T15:01:18.833832,active,124966.66666666667,149960.0,551.3333333333334,1.2,119.0,Upper_Mid,Medium
101012948,205478952,1848479,3072 Timberview Dr,Green Twp,OH,45211,,,Monfort Hts.,299900,3.0,2.0,2.0,1720.0,20473.0,1957.0,1.0,6,1,1,Active,1,174.0,,,"{'value': 760327017, 'level': 1}",725011200000.0,False,False,False,False,False,,158,64,False,/OH/Cincinnati/3072-Timberview-Dr-45211/home/101012948,2025-07-26T15:01:18.833837,active,99966.66666666667,149950.0,573.3333333333334,1.5,67.0,Moderate,Medium
100978483,205478395,1848493,2741 Baker Ave,Cincinnati,OH,45211,,,Westwood,179900,4.0,1.0,1.0,1073.0,,,1.0,6,1,1,Active,1,168.0,,,"{'value': 760981174, 'level': 1}",1088146800000.0,False,False,False,False,False,,158,64,False,/OH/Cincinnati/2741-Baker-Ave-45211/home/100978483,2025-07-26T15:01:18.833844,active,44975.0,179900.0,268.25,4.0,,Moderate,Small
184882708,205475432,1848438,199 E Rochelle St,Cincinnati,OH,45219,,,Corryville,270000,1.0,1.5,1.0,895.0,13913.0,2013.0,2.0,13,3,1,Active,1,302.0,400.0,,"{'value': 763737909, 'level': 1}",1647500400000.0,False,False,False,False,False,,158,64,False,/OH/Cincinnati/199-E-Rochelle-St-45219/home/184882708,2025-07-26T15:01:18.833851,active,270000.0,180000.0,895.0,0.6666666666666666,11.0,Moderate,Small
78787090,205474824,1848473,2892 Spruceway Dr,Colerain Twp,OH,45251,,,Colerain Twp.West,269900,3.0,1.5,1.0,1484.0,10585.0,1976.0,,6,1,1,Active,1,182.0,,,"{'value': 764424521, 'level': 1}",1528873200000.0,False,True,False,False,False,,158,64,False,/OH/Cincinnati/2892-Spruceway-Dr-45251/home/78787090,2025-07-26T15:01:18.833857,active,89966.66666666667,179933.33333333334,494.6666666666667,2.0,48.0,Moderate,Medium
76082160,205472433,1848450,5732 Fourson Dr,Delhi Twp,OH,45233,,,Delhi Twp.,315000,4.0,2.5,2.0,1499.0,,1960.0,1.0,6,1,1,Active,1,210.0,,,"{'value': 767039594, 'level': 1}",1542355200000.0,False,True,False,False,False,,158,64,False,/OH/Cincinnati/5732-Fourson-Dr-45233/home/76082160,2025-07-26T15:01:18.833862,active,78750.0,126000.0,374.75,1.6,64.0,Upper_Mid,Medium
185474445,205472150,1848444,11782 Gable Glen Ln,Symmes Twp,OH,45249,,,Symmes Twp.,324900,3.0,3.0,2.0,1711.0,,1989.0,2.0,13,3,1,Active,1,190.0,593.0,,"{'value': 767457762, 'level': 1}",1734681600000.0,False,False,False,False,False,,158,64,False,/OH/Cincinnati/11782-Gable-Glen-Ln-45249/home/185474445,2025-07-26T15:01:18.833869,active,108300.0,108300.0,570.3333333333334,1.0,35.0,Upper_Mid,Medium
76095335,205469977,1848459,6012 Clephane Ave,Cincinnati,OH,45227,,,Madisonville,525000,3.0,2.5,2.0,1096.0,5489.0,1885.0,2.0,6,1,1,Active,1,479.0,,,"{'value': 769731789, 'level': 1}",1681196400000.0,False,False,False,False,False,,158,64,False,/OH/Cincinnati/6012-Clephane-Ave-45227/home/76095335,2025-07-26T15:01:18.833875,active,175000.0,210000.0,365.3333333333333,1.2,139.0,Luxury,Small
78782166,205469474,1848376,2070 Adams Rd,Springfield Twp.,OH,45231,,,Springfield Twp.,279900,4.0,2.5,2.0,2408.0,19776.0,1950.0,1.0,6,1,1,Active,1,116.0,,,"{'value': 770333865, 'level': 1}",1017129600000.0,False,False,False,False,False,,158,64,False,/OH/Cincinnati/2070-Adams-Rd-45231/home/78782166,2025-07-26T15:01:18.833880,active,69975.0,111960.0,602.0,1.6,74.0,Moderate,Large
100961302,205468287,1848441,23 E Rochelle St,Cincinnati,OH,45219,,,Corryville,275900,3.0,2.0,2.0,855.0,,1895.0,2.0,6,1,1,Active,1,323.0,,,"{'value': 771502763, 'level': 1}",1713510000000.0,False,False,False,False,False,,158,64,False,/OH/Cincinnati/23-E-Rochelle-St-45219/home/100961302,2025-07-26T15:01:18.833886,active,91966.66666666667,137950.0,285.0,1.5,129.0,Moderate,Small
101013971,205467866,1848439,6195 Seiler Dr,Green Twp,OH,45239,,,White Oak,325000,4.0,2.5,2.0,1872.0,9583.0,1965.0,2.0,6,1,1,Active,1,174.0,,,"{'value': 772018570, 'level': 1}",823161600000.0,False,False,False,False,False,,158,64,False,/OH/Cincinnati/6195-Seiler-Dr-45239/home/101013971,2025-07-26T15:01:18.833893,active,81250.0,130000.0,468.0,1.6,59.0,Upper_Mid,Large
78775680,205467117,1848406,5685 Sidney Rd,Green Twp,OH,45238,,,Green Twp.,189900,2.0,1.0,1.0,1026.0,9975.0,1928.0,1.0,6,1,1,Active,1,185.0,,,"{'value': 772864635, 'level': 1}",1503471600000.0,False,False,False,False,False,,158,64,False,/OH/Cincinnati/5685-Sidney-Rd-45238/home/78775680,2025-07-26T15:01:18.833899,active,94950.0,189900.0,513.0,2.0,96.0,Moderate,Small
78821528,205463978,1848432,5463 Hanover Cir,Cincinnati,OH,45230,,,Mt. Washington,247500,3.0,3.0,3.0,1696.0,2352.0,1990.0,2.0,13,3,1,Active,1,146.0,435.0,,"{'value': 775975927, 'level': 1}",1597042800000.0,False,False,False,False,False,,158,64,False,/OH/Cincinnati/5463-Hanover-Cir-45230/home/78821528,2025-07-26T15:01:18.833905,active,82500.0,82500.0,565.3333333333334,1.0,34.0,Moderate,Medium
76120461,205461777,1848405,2177 Crane Ave,Cincinnati,OH,45207,,,Evanston,325000,3.0,2.0,2.0,1458.0,4792.0,1927.0,2.0,6,1,1,Active,1,223.0,,,"{'value': 778729964, 'level': 1}",1555311600000.0,False,False,False,False,False,,158,64,False,/OH/Cincinnati/2177-Crane-Ave-45207/home/76120461,2025-07-26T15:01:18.833911,active,108333.33333333333,162500.0,486.0,1.5,97.0,Upper_Mid,Medium
76090314,205459650,1847922,10837 Fallsington Ct,Blue Ash,OH,45242,,,Blue Ash,385000,3.0,3.5,3.0,1768.0,1960.0,1984.0,2.0,6,1,1,Active,1,218.0,503.0,,"{'value': 781462106, 'level': 1}",1597647600000.0,False,False,False,False,False,,158,64,False,/OH/Blue-Ash/10837-Fallsington-Ct-45242/home/76090314,2025-07-26T15:01:18.833916,active,128333.33333333333,110000.0,589.3333333333334,0.8571428571428571,40.0,Upper_Mid,Medium
76149478,205458051,1848224,8474 Chesswood Dr,Colerain Twp,OH,45239,,,White Oak,255900,3.0,2.0,2.0,1053.0,,1959.0,1.0,6,1,1,Active,1,243.0,,,"{'value': 783885981, 'level': 1}",1721286000000.0,False,False,False,False,False,,158,64,False,/OH/Cincinnati/8474-Chesswood-Dr-45239/home/76149478,2025-07-26T15:01:18.833922,active,85300.0,127950.0,351.0,1.5,65.0,Moderate,Small
78968612,205457823,1848372,3779 Wilmar Dr,Cheviot,OH,45211,,,Cheviot,335000,4.0,4.0,4.0,2688.0,6839.0,1959.0,2.0,4,4,1,Active,1,125.0,,,"{'value': 784261362, 'level': 1}",958719600000.0,False,False,False,False,False,,158,64,False,/OH/Cincinnati/3779-Wilmar-Dr-45211/home/78968612,2025-07-26T15:01:18.833927,active,83750.0,83750.0,672.0,1.0,65.0,Upper_Mid,Very_Large
76170864,205456484,1847872,5923 Lantana Ave,Cincinnati,OH,45224,,,College Hill,229000,3.0,2.0,2.0,1670.0,6708.0,1922.0,2.0,6,1,1,Active,1,137.0,,,"{'value': 787980812, 'level': 1}",1741762800000.0,False,False,False,False,False,,158,64,False,/OH/Cincinnati/5923-Lantana-Ave-45224/home/76170864,2025-07-26T15:01:18.833933,active,76333.33333333333,114500.0,556.6666666666666,1.5,102.0,Moderate,Medium
78965997,205456367,1848351,542 Davenport Ave Unit D,Cincinnati,OH,45204,,,Price Hill,659000,2.0,3.0,2.0,2576.0,,2002.0,3.0,3,2,1,Active,1,256.0,500.0,,"{'value': 788452058, 'level': 1}",1636704000000.0,False,False,False,False,False,,158,64,False,/OH/Cincinnati/542-Davenport-Ave-45204/unit-D/home/78965997,2025-07-26T15:01:18.833938,active,329500.0,219666.66666666666,1288.0,0.6666666666666666,22.0,Luxury,Very_Large
100988393,205456314,1848385,1541 Wittekind Ter,Cincinnati,OH,45224,,,College Hill,345000,4.0,2.5,2.0,1640.0,7623.0,1935.0,,6,1,1,Active,1,210.0,,,"{'value': 788701565, 'level': 1}",1001055600000.0,False,False,False,False,False,,158,64,False,/OH/Cincinnati/1541-Wittekind-Ter-45224/home/100988393,2025-07-26T15:01:18.833944,active,86250.0,138000.0,410.0,1.6,89.0,Upper_Mid,Medium
100992694,205455772,1848016,2201 Candlemaker Dr,Anderson Twp,OH,45244,,,Anderson Twp.,499900,4.0,2.5,2.0,1992.0,14549.0,1984.0,2.0,6,1,1,Active,1,251.0,,,"{'value': 792296589, 'level': 1}",1558594800000.0,False,False,False,False,False,,158,64,False,/OH/Cincinnati/2201-Candlemaker-Dr-45244/home/100992694,2025-07-26T15:01:18.833949,active,124975.0,199960.0,498.0,1.6,40.0,Upper_Mid,Large
100944808,205453375,1848370,1943 Chase Ave,Cincinnati,OH,45223,,,Northside,426000,4.0,3.0,2.0,2466.0,5467.0,2013.0,2.0,6,1,1,Active,1,173.0,29.0,,"{'value': 815217204, 'level': 1}",1751958000000.0,False,False,False,False,False,,158,64,False,/OH/Cincinnati/1943-Chase-Ave-45223/home/100944808,2025-07-26T15:01:18.833955,active,106500.0,142000.0,616.5,1.3333333333333333,11.0,Upper_Mid,Large
100952034,205346278,1847852,3518 Victoria Pl,Cincinnati,OH,45208,,,Hyde Park,649900,3.0,2.5,2.0,1863.0,4400.0,1940.0,,6,1,1,Active,1,349.0,,,"{'value': 816899508, 'level': 1}",913968000000.0,False,False,False,False,False,,158,64,False,/OH/Cincinnati/3518-Victoria-Pl-45208/home/100952034,2025-07-26T15:01:18.833961,active,216633.33333333334,259960.0,621.0,1.2,84.0,Luxury,Large
196434379,205421040,1847216,116 W Fifteenth St #204,Cincinnati,OH,45202,,,City,299900,1.0,1.0,1.0,731.0,155030.0,2018.0,1.0,3,2,1,Active,1,410.0,272.0,,"{'value': 816899751, 'level': 1}",,False,False,False,False,False,,158,64,False,/OH/Cincinnati/116-W-15th-St-45202/unit-204/home/196434379,2025-07-26T15:01:18.833967,active,299900.0,299900.0,731.0,1.0,6.0,Moderate,Small
78834517,205398216,1847925,3811 Drakewood Dr,Cincinnati,OH,45208,,,Oakley,699000,3.0,2.5,2.0,2858.0,8843.0,1936.0,2.0,6,1,1,Active,1,245.0,,,"{'value': 816899902, 'level': 1}",1653980400000.0,False,False,False,False,False,,158,64,False,/OH/Cincinnati/3811-Drakewood-Dr-45209/home/78834517,2025-07-26T15:01:18.833972,active,233000.0,279600.0,952.6666666666666,1.2,88.0,Luxury,Very_Large
78815503,205422881,1848116,3923 S Madison Ave,Norwood,OH,45213,,,Norwood,429000,4.0,1.5,1.0,1901.0,6665.0,1910.0,3.0,6,1,1,Active,1,226.0,,,"{'value': 816900158, 'level': 1}",1470898800000.0,False,False,False,False,False,,158,64,False,/OH/Cincinnati/3923-S-Madison-Ave-45212/home/78815503,2025-07-26T15:01:18.833978,active,107250.0,286000.0,475.25,2.6666666666666665,114.0,Upper_Mid,Large
78924424,205358284,1847887,40 Carpenters Rdg,Blue Ash,OH,45241,,,Blue Ash,510000,3.0,3.0,2.0,2919.0,5271.0,1985.0,3.0,13,3,1,Active,1,175.0,494.0,,"{'value': 816900263, 'level': 1}",1494572400000.0,False,False,False,False,False,,158,64,False,/OH/Blue-Ash/40-Carpenters-Rdg-45241/home/78924424,2025-07-26T15:01:18.833985,active,170000.0,170000.0,973.0,1.0,39.0,Luxury,Very_Large
100983364,205369021,1847997,3673 Vine St,Cincinnati,OH,45220,,,Clifton,289900,6.0,2.0,2.0,2962.0,8320.0,1913.0,2.0,6,1,1,Active,1,98.0,,,"{'value': 1020335840, 'level': 1}",1651561200000.0,False,True,False,True,False,,158,64,False,/OH/Cincinnati/3673-Vine-St-45220/home/100983364,2025-07-26T15:01:18.833991,active,48316.666666666664,144950.0,493.6666666666667,3.0,111.0,Moderate,Very_Large
145066584,205215913,1847374,540 Slack St,Cincinnati,OH,45202,,,Mt. Auburn,700000,3.0,3.5,3.0,2056.0,2026.0,2018.0,3.0,6,1,1,Active,1,340.0,,,"{'value': 1248890388, 'level': 1}",1651820400000.0,False,True,False,False,False,,158,64,False,/OH/Cincinnati/540-Slack-St-45202/home/145066584,2025-07-26T15:01:18.833997,active,233333.33333333334,200000.0,685.3333333333334,0.8571428571428571,6.0,Luxury,Large
101030854,205266497,1847560,155 Bonham Rd,Wyoming,OH,45215,,,Wyoming,370000,3.0,2.5,2.0,1517.0,10019.0,1948.0,2.0,6,1,1,Active,1,244.0,,,"{'value': 1364096214, 'level': 1}",1750143600000.0,False,True,False,True,False,,158,64,False,/OH/Cincinnati/155-Bonham-Rd-45215/home/101030854,2025-07-26T15:01:18.834003,active,123333.33333333333,148000.0,505.6666666666667,1.2,76.0,Upper_Mid,Medium
78937502,204751401,1845824,5725 Sovereign Dr,Sharonville,OH,45241,,,Sharonville,550000,4.0,3.5,3.0,3771.0,13896.0,1985.0,2.0,6,1,1,Active,1,146.0,37.0,,"{'value': 2560140898, 'level': 1}",1716188400000.0,False,True,False,True,False,,158,64,False,/OH/Cincinnati/5725-Sovereign-Dr-45241/home/78937502,2025-07-26T15:01:18.834009,active,137500.0,157142.85714285713,942.75,1.1428571428571428,39.0,Luxury,Mansion
76126773,204727019,1846003,6624 Hitching Post Ln,Anderson Twp,OH,45230,,,Anderson Twp.,550000,4.0,3.0,3.0,2620.0,24306.0,1963.0,2.0,6,1,1,Active,1,210.0,,,"{'value': 2583532119, 'level': 1}",,False,True,False,True,False,,158,64,False,/OH/Cincinnati/6624-Hitching-Post-Ln-45230/home/76126773,2025-07-26T15:01:18.834015,active,137500.0,183333.33333333334,655.0,1.3333333333333333,61.0,Luxury,Very_Large
78879620,203272176,1842408,3880 Marburg Ave,Cincinnati,OH,45209,,,Oakley,335000,3.0,1.0,1.0,1304.0,6665.0,1941.0,2.0,6,1,1,Active,1,257.0,,,"{'value': 4927561320, 'level': 1}",1591945200000.0,False,True,False,False,False,,158,64,True,/OH/Cincinnati/3880-Marburg-Ave-45209/home/78879620,2025-07-26T15:01:18.834022,active,111666.66666666667,335000.0,434.6666666666667,3.0,83.0,Upper_Mid,Medium
78965314,201785800,1838006,2966 W Mcmicken Ave,Cincinnati,OH,45225,,,Clifton,115000,4.0,2.0,2.0,1014.0,6011.0,1920.0,2.0,6,1,1,Active,1,113.0,,,"{'value': 8264710201, 'level': 1}",1571641200000.0,False,False,False,False,False,,158,64,True,/OH/Cincinnati/2966-W-McMicken-Ave-45225/home/78965314,2025-07-26T15:01:18.834027,active,28750.0,57500.0,253.5,2.0,104.0,Budget,Small
100977137,205670854,1849281,1891 Biegler St,Cincinnati,OH,45214,,,Fairmount,3000,,,,,7405.0,,,8,5,1,Active,1,,,,"{'value': 168290733, 'level': 1}",1742799600000.0,False,False,False,False,False,,158,64,False,/OH/Cincinnati/1891-Biegler-St-45214/home/100977137,2025-07-26T15:01:18.834033,active,,,,,,Budget,
78997168,205662204,1849233,2508 Wilson Ave,Colerain Twp,OH,45231,,,Colerain Twp.East,25000,,,,,5053.0,,,8,5,1,Active,1,,,,"{'value': 179230340, 'level': 1}",,False,False,False,False,False,,158,64,False,/OH/Cincinnati/2508-Wilson-Ave-45231/home/78997168,2025-07-26T15:01:18.834038,active,,,,,,Budget,
196564005,205657155,1849061,513 Tafel St,Cincinnati,OH,45225,,,Clifton,28000,,,,,8451.0,,,8,5,1,Active,1,,,,"{'value': 211845210, 'level': 1}",,False,False,False,False,False,,158,64,False,/OH/Cincinnati/513-Tafel-St-45225/home/196564005,2025-07-26T15:01:18.834044,active,,,,,,Budget,
78973680,205648245,5142466,2153 Harrison Ave,Cincinnati,OH,45211,,,Robert Orr Sub,77999,,,,,22564.0,,,8,5,1,Active,1,,,,"{'value': 233029054, 'level': 1}",,False,False,False,False,False,,159,64,False,/OH/Cincinnati/2153-Harrison-Ave-45211/home/78973680,2025-07-26T15:01:18.834049,active,,,,,,Budget,
100957075,205638743,1849121,2361 Concord St,Cincinnati,OH,45206,,,Walnut Hills,32500,,,,,,,,8,5,1,Active,1,,,,"{'value': 245453901, 'level': 1}",1534402800000.0,False,False,False,False,False,,158,64,False,/OH/Cincinnati/2361-Concord-St-45206/home/100957075,2025-07-26T15:01:18.834055,active,,,,,,Budget,
76121494,205597580,1848932,3212 Glendora Ave,Cincinnati,OH,45220,,,Corryville,225000,,,,,5097.0,,,8,5,1,Active,1,,,,"{'value': 341704562, 'level': 1}",1624604400000.0,False,False,False,False,False,,158,64,False,/OH/Cincinnati/3212-Glendora-Ave-45220/home/76121494,2025-07-26T15:01:18.834060,active,,,,,,Moderate,
71380959,205566108,1848730,4182 Mt Carmel Tobasco Rd,Union Twp,OH,45255,,,Union Twp.,449000,,,,,76230.0,,,8,5,1,Active,1,,,,"{'value': 428215599, 'level': 1}",1681455600000.0,False,False,False,False,False,,158,64,False,/OH/Cincinnati/4182-Mount-Carmel-Tobasco-Rd-45255/home/71380959,2025-07-26T15:01:18.834066,active,,,,,,Upper_Mid,
82729831,205517062,5141123,365 Northland Blvd,Cincinnati,OH,45246,,,Cincinnati,189999,,,,,68781.0,,,8,5,1,Active,1,,,,"{'value': 677913383, 'level': 1}",,False,False,False,False,False,,159,64,False,/OH/Cincinnati/365-Northland-Blvd-45246/home/82729831,2025-07-26T15:01:18.834071,active,,,,,,Moderate,
76131628,205514998,1848625,5776 Panama St,Cincinnati,OH,45230,,,California,325000,,,,,19863.0,,,8,5,1,Active,1,,,,"{'value': 679973766, 'level': 1}",,False,False,False,False,False,,158,64,False,/OH/Cincinnati/5776-Panama-St-45230/home/76131628,2025-07-26T15:01:18.834077,active,,,,,,Upper_Mid,
194359605,205503363,1848595,8410 Old Kellogg Rd,Anderson Twp,OH,45255,,,Anderson Twp.,79900,,,,,68951.0,,,8,5,1,Active,1,,,,"{'value': 693062796, 'level': 1}",,False,False,False,False,False,,158,64,False,/OH/Cincinnati/8410-Old-Kellogg-Rd-45255/home/194359605,2025-07-26T15:01:18.834082,active,,,,,,Budget,
100943886,205467870,1848287,0 Goethe St,Cincinnati,OH,45202,,,Mt. Auburn,200000,,,,,4792.0,,,8,5,1,Active,1,,,,"{'value': 772016499, 'level': 1}",,False,False,False,False,False,,158,64,False,/OH/Cincinnati/Goethe-St-45202/home/100943886,2025-07-26T15:01:18.834088,active,,,,,,Moderate,
78883360,200078538,1832273,137 Valencia St,Cincinnati,OH,45219,,,Mt. Auburn,100000,,,,,6534.0,,,8,5,1,Active,1,,,,"{'value': 12512110343, 'level': 1}",1559113200000.0,False,False,False,False,False,,158,64,False,/OH/Cincinnati/137-Valencia-St-45219/home/78883360,2025-07-26T15:01:18.834093,active,,,,,,Budget,
100958573,199471067,1830673,17 Estelle St,Cincinnati,OH,45219,,,Mt. Auburn,160000,,,,,1742.0,,,8,5,1,Active,1,,,,"{'value': 14148186942, 'level': 1}",1533366000000.0,False,False,False,False,False,,158,64,False,/OH/Cincinnati/17-Estelle-St-45219/home/100958573,2025-07-26T15:01:18.834098,active,,,,,,Moderate,
78812863,205708540,1849044,7820 Eustis Ct,Cincinnati,OH,45236,,,Deer Park,300000,3.0,2.0,2.0,1375.0,5619.0,1952.0,1.0,6,1,1,Active,1,218.0,,,"{'value': 91125644, 'level': 1}",1498719600000.0,False,True,False,True,False,,158,64,False,/OH/Cincinnati/7820-Eustis-Ct-45236/home/78812863,2025-07-26T15:01:18.834109,active,100000.0,150000.0,458.3333333333333,1.5,72.0,Moderate,Medium
76140015,205750196,1849452,4636 Ashtree Dr,Cincinnati,OH,45223,,,Northside,192900,4.0,1.0,1.0,1165.0,6055.0,1955.0,1.0,6,1,1,Active,1,166.0,,,"{'value': 538425, 'level': 1}",1717743600000.0,False,False,False,False,False,,158,64,False,/OH/Cincinnati/4636-Ashtree-Dr-45223/home/76140015,2025-07-26T15:01:18.834115,active,48225.0,192900.0,291.25,4.0,69.0,Moderate,Small
100955420,205749110,1849509,1545 Ruth Ave,Cincinnati,OH,45207,,,Evanston,399900,3.0,2.5,2.0,1478.0,6273.0,2022.0,2.0,6,1,1,Active,1,271.0,,,"{'value': 5344691, 'level': 1}",1670227200000.0,False,False,False,False,False,,158,64,False,/OH/Cincinnati/1545-Ruth-Ave-45207/home/100955420,2025-07-26T15:01:18.834122,active,133300.0,159960.0,492.6666666666667,1.2,2.0,Upper_Mid,Medium
76152873,205745578,1849504,2169 Bolser Dr,Reading,OH,45215,,,Reading,340000,4.0,2.5,2.0,1728.0,8189.0,1986.0,4.0,6,1,1,Active,1,197.0,,,"{'value': 36063378, 'level': 1}",1632726000000.0,False,False,False,False,False,,158,64,True,/OH/Cincinnati/2169-Bolser-Dr-45215/home/76152873,2025-07-26T15:01:18.834129,active,85000.0,136000.0,432.0,1.6,38.0,Upper_Mid,Medium
76126752,205634856,1848781,7410 Lawyer Rd,Anderson Twp,OH,45244,,,Anderson Twp.,625000,3.0,4.0,4.0,2436.0,20038.0,1955.0,1.0,6,1,1,Active,1,257.0,,,"{'value': 39390390, 'level': 1}",1734508800000.0,False,False,False,False,False,,158,64,False,/OH/Cincinnati/7410-Lawyer-Rd-45244/home/76126752,2025-07-26T15:01:18.834136,active,208333.33333333334,156250.0,812.0,0.75,69.0,Luxury,Large
101035664,205606823,1848033,800 Cedarhill Dr,Springdale,OH,45240,,,Springdale,300000,4.0,2.5,2.0,2046.0,12023.0,1969.0,2.0,6,1,1,Active,1,147.0,,,"{'value': 39391056, 'level': 1}",937983600000.0,False,False,False,False,False,,158,64,False,/OH/Cincinnati/800-Cedarhill-Dr-45240/home/101035664,2025-07-26T15:01:18.834143,active,75000.0,120000.0,511.5,1.6,55.0,Moderate,Large
76164031,205713592,1849415,7959 Jolain Dr,Montgomery,OH,45242,,,Montgomery,750000,4.0,3.5,3.0,3080.0,16379.0,1963.0,2.0,6,1,1,Active,1,244.0,,,"{'value': 39391421, 'level': 1}",1664866800000.0,False,False,False,False,False,,158,64,False,/OH/Montgomery/7959-Jolain-Dr-45242/home/76164031,2025-07-26T15:01:18.834151,active,187500.0,214285.7142857143,770.0,1.1428571428571428,61.0,Luxury,Very_Large
78823071,205651447,1849211,2823 Erie Ave,Cincinnati,OH,45208,,,Hyde Park,1090000,4.0,4.5,4.0,2497.0,8146.0,1907.0,3.0,6,1,1,Active,1,437.0,,,"{'value': 39391481, 'level': 1}",1568358000000.0,False,False,False,False,False,,158,64,False,/OH/Cincinnati/2823-Erie-Ave-45208/home/78823071,2025-07-26T15:01:18.834157,active,272500.0,242222.22222222222,624.25,0.8888888888888888,117.0,Ultra_Luxury,Large
76077504,205660797,1849144,1992 Flintshire Ct,Anderson Twp,OH,45230,,,Anderson Twp.,315900,4.0,2.5,2.0,1764.0,9017.0,1967.0,2.0,6,1,1,Active,1,179.0,,,"{'value': 39391583, 'level': 1}",,False,False,False,False,False,,158,64,False,/OH/Cincinnati/1992-Flintshire-Ct-45230/home/76077504,2025-07-26T15:01:18.834165,active,78975.0,126360.0,441.0,1.6,57.0,Upper_Mid,Medium
100948905,205562937,1848638,3421 Golden Ave #8,Cincinnati,OH,45226,,,Columbia/Tusculum,459900,2.0,2.5,2.0,1714.0,784.0,1994.0,2.0,13,3,1,Active,1,268.0,275.0,,"{'value': 39391794, 'level': 1}",1703577600000.0,False,False,False,False,False,,158,64,False,/OH/Cincinnati/3421-Golden-Ave-45226/unit-8/home/100948905,2025-07-26T15:01:18.834172,active,229950.0,183960.0,857.0,0.8,30.0,Upper_Mid,Medium
101043394,205707336,1849132,4132 Fox Hollow Dr,Blue Ash,OH,45241,,,Blue Ash,450000,3.0,2.5,2.0,1760.0,11805.0,1979.0,,6,1,1,Active,1,256.0,,,"{'value': 39391911, 'level': 1}",1590044400000.0,False,False,False,False,False,,158,64,False,/OH/Blue-Ash/4132-Fox-Hollow-Dr-45241/home/101043394,2025-07-26T15:01:18.834179,active,150000.0,180000.0,586.6666666666666,1.2,45.0,Upper_Mid,Medium
100963790,205736947,1849476,7341 Parkdale Ave,Cincinnati,OH,45327,,,Roselawn,359000,4.0,2.5,2.0,2517.0,7405.0,1935.0,2.0,6,1,1,Active,1,143.0,,,"{'value': 58977393, 'level': 1}",1733990400000.0,False,False,False,False,False,,158,64,False,/OH/Cincinnati/7341-Parkdale-Ave-45237/home/100963790,2025-07-26T15:01:18.834185,active,89750.0,143600.0,629.25,1.6,89.0,Upper_Mid,Very_Large
101050032,205734521,1849389,404 Oak St,Elmwood Place,OH,45216,,,Elmwood Place,164000,3.0,1.0,1.0,1360.0,7492.0,1870.0,2.0,6,1,1,Active,1,121.0,,,"{'value': 62841233, 'level': 1}",1043654400000.0,False,False,False,False,False,,158,64,False,/OH/Elmwood-Place/404-Oak-St-45216/home/101050032,2025-07-26T15:01:18.834191,active,54666.666666666664,164000.0,453.3333333333333,3.0,154.0,Moderate,Medium
78773054,205733369,1849495,6441 Euclid Ave,Madeira,OH,45243,,,Madeira,849900,4.0,3.0,3.0,3762.0,31145.0,1989.0,2.0,6,1,1,Active,1,226.0,,,"{'value': 64014465, 'level': 1}",1749625200000.0,False,False,False,False,False,,158,64,False,/OH/Cincinnati/6441-Euclid-Ave-45243/home/78773054,2025-07-26T15:01:18.834197,active,212475.0,283300.0,940.5,1.3333333333333333,35.0,Ultra_Luxury,Mansion
76139882,205730860,1849344,912 Livingston St,Cincinnati,OH,45214,,,City,270000,2.0,1.5,1.0,1056.0,1263.0,1887.0,2.0,6,1,1,Active,1,256.0,,,"{'value': 66905025, 'level': 1}",1709107200000.0,False,False,False,False,False,,158,64,False,/OH/Cincinnati/912-Livingston-St-45214/home/76139882,2025-07-26T15:01:18.834203,active,135000.0,180000.0,528.0,1.3333333333333333,137.0,Moderate,Small
185687580,205730141,1849416,1701 Cleveland Ave,Norwood,OH,45212,,,Norwood,364000,4.0,4.0,4.0,,6970.0,1927.0,2.0,4,4,1,Active,1,,,,"{'value': 67433912, 'level': 1}",1653980400000.0,False,False,False,False,False,,158,64,False,/OH/Norwood/1701-Cleveland-Ave-45212/home/185687580,2025-07-26T15:01:18.834210,active,91000.0,91000.0,,1.0,97.0,Upper_Mid,
101003985,205730140,1849494,6516 Willow Hollow Ln,Madeira,OH,45243,,,Madeira,1024900,4.0,2.5,2.0,2836.0,12023.0,1964.0,2.0,6,1,1,Active,1,361.0,,,"{'value': 67434598, 'level': 1}",1732176000000.0,False,False,False,False,False,,158,64,False,/OH/Cincinnati/6516-Willow-Hollow-Ln-45243/home/101003985,2025-07-26T15:01:18.834216,active,256225.0,409960.0,709.0,1.6,60.0,Ultra_Luxury,Very_Large
78968557,205729814,1849460,2458 Duck Creek Rd,Cincinnati,OH,45212,,,Norwood,164900,2.0,2.0,2.0,1680.0,2701.0,1928.0,2.0,4,4,1,Active,1,98.0,,,"{'value': 67734113, 'level': 1}",953280000000.0,False,False,False,False,False,,158,64,False,/OH/Cincinnati/2458-Duck-Creek-Rd-45212/home/78968557,2025-07-26T15:01:18.834221,active,82450.0,82450.0,840.0,1.0,96.0,Moderate,Medium
76141135,205729665,1849493,3064 Mchenry Ave,Cincinnati,OH,45211,,,Westwood,229900,3.0,2.0,2.0,1152.0,8843.0,1937.0,2.0,6,1,1,Active,1,200.0,,,"{'value': 67861773, 'level': 1}",1682319600000.0,False,False,False,False,False,,158,64,False,/OH/Cincinnati/3064-McHenry-Ave-45211/home/76141135,2025-07-26T15:01:18.834226,active,76633.33333333333,114950.0,384.0,1.5,87.0,Moderate,Small
78858981,205728356,1849126,4951 Heuwerth Ave,Cincinnati,OH,45238,,,Covedale,279999,3.0,2.0,2.0,1701.0,7187.0,1935.0,,6,1,1,Active,1,165.0,,,"{'value': 69294925, 'level': 1}",1746082800000.0,False,False,False,False,False,,158,64,False,/OH/Cincinnati/4951-Heuwerth-Ave-45238/home/78858981,2025-07-26T15:01:18.834231,active,93333.0,139999.5,567.0,1.5,89.0,Moderate,Medium
101054117,205728182,1849447,1117 Cutter St,Cincinnati,OH,45203,,,City,495000,3.0,2.5,2.0,2127.0,1960.0,2003.0,3.0,3,2,1,Active,1,233.0,232.0,,"{'value': 69540175, 'level': 1}",1075881600000.0,False,False,False,False,False,,158,64,False,/OH/Cincinnati/1117-Cutter-St-45203/home/101054117,2025-07-26T15:01:18.834238,active,165000.0,198000.0,709.0,1.2,21.0,Upper_Mid,Large
76091806,205726070,1849474,2327 Glenside Ave,Norwood,OH,45212,,,Norwood,280000,3.0,1.0,1.0,,,1920.0,2.0,6,1,1,Active,1,,,,"{'value': 71815935, 'level': 1}",1713682800000.0,False,False,False,False,False,,158,64,False,/OH/Cincinnati/2327-Glenside-Ave-45212/home/76091806,2025-07-26T15:01:18.834244,active,93333.33333333333,280000.0,,3.0,104.0,Moderate,
76072448,205724778,1849471,3011 Riddle View Ln,Cincinnati,OH,45220,,,Clifton,349900,4.0,2.0,2.0,1492.0,2165.0,1905.0,2.0,6,1,1,Active,1,235.0,,,"{'value': 72783591, 'level': 1}",1223017200000.0,False,False,False,False,False,,158,64,False,/OH/Cincinnati/3011-Riddle-View-Ln-45220/home/76072448,2025-07-26T15:01:18.834249,active,87475.0,174950.0,373.0,2.0,119.0,Upper_Mid,Medium
101023284,205724597,1849193,7757 Jandaracres Dr,Cincinnati,OH,45248,,,Miami Twp.,254900,3.0,2.0,2.0,1014.0,22477.0,1959.0,1.0,6,1,1,Active,1,251.0,,,"{'value': 72904275, 'level': 1}",1536822000000.0,False,False,False,False,False,,158,64,False,/OH/Cincinnati/7757-Jandaracres-Dr-45248/home/101023284,2025-07-26T15:01:18.834255,active,84966.66666666667,127450.0,338.0,1.5,65.0,Moderate,Small
100967090,205724026,1849423,677 State Ave,Cincinnati,OH,45204,,,Price Hill,100000,3.0,1.5,1.0,1831.0,1133.0,1885.0,3.0,6,1,1,Active,1,55.0,,,"{'value': 73377931, 'level': 1}",1657695600000.0,False,False,False,False,False,,158,64,False,/OH/Cincinnati/677-State-Ave-45204/home/100967090,2025-07-26T15:01:18.834262,active,33333.333333333336,66666.66666666667,610.3333333333334,2.0,139.0,Budget,Large
78968372,205723229,1849469,2117 Saint Leo Pl,Cincinnati,OH,45211,,,Fairmount,220000,5.0,2.0,2.0,2100.0,12197.0,1997.0,2.0,4,4,1,Active,1,105.0,,,"{'value': 74537832, 'level': 1}",1537167600000.0,False,False,False,False,False,,158,64,False,/OH/Cincinnati/2117-Saint-Leo-Pl-45211/home/78968372,2025-07-26T15:01:18.834270,active,44000.0,110000.0,420.0,2.5,27.0,Moderate,Large
78786017,205722347,1849450,3912 Lindley Ave,Norwood,OH,45212,,,Norwood,435000,4.0,1.5,1.0,1988.0,7579.0,1906.0,3.0,6,1,1,Active,1,219.0,,,"{'value': 75433262, 'level': 1}",1526540400000.0,False,True,False,True,False,,158,64,False,/OH/Cincinnati/3912-Lindley-Ave-45212/home/78786017,2025-07-26T15:01:18.834276,active,108750.0,290000.0,497.0,2.6666666666666665,118.0,Upper_Mid,Large
71385832,205721356,1849286,3879 Mark Ct,Union Twp,OH,45255,,,Union Twp.,319000,3.0,2.0,2.0,1886.0,19166.0,1959.0,1.0,6,1,1,Active,1,169.0,,,"{'value': 76467586, 'level': 1}",1568962800000.0,False,False,False,False,False,,158,64,False,/OH/Cincinnati/3879-Mark-Ct-45255/home/71385832,2025-07-26T15:01:18.834282,active,106333.33333333333,159500.0,628.6666666666666,1.5,65.0,Upper_Mid,Large
196613345,205721354,1849438,1207 Republic St #201,Cincinnati,OH,45202,,,City,350000,2.0,2.0,2.0,1176.0,8925.0,1869.0,2.0,13,3,1,Active,1,298.0,302.0,,"{'value': 76468505, 'level': 1}",,False,False,False,False,False,,158,64,False,/OH/Cincinnati/1207-Republic-St-45202/unit-201/home/196613345,2025-07-26T15:01:18.834286,active,175000.0,175000.0,588.0,1.0,155.0,Upper_Mid,Small
76137829,205721196,1848818,6202 Kennedy Ave,Cincinnati,OH,45213,,,Kennedy Hts.,415000,4.0,2.0,2.0,1590.0,6752.0,1927.0,3.0,6,1,1,Active,1,261.0,,,"{'value': 76723270, 'level': 1}",1670832000000.0,False,False,False,False,False,,158,64,False,/OH/Cincinnati/6202-Kennedy-Ave-45213/home/76137829,2025-07-26T15:01:18.834292,active,103750.0,207500.0,397.5,2.0,97.0,Upper_Mid,Medium
78911860,205719810,1849215,1708 State Ave,Cincinnati,OH,45204,,,Price Hill,70000,3.0,1.0,1.0,1568.0,7623.0,1890.0,2.0,6,1,1,Active,1,45.0,,,"{'value': 78365091, 'level': 1}",1722495600000.0,False,False,False,False,False,,158,64,False,/OH/Cincinnati/1708-State-Ave-45204/home/78911860,2025-07-26T15:01:18.834297,active,23333.333333333332,70000.0,522.6666666666666,3.0,134.0,Budget,Medium
78864651,205718564,1848945,410 Morrvue Dr,Cincinnati,OH,45238,,,Delhi Twp.,160000,4.0,1.0,1.0,1417.0,7797.0,1955.0,,6,1,1,Active,1,113.0,,,"{'value': 79624903, 'level': 1}",852710400000.0,False,False,False,False,False,,158,64,False,/OH/Cincinnati/410-Morrvue-Dr-45238/home/78864651,2025-07-26T15:01:18.834303,active,40000.0,160000.0,354.25,4.0,69.0,Moderate,Medium
78970731,205716492,1849437,2322 Maplewood Ave,Cincinnati,OH,45219,,,Mt. Auburn,275000,5.0,3.0,3.0,2455.0,5793.0,1899.0,3.0,4,4,1,Active,1,112.0,,,"{'value': 81294491, 'level': 1}",1540796400000.0,False,False,False,False,False,,158,64,False,/OH/Cincinnati/2322-Maplewood-Ave-45219/home/78970731,2025-07-26T15:01:18.834309,active,55000.0,91666.66666666667,491.0,1.6666666666666667,125.0,Moderate,Large
100985418,205716315,1849395,5399 Kirby Ave,Cincinnati,OH,45223,,,Mt. Airy,95000,2.0,1.5,1.0,1200.0,30928.0,1909.0,2.0,6,1,1,Active,1,79.0,,,"{'value': 81547366, 'level': 1}",1475823600000.0,False,False,False,False,False,,158,64,False,/OH/Cincinnati/5399-Kirby-Ave-45223/home/100985418,2025-07-26T15:01:18.834315,active,47500.0,63333.333333333336,600.0,1.3333333333333333,115.0,Budget,Small
101039439,205714814,1849224,10633 Weil Rd,Cincinnati,OH,45249,,,Montgomery,575000,4.0,2.5,2.0,,20735.0,1970.0,2.0,6,1,1,Active,1,,,,"{'value': 83234196, 'level': 1}",1561964400000.0,False,True,True,False,False,,158,64,False,/OH/Montgomery/10633-Weil-Rd-45249/home/101039439,2025-07-26T15:01:18.834320,active,143750.0,230000.0,,1.6,54.0,Luxury,
100989567,205714269,1849428,1685 Citadel Pl,Anderson Twp,OH,45255,,,Anderson Twp.,265000,3.0,1.5,1.0,1810.0,8059.0,1969.0,1.0,6,1,1,Active,1,146.0,,,"{'value': 83691552, 'level': 1}",1597042800000.0,False,False,False,False,False,,158,64,False,/OH/Cincinnati/1685-Citadel-Pl-45255/home/100989567,2025-07-26T15:01:18.834327,active,88333.33333333333,176666.66666666666,603.3333333333334,2.0,55.0,Moderate,Large
76085661,205713844,1849429,1013 Vacationland Dr,Springfield Twp.,OH,45231,,,Springfield Twp.,239900,3.0,2.0,2.0,930.0,,1953.0,,6,1,1,Active,1,258.0,,,"{'value': 84290445, 'level': 1}",1721804400000.0,False,False,False,False,False,,158,64,False,/OH/Cincinnati/1013-Vacationland-Dr-45231/home/76085661,2025-07-26T15:01:18.834333,active,79966.66666666667,119950.0,310.0,1.5,71.0,Moderate,Small
76096105,205713776,1849406,1338 Suncrest Dr,Cincinnati,OH,45208,,,Hyde Park,989000,5.0,4.0,3.0,3334.0,11238.0,1927.0,3.0,6,1,1,Active,1,297.0,,,"{'value': 84412276, 'level': 1}",,False,False,False,False,False,,158,64,False,/OH/Cincinnati/1338-Suncrest-Dr-45208/home/76096105,2025-07-26T15:01:18.834338,active,197800.0,247250.0,666.8,1.25,97.0,Ultra_Luxury,Very_Large
78887876,205713354,1849245,3335 Nandale Dr,Colerain Twp,OH,45239,,,Groesbeck,235000,3.0,2.0,2.0,1176.0,11326.0,1957.0,1.0,6,1,1,Active,1,200.0,,,"{'value': 84896988, 'level': 1}",1345014000000.0,False,False,False,False,False,,158,64,False,/OH/Cincinnati/3335-Nandale-Dr-45239/home/78887876,2025-07-26T15:01:18.834344,active,78333.33333333333,117500.0,392.0,1.5,67.0,Moderate,Small
101049015,205712864,1849422,2604 Melrose Ave,Norwood,OH,45212,,,Norwood,369900,3.0,1.5,1.0,1352.0,,1925.0,2.0,6,1,1,Active,1,274.0,,,"{'value': 85584044, 'level': 1}",1717570800000.0,False,False,False,False,False,,158,64,False,/OH/Norwood/2604-Melrose-Ave-45212/home/101049015,2025-07-26T15:01:18.834349,active,123300.0,246600.0,450.6666666666667,2.0,99.0,Upper_Mid,Medium
76103683,205711830,1849391,9125 Round Top Rd,Cincinnati,OH,45251,,,Colerain Twp.East,280000,3.0,1.5,1.0,1328.0,20038.0,1955.0,1.0,6,1,1,Active,1,211.0,,,"{'value': 86811796, 'level': 1}",,False,False,False,False,False,,158,64,False,/OH/Cincinnati/9125-Round-Top-Rd-45251/home/76103683,2025-07-26T15:01:18.834356,active,93333.33333333333,186666.66666666666,442.6666666666667,2.0,69.0,Moderate,Medium
78743298,205711352,1845167,8270 Weller Rd,Cincinnati,OH,45242,,,Montgomery,799000,3.0,3.5,3.0,4410.0,19689.0,1995.0,2.0,6,1,1,Active,1,181.0,38.0,,"{'value': 87530118, 'level': 1}",1122620400000.0,False,False,False,False,False,,158,64,False,/OH/Cincinnati/8270-Weller-Rd-45242/home/78743298,2025-07-26T15:01:18.834361,active,266333.3333333333,228285.7142857143,1470.0,0.8571428571428571,29.0,Ultra_Luxury,Mansion
101016830,205711055,1847175,5578 Eula Ave,Green Twp,OH,45248,,,Bridgetown,225000,2.0,2.0,2.0,852.0,7536.0,1943.0,1.0,6,1,1,Active,1,264.0,,,"{'value': 87891945, 'level': 1}",1460703600000.0,False,False,False,False,False,,158,64,False,/OH/Cincinnati/5578-Eula-Ave-45248/home/101016830,2025-07-26T15:01:18.834367,active,112500.0,112500.0,426.0,1.0,81.0,Moderate,Small
101007542,205710888,1849343,569 Rentz Pl,Delhi Twp,OH,45238,,,Delhi Twp.,185000,2.0,1.0,1.0,1250.0,12632.0,1954.0,1.0,6,1,1,Active,1,148.0,,,"{'value': 88007030, 'level': 1}",908262000000.0,False,False,False,False,False,,158,64,False,/OH/Cincinnati/569-Rentz-Pl-45238/home/101007542,2025-07-26T15:01:18.834372,active,92500.0,185000.0,625.0,2.0,70.0,Moderate,Medium
71403746,205710848,1849409,641 Ellen Dr,Union Twp,OH,45255,,,Union Twp.,379900,3.0,2.5,2.0,1769.0,10454.0,2001.0,2.0,6,1,1,Active,1,215.0,,,"{'value': 88091475, 'level': 1}",1521529200000.0,False,False,False,False,False,,158,64,False,/OH/Cincinnati/641-Ellen-Dr-45255/home/71403746,2025-07-26T15:01:18.834378,active,126633.33333333333,151960.0,589.6666666666666,1.2,23.0,Upper_Mid,Medium
71401313,205710542,1849319,902 Baccarat Dr,Union Twp,OH,45245,,,Union Twp.,365000,3.0,2.0,2.0,1823.0,19994.0,2001.0,1.0,6,1,1,Active,1,200.0,22.0,,"{'value': 88493791, 'level': 1}",958028400000.0,False,False,False,False,False,,158,64,False,/OH/Cincinnati/902-Baccarat-Dr-45245/home/71401313,2025-07-26T15:01:18.834383,active,121666.66666666667,182500.0,607.6666666666666,1.5,23.0,Upper_Mid,Large
76163644,205710278,1849322,3733 Lyndon Center Ct,Deer Park,OH,45236,,,Deer Park,299990,4.0,2.5,2.0,2144.0,12284.0,1957.0,2.0,6,1,1,Active,1,140.0,,,"{'value': 88866109, 'level': 1}",521794800000.0,False,False,False,False,False,,158,64,False,/OH/Cincinnati/3733-Lyndon-Center-Ct-45236/home/76163644,2025-07-26T15:01:18.834388,active,74997.5,119996.0,536.0,1.6,67.0,Moderate,Large
100960550,205710001,1849348,2311 Stratford Ave,Cincinnati,OH,45219,,,Clifton,395000,5.0,2.0,2.0,1615.0,2570.0,1912.0,3.0,6,1,1,Active,1,245.0,,,"{'value': 89213072, 'level': 1}",682671600000.0,False,False,False,False,False,,158,64,False,/OH/Cincinnati/2311-Stratford-Ave-45219/home/100960550,2025-07-26T15:01:18.834393,active,79000.0,197500.0,323.0,2.5,112.0,Upper_Mid,Medium
100960560,205710000,1849325,2308 Stratford Ave,Cincinnati,OH,45219,,,Clifton,350000,4.0,2.0,2.0,1856.0,4269.0,1904.0,2.0,6,1,1,Active,1,189.0,,,"{'value': 89213133, 'level': 1}",1505804400000.0,False,False,False,False,False,,158,64,False,/OH/Cincinnati/2308-Stratford-Ave-45219/home/100960560,2025-07-26T15:01:18.834400,active,87500.0,175000.0,464.0,2.0,120.0,Upper_Mid,Large
63725969,205709606,1849405,3921 Randolph Ln,Union Twp,OH,45245,,,Union Twp.,228000,4.0,2.0,2.0,2359.0,21344.0,1940.0,2.0,4,4,1,Active,1,97.0,,,"{'value': 89761222, 'level': 1}",1671609600000.0,False,False,False,False,False,,158,64,False,/OH/Cincinnati/3921-Randolph-Ln-45245/home/63725969,2025-07-26T15:01:18.834404,active,57000.0,114000.0,589.75,2.0,84.0,Moderate,Large
100998484,205709001,1848953,3277 Warfield Ave,Colerain Twp,OH,45239,,,Groesbeck,170000,3.0,1.0,1.0,1198.0,5750.0,1951.0,1.0,6,1,1,Active,1,142.0,,,"{'value': 90650423, 'level': 1}",1747378800000.0,False,False,False,False,False,,158,64,False,/OH/Cincinnati/3277-Warfield-Ave-45239/home/100998484,2025-07-26T15:01:18.834409,active,56666.666666666664,170000.0,399.3333333333333,3.0,73.0,Moderate,Small
76118893,205708600,1846153,2616 Lytham Ct,Miami Twp,OH,45233,,,Miami Twp.,550000,4.0,3.5,3.0,3442.0,16074.0,1989.0,,6,1,1,Active,1,160.0,42.0,,"{'value': 91020222, 'level': 1}",,False,False,False,False,False,,158,64,False,/OH/Cincinnati/2616-Lytham-Ct-45233/home/76118893,2025-07-26T15:01:18.834415,active,137500.0,157142.85714285713,860.5,1.1428571428571428,35.0,Luxury,Very_Large
76138715,205708200,1849113,1000 Sarbrook Dr,Cincinnati,OH,45231,,,Springfield Twp.,230000,5.0,1.0,1.0,1393.0,12110.0,1960.0,1.0,6,1,1,Active,1,165.0,,,"{'value': 91617410, 'level': 1}",1747897200000.0,False,False,False,False,False,,158,64,False,/OH/Cincinnati/1000-Sarbrook-Dr-45231/home/76138715,2025-07-26T15:01:18.834420,active,46000.0,230000.0,278.6,5.0,64.0,Moderate,Medium
76103843,205707398,1849221,3374 Deshler Dr,Colerain Twp,OH,45251,,,Colerain Twp.East,135000,3.0,1.0,1.0,1225.0,7275.0,1960.0,1.0,6,1,1,Active,1,110.0,,,"{'value': 93185821, 'level': 1}",,False,False,False,False,False,,158,64,False,/OH/Cincinnati/3374-Deshler-Dr-45251/home/76103843,2025-07-26T15:01:18.834426,active,45000.0,135000.0,408.3333333333333,3.0,64.0,Budget,Medium
76103157,205707260,1849205,8407 Jackies Dr,Cincinnati,OH,45239,,,Colerain Twp.East,194000,3.0,1.0,1.0,1199.0,6360.0,1950.0,2.0,6,1,1,Active,1,162.0,,,"{'value': 93536747, 'level': 1}",,False,False,False,False,False,,158,64,False,/OH/Cincinnati/8407-Jackies-Dr-45239/home/76103157,2025-07-26T15:01:18.834431,active,64666.666666666664,194000.0,399.6666666666667,3.0,74.0,Moderate,Small
76122128,205707163,1849388,1870 Dalewood Pl,Cincinnati,OH,45237,,,Bond Hill,248000,4.0,1.5,1.0,1367.0,3354.0,1937.0,,6,1,1,Active,1,181.0,,,"{'value': 93627886, 'level': 1}",1699430400000.0,False,False,False,False,False,,158,64,False,/OH/Cincinnati/1870-Dalewood-Pl-45237/home/76122128,2025-07-26T15:01:18.834436,active,62000.0,165333.33333333334,341.75,2.6666666666666665,87.0,Moderate,Medium
78762575,205706745,1849355,11415 Rose Ln,Forest Park,OH,45246,,,Forest Park,250000,3.0,1.5,1.0,1608.0,8843.0,1956.0,,6,1,1,Active,1,155.0,,,"{'value': 94736368, 'level': 1}",1577174400000.0,False,False,False,False,False,,158,64,False,/OH/Cincinnati/11415-Rose-Ln-45246/home/78762575,2025-07-26T15:01:18.834443,active,83333.33333333333,166666.66666666666,536.0,2.0,68.0,Moderate,Medium
101026347,205706090,1849204,682 W North Bend Rd,Springfield Twp.,OH,45224,,,Springfield Twp.,289000,4.0,2.5,2.0,1890.0,19820.0,1972.0,1.0,6,1,1,Active,1,153.0,,,"{'value': 96285609, 'level': 1}",786355200000.0,False,True,True,False,False,,158,64,False,/OH/Cincinnati/682-W-North-Bend-Rd-45224/home/101026347,2025-07-26T15:01:18.834449,active,72250.0,115600.0,472.5,1.6,52.0,Moderate,Large
101026429,205706026,1849314,8932 Hollyhock Dr,Cincinnati,OH,45231,,,Finneytown,310000,4.0,1.5,1.0,2662.0,20212.0,1949.0,2.0,6,1,1,Active,1,116.0,,,"{'value': 96551649, 'level': 1}",1493708400000.0,False,False,False,False,False,,158,64,False,/OH/Cincinnati/8932-Hollyhock-Dr-45231/home/101026429,2025-07-26T15:01:18.834455,active,77500.0,206666.66666666666,665.5,2.6666666666666665,75.0,Upper_Mid,Very_Large
76134945,205705967,1849240,2204 Flomar Ct,Green Twp,OH,45233,,,Bridgetown,459900,3.0,3.5,3.0,,20038.0,1976.0,1.0,6,1,1,Active,1,,,,"{'value': 96768950, 'level': 1}",1743404400000.0,False,False,False,False,False,,158,64,False,/OH/Cincinnati/2204-Flomar-Ct-45233/home/76134945,2025-07-26T15:01:18.834460,active,153300.0,131400.0,,0.8571428571428571,48.0,Upper_Mid,
101009705,205705593,1849335,5641 Hollowview Ct,Cincinnati,OH,45233,,,Delhi Twp.,199900,3.0,2.5,2.0,1107.0,9583.0,1968.0,1.0,6,1,1,Active,1,181.0,,,"{'value': 98227853, 'level': 1}",,False,False,False,False,False,,158,64,False,/OH/Cincinnati/5641-Hollowview-Ct-45233/home/101009705,2025-07-26T15:01:18.834466,active,66633.33333333333,79960.0,369.0,1.2,56.0,Moderate,Small
71366868,205575900,1848874,921 Country Club Dr,Pierce Twp,OH,45245,,,Pierce Twp.,1375000,4.0,4.0,3.0,4276.0,253214.0,1990.0,2.0,6,1,1,Active,1,322.0,,,"{'value': 125664164, 'level': 1}",,False,False,False,False,False,,158,64,False,/OH/Cincinnati/921-Country-Club-Dr-45245/home/71366868,2025-07-26T15:01:18.834470,active,343750.0,343750.0,1069.0,1.0,34.0,Ultra_Luxury,Mansion
78844163,205640899,1849179,4034 Colerain Ave,Cincinnati,OH,45223,,,Northside,329900,3.0,1.5,1.0,2350.0,5881.0,1880.0,2.0,6,1,1,Active,1,140.0,,,"{'value': 125664859, 'level': 1}",1150873200000.0,False,False,False,False,False,,158,64,False,/OH/Cincinnati/4034-Colerain-Ave-45223/home/78844163,2025-07-26T15:01:18.834477,active,109966.66666666667,219933.33333333334,783.3333333333334,2.0,144.0,Upper_Mid,Large
76145026,205633023,1848963,8630 Plainfield Ln,Sycamore Twp,OH,45236,,,Sycamore Twp.,335000,3.0,2.0,2.0,2108.0,45259.0,1973.0,1.0,6,1,1,Active,1,159.0,,,"{'value': 125693275, 'level': 1}",,False,False,False,False,False,,158,64,False,/OH/Cincinnati/8630-Plainfield-Ln-45236/home/76145026,2025-07-26T15:01:18.834482,active,111666.66666666667,167500.0,702.6666666666666,1.5,51.0,Upper_Mid,Large
184887317,205597582,1848977,3417 Traskwood Cir Unit A,Cincinnati,OH,45208,,,Hyde Park,375000,2.0,2.0,2.0,1537.0,20007.0,1979.0,1.0,3,2,1,Active,1,244.0,325.0,,"{'value': 125697597, 'level': 1}",1432882800000.0,False,False,False,False,False,,158,64,False,/OH/Cincinnati/3417-Traskwood-Cir-45208/unit-A/home/184887317,2025-07-26T15:01:18.834488,active,187500.0,187500.0,768.5,1.0,45.0,Upper_Mid,Medium
101017980,205608797,1849050,5037 Race Rd,Green Twp,OH,45211,,,Green Twp.,625000,5.0,4.5,4.0,2568.0,60984.0,1986.0,1.0,6,1,1,Active,1,243.0,,,"{'value': 125697852, 'level': 1}",736758000000.0,False,False,False,False,False,,158,64,False,/OH/Cincinnati/5037-Race-Rd-45211/home/101017980,2025-07-26T15:01:18.834500,active,125000.0,138888.88888888888,513.6,1.1111111111111112,38.0,Luxury,Very_Large
76128916,205683854,1849196,5591 Squirrel Run Ln,Colerain Twp,OH,45247,,,White Oak,750000,4.0,5.0,4.0,4224.0,44431.0,1987.0,2.0,6,1,1,Active,1,178.0,8.0,,"{'value': 125697950, 'level': 1}",526201200000.0,False,False,False,False,False,,158,64,False,/OH/Cincinnati/5591-Squirrel-Run-45247/home/76128916,2025-07-26T15:01:18.834505,active,187500.0,150000.0,1056.0,0.8,37.0,Luxury,Mansion
78816184,205593606,1848923,6836 Roe St,Columbia Twp,OH,45227,,,Columbia Twp.,269000,2.0,2.0,2.0,894.0,4617.0,1938.0,1.0,6,1,1,Active,1,301.0,,,"{'value': 125698414, 'level': 1}",1602140400000.0,False,False,False,False,False,,158,64,False,/OH/Cincinnati/6836-Roe-St-45227/home/78816184,2025-07-26T15:01:18.834513,active,134500.0,134500.0,447.0,1.0,86.0,Moderate,Small
100969635,205653254,1849217,1215 Beech Ave,Cincinnati,OH,45205,,,Price Hill,109900,2.0,1.0,1.0,1330.0,2614.0,1903.0,2.0,6,1,1,Active,1,83.0,,,"{'value': 125698442, 'level': 1}",799484400000.0,False,False,False,False,False,,158,64,False,/OH/Cincinnati/1215-Beech-Ave-45205/home/100969635,2025-07-26T15:01:18.834520,active,54950.0,109900.0,665.0,2.0,121.0,Budget,Medium
101041193,205632146,1848966,3783 St Johns Ter,Deer Park,OH,45236,,,Deer Park,259000,2.0,1.5,1.0,1235.0,7362.0,1942.0,1.0,6,1,1,Active,1,210.0,,,"{'value': 125698490, 'level': 1}",1676534400000.0,False,False,False,False,False,,158,64,False,/OH/Cincinnati/3783-Saint-Johns-Ter-45236/home/101041193,2025-07-26T15:01:18.834526,active,129500.0,172666.66666666666,617.5,1.3333333333333333,82.0,Moderate,Medium
101049187,205672258,1849153,4026 Grove Ave,Norwood,OH,45212,,,Norwood,395000,3.0,3.5,3.0,1536.0,5097.0,1900.0,3.0,6,1,1,Active,1,257.0,,,"{'value': 125698576, 'level': 1}",1727420400000.0,False,True,False,False,False,,158,64,False,/OH/Norwood/4026-Grove-Ave-45212/home/101049187,2025-07-26T15:01:18.834533,active,131666.66666666666,112857.14285714286,512.0,0.8571428571428571,124.0,Upper_Mid,Medium
100985063,205662707,1849168,5915 Monticello Ave,Cincinnati,OH,45224,,,College Hill,260000,2.0,2.0,2.0,2164.0,8538.0,1955.0,1.0,6,1,1,Active,1,120.0,,,"{'value': 125698652, 'level': 1}",1693378800000.0,False,False,False,False,False,,158,64,False,/OH/Cincinnati/5915-Monticello-Ave-45224/home/100985063,2025-07-26T15:01:18.834540,active,130000.0,130000.0,1082.0,1.0,69.0,Moderate,Large
78917252,205696443,1849059,10748 Fallsington Ct,Blue Ash,OH,45242,,,Blue Ash,524900,4.0,2.5,2.0,2112.0,15377.0,1986.0,2.0,6,1,1,Active,1,249.0,95.0,,"{'value': 125698662, 'level': 1}",1363676400000.0,False,True,False,False,False,,158,64,False,/OH/Blue-Ash/10748-Fallsington-Ct-45242/home/78917252,2025-07-26T15:01:18.834547,active,131225.0,209960.0,528.0,1.6,38.0,Luxury,Large
76165525,205681994,1849329,10460 Hopewell Hills Dr,Symmes Twp,OH,45249,,,Symmes Twp.,650000,4.0,2.5,2.0,2416.0,19950.0,1982.0,2.0,6,1,1,Active,1,269.0,,,"{'value': 125698772, 'level': 1}",1593068400000.0,False,False,False,False,False,,158,64,False,/OH/Cincinnati/10460-Hopewellhills-Dr-45249/home/76165525,2025-07-26T15:01:18.834554,active,162500.0,260000.0,604.0,1.6,42.0,Luxury,Large
76074665,205591157,1847926,1662 Rosemont Ave,Cincinnati,OH,45205,,,Price Hill,199500,4.0,2.0,2.0,1208.0,4704.0,1928.0,2.0,6,1,1,Active,1,165.0,,,"{'value': 125698811, 'level': 1}",1686726000000.0,False,False,False,False,False,,158,64,False,/OH/Cincinnati/1662-Rosemont-Ave-45205/home/76074665,2025-07-26T15:01:18.834560,active,49875.0,99750.0,302.0,2.0,96.0,Moderate,Medium
101042894,205650534,1849213,3577 Mohler Rd,Blue Ash,OH,45241,,,Blue Ash,799000,4.0,3.0,2.0,2768.0,20604.0,1993.0,2.0,6,1,1,Active,1,289.0,,,"{'value': 125698874, 'level': 1}",1631862000000.0,False,False,False,False,False,,158,64,False,/OH/Blue-Ash/3577-Mohler-Rd-45241/home/101042894,2025-07-26T15:01:18.834568,active,199750.0,266333.3333333333,692.0,1.3333333333333333,31.0,Ultra_Luxury,Very_Large
101037380,205596977,1848870,6008 Winnetka Dr,Sycamore Twp,OH,45236,,,Kenwood,500000,4.0,2.5,2.0,2838.0,7797.0,1950.0,,6,1,1,Active,1,176.0,,,"{'value': 125698910, 'level': 1}",1104912000000.0,False,False,False,False,False,,158,64,False,/OH/Cincinnati/6008-Winnetka-Dr-45236/home/101037380,2025-07-26T15:01:18.834581,active,125000.0,200000.0,709.5,1.6,74.0,Upper_Mid,Very_Large
76096064,205627448,1848786,2994 Springer Ave,Cincinnati,OH,45208,,,Hyde Park,699900,4.0,3.5,3.0,2143.0,5184.0,1920.0,2.0,6,1,1,Active,1,327.0,,,"{'value': 125698911, 'level': 1}",1636009200000.0,False,False,False,False,False,,158,64,False,/OH/Cincinnati/2994-Springer-Ave-45208/home/76096064,2025-07-26T15:01:18.834589,active,174975.0,199971.42857142858,535.75,1.1428571428571428,104.0,Luxury,Large
100952081,205679724,1849182,2732 Arbor Ave,Cincinnati,OH,45209,,,Oakley,550000,5.0,2.0,2.0,1803.0,4966.0,1908.0,3.0,6,1,1,Active,1,305.0,,,"{'value': 125699074, 'level': 1}",861692400000.0,False,False,False,False,False,,158,64,False,/OH/Cincinnati/2732-Arbor-Ave-45209/home/100952081,2025-07-26T15:01:18.834596,active,110000.0,275000.0,360.6,2.5,116.0,Luxury,Large
76074433,205577034,1848841,1062 Covedale Ave,Cincinnati,OH,45238,,,Covedale,215000,4.0,2.0,2.0,1307.0,,1949.0,,6,1,1,Active,1,164.0,,,"{'value': 125699218, 'level': 1}",1561100400000.0,False,False,False,False,False,,158,64,False,/OH/Cincinnati/1062-Covedale-Ave-45238/home/76074433,2025-07-26T15:01:18.834604,active,53750.0,107500.0,326.75,2.0,75.0,Moderate,Medium
78766667,205504789,1848578,11 Diplomat Dr,Wyoming,OH,45215,,,Wyoming,495000,4.0,3.0,3.0,2905.0,3485.0,1987.0,1.0,3,2,1,Active,1,170.0,463.0,,"{'value': 125699218, 'level': 1}",1635231600000.0,False,False,False,False,False,,158,64,False,/OH/Cincinnati/11-Diplomat-Dr-45215/home/78766667,2025-07-26T15:01:18.834610,active,123750.0,165000.0,726.25,1.3333333333333333,37.0,Upper_Mid,Very_Large
100999619,205651748,1848768,3258 Lillwood Ln,Colerain Twp,OH,45251,,,Colerain Twp.East,284900,3.0,2.0,2.0,1418.0,10716.0,1960.0,4.0,6,1,1,Active,1,201.0,,,"{'value': 125699421, 'level': 1}",1661756400000.0,False,False,False,False,False,,158,64,False,/OH/Cincinnati/3258-Lillwood-Ln-45251/home/100999619,2025-07-26T15:01:18.834617,active,94966.66666666667,142450.0,472.6666666666667,1.5,64.0,Moderate,Medium
100946265,205634266,1848987,1636 Beacon St,Cincinnati,OH,45230,,,Mt. Washington,275000,3.0,1.0,1.0,1334.0,7971.0,1926.0,2.0,6,1,1,Active,1,206.0,,,"{'value': 125699532, 'level': 1}",1607068800000.0,False,False,False,False,False,,158,64,False,/OH/Cincinnati/1636-Beacon-St-45230/home/100946265,2025-07-26T15:01:18.834624,active,91666.66666666667,275000.0,444.6666666666667,3.0,98.0,Moderate,Medium
76133976,205635901,1849165,3355 Hewitt Crescent St,Cincinnati,OH,45207,,,Evanston,289900,3.0,2.0,2.0,1504.0,4443.0,1925.0,2.0,6,1,1,Active,1,193.0,,,"{'value': 125699540, 'level': 1}",1629442800000.0,False,False,False,False,False,,158,64,False,/OH/Cincinnati/3355-Hewitt-Crescent-St-45207/home/76133976,2025-07-26T15:01:18.834632,active,96633.33333333333,144950.0,501.3333333333333,1.5,99.0,Moderate,Medium
101039510,205649103,1849034,9004 Winthrop Dr,Montgomery,OH,45249,,,Montgomery,650000,4.0,2.5,2.0,2766.0,25918.0,1979.0,2.0,6,1,1,Active,1,235.0,4.0,,"{'value': 125699695, 'level': 1}",1207292400000.0,False,False,False,False,False,,158,64,False,/OH/Montgomery/9004-Winthrop-Dr-45249/home/101039510,2025-07-26T15:01:18.834641,active,162500.0,260000.0,691.5,1.6,45.0,Luxury,Very_Large
78787068,205637535,1849169,3769 Frances Ave,Cheviot,OH,45211,,,Cheviot,284900,4.0,1.5,1.0,2375.0,9235.0,1907.0,3.0,6,1,1,Active,1,120.0,,,"{'value': 125699728, 'level': 1}",1551859200000.0,False,False,False,False,False,,158,64,False,/OH/Cincinnati/3769-Frances-Ave-45211/home/78787068,2025-07-26T15:01:18.834648,active,71225.0,189933.33333333334,593.75,2.6666666666666665,117.0,Moderate,Large
100953817,205469761,1848326,4130 Thirty First Ave,Cincinnati,OH,45209,,,Oakley,374900,2.0,1.0,1.0,1378.0,5576.0,1915.0,2.0,6,1,1,Active,1,272.0,,,"{'value': 125699799, 'level': 1}",1680850800000.0,False,False,False,False,False,,158,64,False,/OH/Cincinnati/4130-31st-Ave-45209/home/100953817,2025-07-26T15:01:18.834655,active,187450.0,374900.0,689.0,2.0,109.0,Upper_Mid,Medium
78975599,205664496,1848897,1521 Blair Ave,Cincinnati,OH,45207,,,Evanston,437500,3.0,2.5,2.0,1479.0,7362.0,2021.0,2.0,6,1,1,Active,1,296.0,,,"{'value': 125699922, 'level': 1}",1679036400000.0,False,False,False,False,False,,158,64,False,/OH/Cincinnati/1521-Blair-Ave-45207/home/78975599,2025-07-26T15:01:18.834661,active,145833.33333333334,175000.0,493.0,1.2,3.0,Upper_Mid,Medium
78850348,205610456,1849064,3815 Drakewood Dr,Cincinnati,OH,45209,,,Oakley,739000,3.0,3.0,3.0,2442.0,8843.0,1936.0,2.0,6,1,1,Active,1,303.0,,,"{'value': 125700042, 'level': 1}",1601362800000.0,False,True,True,False,False,,158,64,False,/OH/Cincinnati/3815-Drakewood-Dr-45209/home/78850348,2025-07-26T15:01:18.834668,active,246333.33333333334,246333.33333333334,814.0,1.0,88.0,Luxury,Large
101004702,205610145,1849033,6841 Fox Hill Ln,Madeira,OH,45236,,,Madeira,950000,5.0,3.5,3.0,4483.0,26397.0,1987.0,2.0,6,1,1,Active,1,212.0,8.0,,"{'value': 125700106, 'level': 1}",810370800000.0,False,True,False,False,False,,158,64,False,/OH/Cincinnati/6841-Fox-Hill-Ln-45236/home/101004702,2025-07-26T15:01:18.834675,active,190000.0,271428.5714285714,896.6,1.4285714285714286,37.0,Ultra_Luxury,Mansion
78927820,205696547,1849373,813 Wm H Taft Rd,Cincinnati,OH,45206,,,Walnut Hills,275000,3.0,2.0,2.0,1178.0,2352.0,2002.0,3.0,6,1,1,Active,1,233.0,,,"{'value': 134946074, 'level': 1}",1684825200000.0,False,False,False,False,False,,158,64,False,/OH/Cincinnati/813-William-Howard-Taft-Rd-45206/home/78927820,2025-07-26T15:01:18.834681,active,91666.66666666667,137500.0,392.6666666666667,1.5,22.0,Moderate,Small
78938532,205696442,1849368,3014 Wheatfield Dr,Colerain Twp,OH,45251,,,Colerain Twp.East,150000,3.0,1.0,1.0,864.0,8973.0,1961.0,1.0,6,1,1,Active,1,174.0,,,"{'value': 135306908, 'level': 1}",1388131200000.0,False,False,False,False,False,,158,64,False,/OH/Cincinnati/3014-Wheatfield-Dr-45251/home/78938532,2025-07-26T15:01:18.834687,active,50000.0,150000.0,288.0,3.0,63.0,Budget,Small
76104253,205694203,1849360,7098 Sheed Rd,Colerain Twp,OH,45247,,,Colerain Twp.West,169900,5.0,2.0,2.0,2016.0,21127.0,1962.0,2.0,6,1,1,Active,1,84.0,,,"{'value': 140569825, 'level': 1}",525682800000.0,False,False,False,False,False,,158,64,False,/OH/Cincinnati/7098-Sheed-Rd-45247/home/76104253,2025-07-26T15:01:18.834692,active,33980.0,84950.0,403.2,2.5,62.0,Moderate,Large
78806627,205690363,1849180,6787 Rose Crest Ave,Madeira,OH,45243,,,Madeira,375000,3.0,1.0,1.0,1306.0,13373.0,1940.0,2.0,6,1,1,Active,1,287.0,,,"{'value': 147528056, 'level': 1}",1561100400000.0,False,False,False,False,False,,158,64,False,/OH/Cincinnati/6787-Rose-Crest-Ave-45243/home/78806627,2025-07-26T15:01:18.834698,active,125000.0,375000.0,435.3333333333333,3.0,84.0,Upper_Mid,Medium
76080094,205687433,1849270,6580 Springdale Rd,Colerain Twp,OH,45247,,,Colerain Twp.West,425000,3.0,3.0,3.0,3064.0,81457.0,1983.0,1.0,6,1,1,Active,1,139.0,,,"{'value': 151362068, 'level': 1}",1565593200000.0,False,False,False,False,False,,158,64,False,/OH/Cincinnati/6580-Springdale-Rd-45247/home/76080094,2025-07-26T15:01:18.834703,active,141666.66666666666,141666.66666666666,1021.3333333333334,1.0,41.0,Upper_Mid,Very_Large
76141772,205685728,1847248,3024 Hull Ave,Cincinnati,OH,45211,,,Westwood,189900,2.0,1.0,1.0,1129.0,6229.0,1916.0,2.0,6,1,1,Active,1,168.0,,,"{'value': 153255486, 'level': 1}",1645776000000.0,False,False,False,False,False,,158,64,False,/OH/Cincinnati/3024-Hull-Ave-45211/home/76141772,2025-07-26T15:01:18.834708,active,94950.0,189900.0,564.5,2.0,108.0,Moderate,Small
78876085,205684894,1849342,6303 Montgomery Rd,Cincinnati,OH,45213,,,Pleasant Ridge,499000,3.0,2.5,2.0,2204.0,11500.0,1922.0,2.0,6,1,1,Active,1,226.0,,,"{'value': 154246098, 'level': 1}",1707984000000.0,False,False,False,False,False,,158,64,False,/OH/Cincinnati/6303-Montgomery-Rd-45213/home/78876085,2025-07-26T15:01:18.834713,active,166333.33333333334,199600.0,734.6666666666666,1.2,102.0,Upper_Mid,Large
76097747,205682512,1849172,1943 Northcut Ave,Cincinnati,OH,45237,,,City,130000,1.0,1.0,1.0,768.0,5881.0,1926.0,1.0,6,1,1,Active,1,169.0,,,"{'value': 156625640, 'level': 1}",676191600000.0,False,False,False,False,False,,158,64,False,/OH/Cincinnati/1943-Northcut-Ave-45237/home/76097747,2025-07-26T15:01:18.834719,active,130000.0,130000.0,768.0,1.0,98.0,Budget,Small
76149503,205681553,1849326,3273 Lapland Dr,Colerain Twp,OH,45239,,,Colerain Twp.East,168900,3.0,1.0,1.0,918.0,9235.0,1953.0,1.0,6,1,1,Active,1,184.0,,,"{'value': 157735169, 'level': 1}",1471590000000.0,False,False,False,False,False,,158,64,False,/OH/Cincinnati/3273-Lapland-Dr-45239/home/76149503,2025-07-26T15:01:18.834724,active,56300.0,168900.0,306.0,3.0,71.0,Moderate,Small
101050601,205680687,1849311,310 Elm St,Reading,OH,45215,,,Reading,150000,1.0,1.5,1.0,516.0,2526.0,1951.0,1.0,6,1,1,Active,1,291.0,,,"{'value': 158344908, 'level': 1}",915523200000.0,False,False,False,False,False,,158,64,False,/OH/Reading/310-Elm-St-45215/home/101050601,2025-07-26T15:01:18.834730,active,150000.0,100000.0,516.0,0.6666666666666666,73.0,Budget,Small
100998922,205680321,1849297,8773 Carrousel Park Cir #154,Colerain Twp,OH,45251,,,Colerain Twp.West,180000,2.0,2.0,2.0,1208.0,,1998.0,1.0,3,2,1,Active,1,149.0,285.0,,"{'value': 158812524, 'level': 1}",,False,False,False,False,False,,158,64,False,/OH/Cincinnati/8773-Carrousel-Park-Cir-45251/unit-154/home/100998922,2025-07-26T15:01:18.834736,active,90000.0,90000.0,604.0,1.0,26.0,Moderate,Medium
78899108,205679725,1849316,1963 W North Bend Rd,Cincinnati,OH,45224,,,College Hill,139900,4.0,1.0,1.0,1513.0,7579.0,1948.0,,6,1,1,Active,1,92.0,,,"{'value': 159417775, 'level': 1}",1532588400000.0,False,False,False,False,False,,158,64,False,/OH/Cincinnati/1963-W-North-Bend-Rd-45224/home/78899108,2025-07-26T15:01:18.834741,active,34975.0,139900.0,378.25,4.0,76.0,Budget,Medium
184892511,205678705,1849308,9763 Bunker Hill Ln,Montgomery,OH,45242,,,Montgomery,260000,2.0,2.5,2.0,1305.0,658.0,1970.0,2.0,13,3,1,Active,1,199.0,317.0,,"{'value': 160185156, 'level': 1}",1593414000000.0,False,False,False,False,False,,158,64,False,/OH/Montgomery/9763-Bunker-Hill-Ln-45242/home/184892511,2025-07-26T15:01:18.834746,active,130000.0,104000.0,652.5,0.8,54.0,Moderate,Medium
179103119,205678702,1849137,1409 Race St,Cincinnati,OH,45202,,,City,1750000,4.0,4.0,3.0,4350.0,2483.0,2020.0,3.0,6,1,1,Active,1,402.0,,,"{'value': 160186262, 'level': 1}",,False,False,False,False,False,,158,64,False,/OH/Cincinnati/1409-Race-St-45202/home/179103119,2025-07-26T15:01:18.834751,active,437500.0,437500.0,1087.5,1.0,4.0,Ultra_Luxury,Mansion
100954776,205678508,1849038,2324 Madison Rd #1905,Cincinnati,OH,45208,,,Hyde Park,189500,1.0,1.0,1.0,891.0,335573.0,1963.0,1.0,3,2,1,Active,1,213.0,799.0,,"{'value': 160367969, 'level': 1}",1694156400000.0,False,False,False,False,False,,158,64,False,/OH/Cincinnati/2324-Madison-Rd-45208/unit-1905/home/100954776,2025-07-26T15:01:18.834756,active,189500.0,189500.0,891.0,1.0,61.0,Moderate,Small
78764016,205675168,1848460,1657 Hilltree Dr,Anderson Twp,OH,45255,,,Anderson Twp.,275000,3.0,2.5,2.0,1683.0,8059.0,1966.0,1.0,6,1,1,Active,1,163.0,,,"{'value': 163973888, 'level': 1}",1528441200000.0,False,False,False,False,False,,158,64,False,/OH/Cincinnati/1657-Hilltree-Dr-45255/home/78764016,2025-07-26T15:01:18.834762,active,91666.66666666667,110000.0,561.0,1.2,58.0,Moderate,Medium
100955456,205674480,1849195,3520 Trimble Ave,Cincinnati,OH,45207,,,Evanston,345000,5.0,1.5,1.0,2331.0,7318.0,1926.0,,6,1,1,Active,1,148.0,,,"{'value': 164816399, 'level': 1}",1733299200000.0,False,False,False,False,False,,158,64,False,/OH/Cincinnati/3520-Trimble-Ave-45207/home/100955456,2025-07-26T15:01:18.834768,active,69000.0,230000.0,466.2,3.3333333333333335,98.0,Upper_Mid,Large
78781837,205673783,1849289,9123 E Kemper Rd,Montgomery,OH,45249,,,Montgomery,1290000,5.0,4.0,3.0,7773.0,28013.0,1995.0,2.0,6,1,1,Active,1,166.0,,,"{'value': 165403572, 'level': 1}",1597042800000.0,False,False,False,False,False,,158,64,False,/OH/Montgomery/9123-E-Kemper-Rd-45249/home/78781837,2025-07-26T15:01:18.834773,active,258000.0,322500.0,1554.6,1.25,29.0,Ultra_Luxury,Mansion
76125603,205672981,1848081,807 Nordyke Rd,Anderson Twp,OH,45255,,,Anderson Twp.,550000,5.0,3.0,3.0,1817.0,37026.0,1985.0,,6,1,1,Active,1,303.0,,,"{'value': 166266235, 'level': 1}",1493362800000.0,False,False,False,False,False,,158,64,False,/OH/Cincinnati/807-Nordyke-Rd-45255/home/76125603,2025-07-26T15:01:18.834778,active,110000.0,183333.33333333334,363.4,1.6666666666666667,39.0,Luxury,Large
78827084,205672558,1849273,5568 Hickory Ridge Ln,Green Twp,OH,45239,,,Monfort Hts.,239900,3.0,1.5,1.0,1036.0,8538.0,1954.0,1.0,6,1,1,Active,1,232.0,,,"{'value': 166622393, 'level': 1}",1386748800000.0,False,False,False,False,False,,158,64,False,/OH/Cincinnati/5568-Hickory-Ridge-Ln-45239/home/78827084,2025-07-26T15:01:18.834783,active,79966.66666666667,159933.33333333334,345.3333333333333,2.0,70.0,Moderate,Small
76126082,205671565,1846167,1676 Laval Dr,Anderson Twp,OH,45255,,,Anderson Twp.,325000,4.0,2.5,2.0,1813.0,7797.0,1970.0,2.0,6,1,1,Active,1,179.0,,,"{'value': 167679390, 'level': 1}",,False,False,False,False,False,,158,64,False,/OH/Cincinnati/1676-Laval-Dr-45255/home/76126082,2025-07-26T15:01:18.834789,active,81250.0,130000.0,453.25,1.6,54.0,Upper_Mid,Large
100973094,205669425,1847224,1142 Nancy Lee Ln,Cincinnati,OH,45238,,,Price Hill,164900,4.0,1.0,1.0,1432.0,6752.0,1950.0,2.0,6,1,1,Active,1,115.0,,,"{'value': 169847203, 'level': 1}",786009600000.0,False,False,False,False,False,,158,64,False,/OH/Cincinnati/1142-Nancy-Lee-Ln-45238/home/100973094,2025-07-26T15:01:18.834795,active,41225.0,164900.0,358.0,4.0,74.0,Moderate,Medium
76141295,205668762,1849267,3413 Fyffe Ave,Cincinnati,OH,45211,,,Westwood,124900,2.0,2.0,2.0,1792.0,53535.0,1899.0,2.0,6,1,1,Active,1,70.0,,,"{'value': 170447836, 'level': 1}",531129600000.0,False,False,False,False,False,,158,64,False,/OH/Cincinnati/3413-Fyffe-Ave-45211/home/76141295,2025-07-26T15:01:18.834801,active,62450.0,62450.0,896.0,1.0,125.0,Budget,Medium
78767694,205666690,1849262,5077 Pebblevalley Dr,Colerain Twp,OH,45252,,,Colerain Twp.West,550000,4.0,2.5,2.0,2502.0,25875.0,1986.0,,6,1,1,Active,1,220.0,,,"{'value': 172601728, 'level': 1}",1652079600000.0,False,False,False,False,False,,158,64,False,/OH/Cincinnati/5077-Pebblevalley-Dr-45252/home/78767694,2025-07-26T15:01:18.834806,active,137500.0,220000.0,625.5,1.6,38.0,Luxury,Very_Large
78849626,205666120,1848884,2840 Minot Ave,Cincinnati,OH,45206,,,Oakley,399000,2.0,1.5,1.0,1096.0,3311.0,1912.0,2.0,6,1,1,Active,1,364.0,,,"{'value': 173452091, 'level': 1}",1688108400000.0,False,False,False,False,False,,158,64,False,/OH/Cincinnati/2840-Minot-Ave-45209/home/78849626,2025-07-26T15:01:18.834812,active,199500.0,266000.0,548.0,1.3333333333333333,112.0,Upper_Mid,Small
78973605,205665826,1848914,5845 Shadymist Ln,Cincinnati,OH,45239,,,Mt. Airy,360000,9.0,4.0,4.0,,9409.0,1960.0,2.0,4,4,1,Active,1,,,,"{'value': 173927275, 'level': 1}",1646121600000.0,False,False,False,False,False,,158,64,False,/OH/Cincinnati/5845-Shadymist-Ln-45239/home/78973605,2025-07-26T15:01:18.834817,active,40000.0,90000.0,,2.25,64.0,Upper_Mid,
78971702,205665717,1848962,6317 Girard Ave,Cincinnati,OH,45213,,,Pleasant Ridge,439500,4.0,4.0,4.0,,5097.0,1946.0,2.0,4,4,1,Active,1,,,,"{'value': 174051008, 'level': 1}",1380265200000.0,False,False,False,False,False,,158,64,False,/OH/Cincinnati/6317-Girard-Ave-45213/home/78971702,2025-07-26T15:01:18.834824,active,109875.0,109875.0,,1.0,78.0,Upper_Mid,
78899312,205665456,1849257,1758 Tuxworth Ave,Cincinnati,OH,45238,,,Covedale,124900,3.0,1.0,1.0,1319.0,5881.0,1955.0,1.0,6,1,1,Active,1,95.0,,,"{'value': 174458490, 'level': 1}",1532588400000.0,False,False,False,False,False,,158,64,False,/OH/Cincinnati/1758-Tuxworth-Ave-45238/home/78899312,2025-07-26T15:01:18.834830,active,41633.333333333336,124900.0,439.6666666666667,3.0,69.0,Budget,Medium
71400599,205663847,1848589,3430 Legendary Trails Dr,Pierce Twp,OH,45245,,,Pierce Twp.,1100000,5.0,4.5,4.0,3837.0,90648.0,2001.0,2.0,6,1,1,Active,1,287.0,108.0,,"{'value': 176213175, 'level': 1}",1072771200000.0,False,True,False,False,False,,158,64,False,/OH/Cincinnati/3430-Legendary-Trails-Dr-45245/home/71400599,2025-07-26T15:01:18.834836,active,220000.0,244444.44444444444,767.4,1.1111111111111112,23.0,Ultra_Luxury,Mansion
101027804,205663771,1849125,9696 Wymart Ave,Springfield Twp.,OH,45231,,,Springfield Twp.,259900,3.0,2.5,2.0,1554.0,12240.0,1962.0,1.0,6,1,1,Active,1,167.0,,,"{'value': 176337948, 'level': 1}",1749625200000.0,False,False,False,False,False,,158,64,False,/OH/Cincinnati/9696-Wymart-Ave-45231/home/101027804,2025-07-26T15:01:18.834840,active,86633.33333333333,103960.0,518.0,1.2,62.0,Moderate,Medium
78922096,205663477,1848543,2324 Madison Rd #1208,Cincinnati,OH,45208,,,Hyde Park,299900,3.0,2.0,2.0,1624.0,335573.0,1963.0,1.0,3,2,1,Active,1,185.0,1472.0,,"{'value': 176815670, 'level': 1}",1573718400000.0,False,False,False,False,False,,158,64,False,/OH/Cincinnati/2324-Madison-Rd-45208/unit-1208/home/78922096,2025-07-26T15:01:18.834846,active,99966.66666666667,149950.0,541.3333333333334,1.5,61.0,Moderate,Medium
78973769,205663475,1849073,694 Gholson Ave,Cincinnati,OH,45229,,,Avondale,1105000,17.0,,,,,1966.0,3.0,5,4,1,Active,1,,,,"{'value': 176815761, 'level': 1}",1642924800000.0,False,False,False,False,False,,158,64,False,/OH/Cincinnati/694-Gholson-Ave-45229/home/78973769,2025-07-26T15:01:18.834852,active,65000.0,,,,58.0,Ultra_Luxury,
76097688,205663145,1849239,6460 Mchugh Pl,Cincinnati,OH,45213,,,Kennedy Hts.,275000,2.0,2.0,2.0,1236.0,7884.0,1925.0,2.0,6,1,1,Active,1,222.0,,,"{'value': 177421777, 'level': 1}",1710486000000.0,False,False,False,False,False,,158,64,False,/OH/Cincinnati/6460-McHugh-Pl-45213/home/76097688,2025-07-26T15:01:18.834857,active,137500.0,137500.0,618.0,1.0,99.0,Moderate,Medium
63718687,205662873,1849238,815 Pedretti Ave,Cincinnati,OH,45238,,,Price Hill,129900,3.0,1.0,1.0,1281.0,3964.0,1911.0,3.0,6,1,1,Active,1,101.0,,,"{'value': 177893526, 'level': 1}",1443164400000.0,False,False,False,False,False,,158,64,False,/OH/Cincinnati/815-Pedretti-Ave-45238/home/63718687,2025-07-26T15:01:18.834863,active,43300.0,129900.0,427.0,3.0,113.0,Budget,Medium
185719985,205661433,1849117,685 Bridle Path,Springfield Twp.,OH,45231,,,Finneytown,269500,2.0,2.5,2.0,1753.0,80978.0,1999.0,1.0,13,3,1,Active,1,154.0,363.0,,"{'value': 181117386, 'level': 1}",,False,False,False,False,False,,158,64,False,/OH/Cincinnati/685-Bridle-Path-45231/home/185719985,2025-07-26T15:01:18.834868,active,134750.0,107800.0,876.5,0.8,25.0,Moderate,Medium
79916402,205661332,1848970,3318 Kleeman Rd,Green Twp,OH,45211,,,Green Twp.,320000,3.0,2.5,2.0,2304.0,22738.0,1938.0,2.0,6,1,1,Active,1,139.0,,,"{'value': 181378744, 'level': 1}",1634281200000.0,False,False,False,False,False,,158,64,False,/OH/Cincinnati/3318-Kleeman-Rd-45211/home/79916402,2025-07-26T15:01:18.834874,active,106666.66666666667,128000.0,768.0,1.2,86.0,Upper_Mid,Large
76101685,205627677,1848810,1629 Cohasset Dr,Anderson Twp,OH,45255,,,Anderson Twp.,289900,3.0,3.5,3.0,2520.0,,1973.0,2.0,13,3,1,Active,1,115.0,508.0,,"{'value': 212188291, 'level': 1}",1641542400000.0,False,False,False,False,False,,158,64,False,/OH/Cincinnati/1629-Cohasset-Dr-45255/home/76101685,2025-07-26T15:01:18.834879,active,96633.33333333333,82828.57142857143,840.0,0.8571428571428571,51.0,Moderate,Very_Large
100975757,205609703,1849022,4571 Janet St,Cincinnati,OH,45223,,,Northside,395000,4.0,2.0,2.0,1673.0,24829.0,1931.0,2.0,6,1,1,Active,1,236.0,,,"{'value': 212189415, 'level': 1}",1487750400000.0,False,False,False,False,False,,158,64,False,/OH/Cincinnati/4571-Janet-St-45223/home/100975757,2025-07-26T15:01:18.834885,active,98750.0,197500.0,418.25,2.0,93.0,Upper_Mid,Medium
100938503,205574649,1848847,3673 Willowlea Ct Unit A,Cincinnati,OH,45208,,,Hyde Park,270000,2.0,1.0,1.0,862.0,197671.0,1963.0,1.0,3,2,1,Active,1,313.0,215.0,,"{'value': 212189611, 'level': 1}",1705046400000.0,False,False,False,False,False,,158,64,False,/OH/Cincinnati/3673-Willowlea-Ct-45208/unit-A/home/100938503,2025-07-26T15:01:18.834891,active,135000.0,270000.0,431.0,2.0,61.0,Moderate,Small
101011758,205623261,1847436,839 Martini Rd,Delhi Twp,OH,45233,,,Delhi Twp.,549000,3.0,3.5,3.0,4089.0,34500.0,1995.0,1.0,6,1,1,Active,1,134.0,,,"{'value': 212190029, 'level': 1}",1639123200000.0,False,False,False,False,False,,158,64,False,/OH/Cincinnati/839-Martini-Rd-45233/home/101011758,2025-07-26T15:01:18.834897,active,183000.0,156857.14285714287,1363.0,0.8571428571428571,29.0,Luxury,Mansion
100939149,205624040,1849083,10555 Montgomery Rd #56,Montgomery,OH,45242,,,Montgomery,299000,2.0,2.0,2.0,1649.0,652564.0,1989.0,2.0,13,3,1,Active,1,181.0,447.0,,"{'value': 212190097, 'level': 1}",1566370800000.0,False,False,False,False,False,,158,64,False,/OH/Montgomery/10555-Montgomery-Rd-45242/unit-56/home/100939149,2025-07-26T15:01:18.834903,active,149500.0,149500.0,824.5,1.0,35.0,Moderate,Medium
101004122,205397616,1844686,7506 S Mingo Ln,Madeira,OH,45243,,,Madeira,675000,4.0,3.0,3.0,2022.0,13024.0,1955.0,1.0,6,1,1,Active,1,334.0,,,"{'value': 212190329, 'level': 1}",1559718000000.0,False,False,False,False,False,,158,64,False,/OH/Cincinnati/7506-S-Mingo-Ln-45243/home/101004122,2025-07-26T15:01:18.834910,active,168750.0,225000.0,505.5,1.3333333333333333,69.0,Luxury,Large
78742825,205599631,1848882,9899 Mistymorn Ln,Symmes Twp,OH,45242,,,Symmes Twp.,1390000,5.0,5.0,4.0,3551.0,40075.0,1994.0,2.0,6,1,1,Active,1,391.0,38.0,,"{'value': 212191052, 'level': 1}",1680505200000.0,False,False,False,False,False,,158,64,False,/OH/Cincinnati/9899-Mistymorn-Ln-45242/home/78742825,2025-07-26T15:01:18.834915,active,278000.0,278000.0,710.2,1.0,30.0,Ultra_Luxury,Mansion
76133054,205604479,1848857,5372 Laured Pl,Green Twp,OH,45238,,,Green Twp.,249900,2.0,2.0,2.0,1208.0,11238.0,1957.0,1.0,6,1,1,Active,1,207.0,,,"{'value': 212191318, 'level': 1}",,False,False,False,False,False,,158,64,False,/OH/Cincinnati/5372-Laured-Pl-45238/home/76133054,2025-07-26T15:01:18.834921,active,124950.0,124950.0,604.0,1.0,67.0,Moderate,Medium
78782164,205560751,1848785,67 Forest Ave,Wyoming,OH,45215,,,Wyoming,465000,3.0,3.0,2.0,1920.0,,1936.0,2.0,6,1,1,Active,1,242.0,,,"{'value': 212191657, 'level': 1}",1085727600000.0,False,False,False,False,False,,158,64,True,/OH/Wyoming/67-Forest-Ave-45215/home/78782164,2025-07-26T15:01:18.834926,active,155000.0,155000.0,640.0,1.0,88.0,Upper_Mid,Large
76160912,205630656,1848741,12044 Hazelhurst Dr,Springfield Twp.,OH,45240,,,Springdale,270000,4.0,2.0,2.0,1638.0,11238.0,1977.0,,6,1,1,Active,1,165.0,,,"{'value': 212191727, 'level': 1}",1747638000000.0,False,False,False,False,False,,158,64,False,/OH/Cincinnati/12044-Hazelhurst-Dr-45240/home/76160912,2025-07-26T15:01:18.834932,active,67500.0,135000.0,409.5,2.0,47.0,Moderate,Medium
100685720,205483384,1848524,8207 Brownstone Dr,West Chester,OH,45241,,,East West Chester,455000,4.0,3.5,3.0,2453.0,22399.0,1987.0,2.0,6,1,1,Active,1,185.0,,,"{'value': 212193395, 'level': 1}",1028098800000.0,False,False,False,False,False,,158,64,False,/OH/West-Chester/8207-Brownstone-Dr-45241/home/100685720,2025-07-26T15:01:18.834937,active,113750.0,130000.0,613.25,1.1428571428571428,37.0,Upper_Mid,Large
78965677,205652801,1849220,412 Liberty Hl Unit 4D,Cincinnati,OH,45202,,,Mt. Auburn,399000,3.0,2.0,2.0,1700.0,20547.0,1867.0,2.0,3,2,1,Active,1,235.0,738.0,,"{'value': 222898875, 'level': 1}",1408431600000.0,False,False,False,False,False,,158,64,False,/OH/Cincinnati/412-Liberty-Hl-45202/unit-4D/home/78965677,2025-07-26T15:01:18.834943,active,133000.0,199500.0,566.6666666666666,1.5,157.0,Upper_Mid,Medium
100981816,205651549,1848609,3285 Renfro Ave,Cincinnati,OH,45211,,,Westwood,309000,3.0,2.5,2.0,2386.0,6665.0,1934.0,2.0,6,1,1,Active,1,130.0,,,"{'value': 226384559, 'level': 1}",1646294400000.0,False,True,False,False,False,,158,64,False,/OH/Cincinnati/3285-Renfro-Ave-45211/home/100981816,2025-07-26T15:01:18.834949,active,103000.0,123600.0,795.3333333333334,1.2,90.0,Upper_Mid,Large
78757368,205650807,1849076,10908 Tangleberry Ct,Springfield Twp.,OH,45240,,,Springfield Twp.,175000,3.0,1.0,1.0,1073.0,8233.0,1964.0,1.0,6,1,1,Active,1,163.0,,,"{'value': 228513661, 'level': 1}",1585551600000.0,False,False,False,False,False,,158,64,False,/OH/Cincinnati/10908-Tangleberry-Ct-45240/home/78757368,2025-07-26T15:01:18.834954,active,58333.333333333336,175000.0,357.6666666666667,3.0,60.0,Moderate,Small
195933984,205650333,1849210,817 Hawthorne Ave Unit A,Cincinnati,OH,45205,,,Price Hill,259900,2.0,2.0,2.0,,,1915.0,1.0,3,2,1,Active,1,,221.0,,"{'value': 229492088, 'level': 1}",,False,False,False,False,False,,158,64,False,/OH/Cincinnati/817-Hawthorne-Ave-45205/unit-A/home/195933984,2025-07-26T15:01:18.834959,active,129950.0,129950.0,,1.0,109.0,Moderate,
76132263,205645492,1849198,5409 Whetsel Ave,Cincinnati,OH,45227,,,Madisonville,182000,3.0,1.5,1.0,1334.0,6926.0,1905.0,2.0,6,1,1,Active,1,136.0,,,"{'value': 237034496, 'level': 1}",761904000000.0,False,False,False,False,False,,158,64,True,/OH/Cincinnati/5409-Whetsel-Ave-45227/home/76132263,2025-07-26T15:01:18.834965,active,60666.666666666664,121333.33333333333,444.6666666666667,2.0,119.0,Moderate,Medium
78791976,205643957,1849187,3820 S Jefferson Ave,Norwood,OH,45212,,,Norwood,159900,2.0,1.0,1.0,1156.0,,,2.0,6,1,1,Active,1,138.0,,,"{'value': 239182315, 'level': 1}",1069660800000.0,False,False,False,False,False,,158,64,False,/OH/Cincinnati/3820-S-Jefferson-Ave-45212/home/78791976,2025-07-26T15:01:18.834971,active,79950.0,159900.0,578.0,2.0,,Moderate,Small
100981917,205642437,1849194,3537 Daytona Ave,Cincinnati,OH,45211,,,Westwood,220000,4.0,1.0,1.0,1504.0,5968.0,1927.0,3.0,6,1,1,Active,1,146.0,,,"{'value': 241257437, 'level': 1}",1617260400000.0,False,False,False,False,False,,158,64,False,/OH/Cincinnati/3537-Daytona-Ave-45211/home/100981917,2025-07-26T15:01:18.834977,active,55000.0,220000.0,376.0,4.0,97.0,Moderate,Medium
63724813,205641336,1849173,5567 North Glen Rd,Green Twp,OH,45248,,,Bridgetown,274900,3.0,2.0,2.0,1336.0,9888.0,1955.0,4.0,6,1,1,Active,1,206.0,,,"{'value': 242567965, 'level': 1}",1468911600000.0,False,False,False,False,False,,158,64,False,/OH/Cincinnati/5567-N-Glen-Rd-45248/home/63724813,2025-07-26T15:01:18.834982,active,91633.33333333333,137450.0,445.3333333333333,1.5,69.0,Moderate,Medium
78986588,205641335,1849027,11566 Rose Ln,Springdale,OH,45246,,,Springdale,269500,3.0,2.0,2.0,1337.0,9496.0,1996.0,1.0,6,1,1,Active,1,202.0,,,"{'value': 242568053, 'level': 1}",862988400000.0,False,False,False,False,False,,158,64,False,/OH/Cincinnati/11566-Rose-Ln-45246/home/78986588,2025-07-26T15:01:18.834987,active,89833.33333333333,134750.0,445.6666666666667,1.5,28.0,Moderate,Medium
100966707,205635736,1849161,448 Dayton St,Cincinnati,OH,45214,,,City,115000,2.0,2.0,2.0,960.0,1220.0,1865.0,3.0,6,1,1,Active,1,120.0,,,"{'value': 249420836, 'level': 1}",,False,False,False,False,False,,158,64,False,/OH/Cincinnati/448-Dayton-St-45214/home/100966707,2025-07-26T15:01:18.834992,active,57500.0,57500.0,480.0,1.0,159.0,Budget,Small
78837311,205633296,1849143,1435 Laidlaw Ave,Cincinnati,OH,45237,,,Bond Hill,139900,3.0,2.0,2.0,,3615.0,1880.0,2.0,6,1,1,Active,1,,,,"{'value': 252426729, 'level': 1}",1546243200000.0,False,False,False,False,False,,158,64,False,/OH/Cincinnati/1435-Laidlaw-Ave-45237/home/78837311,2025-07-26T15:01:18.834999,active,46633.333333333336,69950.0,,1.5,144.0,Budget,
185479958,205631860,1848821,540 Tusculum Ave,Cincinnati,OH,45226,,,Columbia/Tusculum,234900,2.0,1.5,1.0,1056.0,,1980.0,2.0,3,2,1,Active,1,222.0,314.0,,"{'value': 254339451, 'level': 1}",1549008000000.0,False,False,False,False,False,,158,64,False,/OH/Cincinnati/540-Tusculum-Ave-45226/home/185479958,2025-07-26T15:01:18.835005,active,117450.0,156600.0,528.0,1.3333333333333333,44.0,Moderate,Small
100985320,205630903,1848931,5937 Oakwood Ave,Cincinnati,OH,45224,,,College Hill,450000,8.0,4.0,4.0,,6229.0,1951.0,2.0,4,4,1,Active,1,,,,"{'value': 255413974, 'level': 1}",831106800000.0,False,False,False,False,False,,158,64,False,/OH/Cincinnati/5937-Oakwood-Ave-45224/home/100985320,2025-07-26T15:01:18.835011,active,56250.0,112500.0,,2.0,73.0,Upper_Mid,
101011062,205630660,1849111,760 Stonebridge Dr,Delhi Twp,OH,45233,,,Delhi Twp.,975000,5.0,4.5,4.0,6698.0,107419.0,1986.0,2.0,6,1,1,Active,1,146.0,4.0,,"{'value': 255775927, 'level': 1}",1663570800000.0,False,False,False,False,False,,158,64,False,/OH/Cincinnati/760-Stonebridge-Dr-45233/home/101011062,2025-07-26T15:01:18.835016,active,195000.0,216666.66666666666,1339.6,1.1111111111111112,38.0,Ultra_Luxury,Mansion
101014379,205630437,1849142,5251 West Fork Rd,Green Twp,OH,45247,,,Green Twp.,625000,3.0,2.5,2.0,4102.0,23392.0,2000.0,1.0,6,1,1,Active,1,152.0,,,"{'value': 256132326, 'level': 1}",697795200000.0,False,False,False,False,False,,158,64,False,/OH/Cincinnati/5251-W-Fork-Rd-45247/home/101014379,2025-07-26T15:01:18.835022,active,208333.33333333334,250000.0,1367.3333333333333,1.2,24.0,Luxury,Mansion
100960235,205628590,1849054,2724 Wagner St,Cincinnati,OH,45225,,,Clifton,199900,3.0,2.0,2.0,1344.0,,1900.0,2.0,6,1,1,Active,1,149.0,,,"{'value': 258543958, 'level': 1}",991810800000.0,False,False,False,False,False,,158,64,False,/OH/Cincinnati/2724-Wagner-St-45225/home/100960235,2025-07-26T15:01:18.835028,active,66633.33333333333,99950.0,448.0,1.5,124.0,Moderate,Medium
78925038,205627719,1849129,5816 Kennedy Ave,Cincinnati,OH,45213,,,Kennedy Hts.,150000,2.0,1.0,1.0,864.0,7231.0,1949.0,1.0,6,1,1,Active,1,174.0,,,"{'value': 259859681, 'level': 1}",1368169200000.0,False,False,False,False,False,,158,64,False,/OH/Cincinnati/5816-Kennedy-Ave-45213/home/78925038,2025-07-26T15:01:18.835033,active,75000.0,150000.0,432.0,2.0,75.0,Budget,Small
63720233,205626221,1849123,3414 Bevis Ave,Cincinnati,OH,45207,,,Evanston,374500,4.0,2.5,2.0,2270.0,6970.0,1922.0,,6,1,1,Active,1,165.0,,,"{'value': 262378936, 'level': 1}",1715065200000.0,False,False,False,False,False,,158,64,False,/OH/Cincinnati/3414-Bevis-Ave-45207/home/63720233,2025-07-26T15:01:18.835039,active,93625.0,149800.0,567.5,1.6,102.0,Upper_Mid,Large
101031403,205625967,1849119,254 Compton Rd,Wyoming,OH,45215,,,Wyoming,695000,4.0,4.0,3.0,3540.0,31842.0,1976.0,2.0,6,1,1,Active,1,196.0,,,"{'value': 262853845, 'level': 1}",1161327600000.0,False,False,False,False,False,,158,64,False,/OH/Cincinnati/254-Compton-Rd-45215/home/101031403,2025-07-26T15:01:18.835044,active,173750.0,173750.0,885.0,1.0,48.0,Luxury,Mansion
100966368,205625837,1849118,6218 Coleridge Ave,Cincinnati,OH,45213,,,Kennedy Hts.,346500,3.0,2.0,2.0,1744.0,,1907.0,2.0,6,1,1,Active,1,199.0,,,"{'value': 263105203, 'level': 1}",1719212400000.0,False,False,False,False,False,,158,64,False,/OH/Cincinnati/6218-Coleridge-Ave-45213/home/100966368,2025-07-26T15:01:18.835050,active,115500.0,173250.0,581.3333333333334,1.5,117.0,Upper_Mid,Medium
78904638,205625180,1849108,4826 Prosperity Pl,Cincinnati,OH,45238,,,Price Hill,144900,3.0,1.0,1.0,1160.0,10977.0,1924.0,2.0,6,1,1,Active,1,125.0,,,"{'value': 264057444, 'level': 1}",1351494000000.0,False,False,False,False,False,,158,64,False,/OH/Cincinnati/4826-Prosperity-Pl-45238/home/78904638,2025-07-26T15:01:18.835055,active,48300.0,144900.0,386.6666666666667,3.0,100.0,Budget,Small
100949668,205625178,1849114,6107 Clephane Ave,Cincinnati,OH,45227,,,Madisonville,432300,4.0,2.5,2.0,2032.0,5837.0,1900.0,3.0,6,1,1,Active,1,213.0,,,"{'value': 264058397, 'level': 1}",1720594800000.0,False,False,False,False,False,,158,64,False,/OH/Cincinnati/6107-Clephane-Ave-45227/home/100949668,2025-07-26T15:01:18.835061,active,108075.0,172920.0,508.0,1.6,124.0,Upper_Mid,Large
76138212,205624726,1849103,144 Whipple St,Cincinnati,OH,45233,,,Sayler Park,180000,2.0,1.0,1.0,988.0,25265.0,1929.0,1.0,6,1,1,Active,1,182.0,,,"{'value': 265127572, 'level': 1}",,False,False,False,False,False,,158,64,False,/OH/Cincinnati/144-Whipple-St-45233/home/76138212,2025-07-26T15:01:18.835066,active,90000.0,180000.0,494.0,2.0,95.0,Moderate,Small
78747228,205624464,1848039,2824 Crest Rd,Colerain Twp,OH,45251,,,Colerain Twp.West,319900,3.0,2.5,2.0,1610.0,9104.0,1990.0,2.0,6,1,1,Active,1,199.0,,,"{'value': 265734964, 'level': 1}",1501743600000.0,False,False,False,False,False,,158,64,False,/OH/Cincinnati/2824-Crest-Rd-45251/home/78747228,2025-07-26T15:01:18.835071,active,106633.33333333333,127960.0,536.6666666666666,1.2,34.0,Upper_Mid,Medium
71383205,205624329,1849048,5617 Regimental Pl,Cincinnati,OH,45239,,,Mt. Airy,214499,2.0,2.0,2.0,1153.0,1568.0,1991.0,2.0,13,3,1,Active,1,186.0,310.0,,"{'value': 266058568, 'level': 1}",1568358000000.0,False,False,False,False,False,,158,64,False,/OH/Cincinnati/5617-Regimental-Pl-45239/home/71383205,2025-07-26T15:01:18.835076,active,107249.5,107249.5,576.5,1.0,33.0,Moderate,Small
78805641,205572850,1848814,3115 Harvard Ave,Cincinnati,OH,45207,,,Evanston,275000,3.0,2.5,2.0,1637.0,2439.0,1900.0,3.0,6,1,1,Active,1,168.0,,,"{'value': 298591881, 'level': 1}",1736150400000.0,False,False,False,False,False,,158,64,False,/OH/Cincinnati/3115-Harvard-Ave-45207/home/78805641,2025-07-26T15:01:18.835081,active,91666.66666666667,110000.0,545.6666666666666,1.2,124.0,Moderate,Medium
76130314,205602494,1848582,8000 Graves Rd,Indian Hill,OH,45243,,,Indian Hill,2250000,6.0,6.0,4.0,8119.0,129722.0,1971.0,2.0,6,1,1,Active,1,277.0,,,"{'value': 298592169, 'level': 1}",1655362800000.0,False,False,False,False,False,,158,64,False,/OH/Cincinnati/8000-Graves-Rd-45243/home/76130314,2025-07-26T15:01:18.835087,active,375000.0,375000.0,1353.1666666666667,1.0,53.0,Ultra_Luxury,Mansion
78833433,205474128,1847906,2682 Grosvenor Dr,Colerain Twp,OH,45231,,,Colerain Twp.East,249900,3.0,2.5,2.0,1833.0,11674.0,1962.0,1.0,6,1,1,Active,1,136.0,,,"{'value': 298592351, 'level': 1}",1272610800000.0,False,False,False,False,False,,158,64,False,/OH/Cincinnati/2682-Grosvenor-Dr-45231/home/78833433,2025-07-26T15:01:18.835092,active,83300.0,99960.0,611.0,1.2,62.0,Moderate,Large
101039364,205446816,1848355,7640 Kennedy Ln,Montgomery,OH,45242,,,Montgomery,899000,5.0,3.5,3.0,2294.0,20299.0,1979.0,1.0,6,1,1,Active,1,392.0,,,"{'value': 298592615, 'level': 1}",1735891200000.0,False,False,False,False,False,,158,64,False,/OH/Cincinnati/7640-Kennedy-Ln-45242/home/101039364,2025-07-26T15:01:18.835099,active,179800.0,256857.14285714287,458.8,1.4285714285714286,45.0,Ultra_Luxury,Large
101042874,205507781,1847658,3662 Cooper Rd,Blue Ash,OH,45241,,,Blue Ash,1540000,5.0,5.5,5.0,7135.0,62378.0,2005.0,2.0,6,1,1,Active,1,216.0,,,"{'value': 298592626, 'level': 1}",1102579200000.0,False,True,False,False,False,,158,64,False,/OH/Blue-Ash/3662-Cooper-Rd-45241/home/101042874,2025-07-26T15:01:18.835105,active,308000.0,280000.0,1427.0,0.9090909090909091,19.0,Ultra_Luxury,Mansion
76130175,205568920,1848845,5156 Whitmore Dr,Delhi Twp,OH,45238,,,Delhi Twp.,300000,3.0,2.0,2.0,1726.0,12240.0,1976.0,,6,1,1,Active,1,174.0,,,"{'value': 298592661, 'level': 1}",,False,False,False,False,False,,158,64,False,/OH/Cincinnati/5156-Whitmore-Dr-45238/home/76130175,2025-07-26T15:01:18.835112,active,100000.0,150000.0,575.3333333333334,1.5,48.0,Moderate,Medium
78901055,205563686,1848801,5149 Breckenridge Dr,Green Twp,OH,45247,,,Bridgetown,499500,4.0,3.5,3.0,2102.0,14375.0,2001.0,2.0,6,1,1,Active,1,238.0,13.0,,"{'value': 298593173, 'level': 1}",1653462000000.0,False,False,False,False,False,,158,64,False,/OH/Cincinnati/5149-Breckenridge-Dr-45247/home/78901055,2025-07-26T15:01:18.835117,active,124875.0,142714.2857142857,525.5,1.1428571428571428,23.0,Upper_Mid,Large
78915344,205569494,1848836,3728 Drakewood Dr,Cincinnati,OH,45209,,,Oakley,875000,4.0,3.5,3.0,2405.0,6839.0,1895.0,3.0,6,1,1,Active,1,364.0,,,"{'value': 298593339, 'level': 1}",1664953200000.0,False,True,False,False,False,,158,64,False,/OH/Cincinnati/3728-Drakewood-Dr-45209/home/78915344,2025-07-26T15:01:18.835122,active,218750.0,250000.0,601.25,1.1428571428571428,129.0,Ultra_Luxury,Large
76170283,205425839,1848253,4230 Fergus St,Cincinnati,OH,45223,,,Northside,425000,3.0,2.5,2.0,1504.0,1655.0,1895.0,3.0,6,1,1,Active,1,283.0,,,"{'value': 298593823, 'level': 1}",1688972400000.0,False,True,False,False,False,,158,64,False,/OH/Cincinnati/4230-Fergus-St-45223/home/76170283,2025-07-26T15:01:18.835128,active,141666.66666666666,170000.0,501.3333333333333,1.2,129.0,Upper_Mid,Medium
76076355,205619112,1849079,8442 Anthony Wayne Ave,Cincinnati,OH,45216,,,Hartwell,135000,3.0,2.0,2.0,1872.0,4966.0,1890.0,2.0,6,1,1,Active,1,72.0,,,"{'value': 305218582, 'level': 1}",1569481200000.0,False,False,False,False,False,,158,64,False,/OH/Cincinnati/8442-Anthony-Wayne-Ave-45216/home/76076355,2025-07-26T15:01:18.835134,active,45000.0,67500.0,624.0,1.5,134.0,Budget,Large
101049678,205613098,1849071,4635 Baker St,Norwood,OH,45212,,,Norwood,259900,3.0,1.0,1.0,1327.0,4792.0,1919.0,2.0,6,1,1,Active,1,196.0,,,"{'value': 320576305, 'level': 1}",1182495600000.0,False,False,False,False,False,,158,64,False,/OH/Cincinnati/4635-Baker-St-45212/home/101049678,2025-07-26T15:01:18.835140,active,86633.33333333333,259900.0,442.3333333333333,3.0,105.0,Moderate,Medium
184883692,205609059,1849030,1203 Vine St Unit B,Cincinnati,OH,45202,,,City,895000,3.0,2.0,2.0,2712.0,14414.0,1900.0,4.0,3,2,1,Active,1,330.0,1002.0,,"{'value': 326461263, 'level': 1}",1539327600000.0,False,False,False,False,False,,158,64,False,/OH/Cincinnati/1203-Vine-St-45202/unit-B/home/184883692,2025-07-26T15:01:18.835146,active,298333.3333333333,447500.0,904.0,1.5,124.0,Ultra_Luxury,Very_Large
100971931,205608248,1848834,822 Schiff Ave,Cincinnati,OH,45205,,,Price Hill,224900,5.0,,,2016.0,7449.0,1957.0,2.0,4,4,1,Active,1,112.0,,,"{'value': 327532425, 'level': 1}",1630393200000.0,False,False,False,False,False,,158,64,False,/OH/Cincinnati/822-Schiff-Ave-45205/home/100971931,2025-07-26T15:01:18.835152,active,44980.0,,403.2,,67.0,Moderate,Large
100972842,205607089,1844926,969 Glenna Dr,Cincinnati,OH,45238,,,Covedale,159900,3.0,2.0,2.0,1314.0,12110.0,,,6,1,1,Active,1,122.0,,,"{'value': 328814315, 'level': 1}",1165305600000.0,False,False,False,False,False,,158,64,False,/OH/Cincinnati/969-Glenna-Dr-45238/home/100972842,2025-07-26T15:01:18.835157,active,53300.0,79950.0,438.0,1.5,,Moderate,Medium
76168282,205606409,1849037,1801 Northcut Ave,Cincinnati,OH,45237,,,Bond Hill,314900,3.0,1.5,1.0,1420.0,8843.0,1926.0,2.0,6,1,1,Active,1,222.0,,,"{'value': 329812313, 'level': 1}",1569826800000.0,False,False,False,False,False,,158,64,True,/OH/Cincinnati/1801-Northcut-Ave-45237/home/76168282,2025-07-26T15:01:18.835164,active,104966.66666666667,209933.33333333334,473.3333333333333,2.0,98.0,Upper_Mid,Medium
101009658,205605476,1849007,5573 Cleves Warsaw Pike,Delhi Twp,OH,45238,,,Delhi Twp.,325000,4.0,2.5,2.0,3018.0,19646.0,1975.0,2.0,6,1,1,Active,1,108.0,,,"{'value': 331078821, 'level': 1}",1574409600000.0,False,False,False,False,False,,158,64,False,/OH/Cincinnati/5573-Cleves-Warsaw-Pike-45238/home/101009658,2025-07-26T15:01:18.835169,active,81250.0,130000.0,754.5,1.6,49.0,Upper_Mid,Very_Large
76095365,205604276,1848680,5439 Whetsel Ave,Cincinnati,OH,45227,,,Madisonville,279900,2.0,1.0,1.0,1849.0,,1927.0,2.0,6,1,1,Active,1,151.0,,,"{'value': 332452680, 'level': 1}",1662706800000.0,False,False,False,False,False,,158,64,False,/OH/Cincinnati/5439-Whetsel-Ave-45227/home/76095365,2025-07-26T15:01:18.835176,active,139950.0,279900.0,924.5,2.0,97.0,Moderate,Large
101042648,205603440,1849016,9637 Ash Ct,Blue Ash,OH,45242,,,Blue Ash,450000,4.0,2.0,2.0,2306.0,17337.0,1984.0,2.0,6,1,1,Active,1,195.0,,,"{'value': 333180017, 'level': 1}",,False,False,False,False,False,,158,64,False,/OH/Blue-Ash/9637-Ash-Ct-45242/home/101042648,2025-07-26T15:01:18.835182,active,112500.0,225000.0,576.5,2.0,40.0,Upper_Mid,Large
76078528,205603396,1848822,9828 Loralinda Dr,Colerain Twp,OH,45251,,,Colerain Twp.East,160000,3.0,1.0,1.0,925.0,13504.0,1960.0,1.0,6,1,1,Active,1,173.0,,,"{'value': 333272623, 'level': 1}",1650006000000.0,False,False,False,False,False,,158,64,False,/OH/Cincinnati/9828-Loralinda-Dr-45251/home/76078528,2025-07-26T15:01:18.835189,active,53333.333333333336,160000.0,308.3333333333333,3.0,64.0,Moderate,Small
78771207,205603222,1849006,7212 Creekview Dr #6,Colerain Twp,OH,45247,,,Colerain Twp.West,125000,2.0,1.5,1.0,968.0,134404.0,1982.0,1.0,3,2,1,Active,1,129.0,270.0,,"{'value': 333537767, 'level': 1}",1399359600000.0,False,False,False,False,False,,158,64,False,/OH/Cincinnati/7212-Creekview-Dr-45247/unit-6/home/78771207,2025-07-26T15:01:18.835194,active,62500.0,83333.33333333333,484.0,1.3333333333333333,42.0,Budget,Small
100969833,205602575,1847434,1128 Mcpherson Ave,Cincinnati,OH,45205,,,Price Hill,175000,2.0,1.5,1.0,1402.0,2701.0,1926.0,2.0,6,1,1,Active,1,125.0,,,"{'value': 334386125, 'level': 1}",1580889600000.0,False,True,False,False,False,,158,64,False,/OH/Cincinnati/1128-McPherson-Ave-45205/home/100969833,2025-07-26T15:01:18.835201,active,87500.0,116666.66666666667,701.0,1.3333333333333333,98.0,Moderate,Medium
76149203,205601684,1848965,16 Carpenters Run,Blue Ash,OH,45241,,,Blue Ash,839000,4.0,3.5,3.0,3470.0,30231.0,1980.0,2.0,6,1,1,Active,1,242.0,2.0,,"{'value': 335703553, 'level': 1}",1717484400000.0,False,False,False,False,False,,158,64,False,/OH/Blue-Ash/16-Carpenters-Run-45241/home/76149203,2025-07-26T15:01:18.835209,active,209750.0,239714.2857142857,867.5,1.1428571428571428,44.0,Ultra_Luxury,Very_Large
100980712,205598453,1848969,3435 Stathem Ave,Cincinnati,OH,45211,,,Westwood,249900,3.0,1.5,1.0,1301.0,7492.0,1900.0,,6,1,1,Active,1,192.0,,,"{'value': 340242880, 'level': 1}",1658300400000.0,False,False,False,False,False,,158,64,False,/OH/Cincinnati/3435-Stathem-Ave-45211/home/100980712,2025-07-26T15:01:18.835216,active,83300.0,166600.0,433.6666666666667,2.0,124.0,Moderate,Medium
76096554,205597678,1848241,3025 Gilbert Ave,Cincinnati,OH,45206,,,Walnut Hills,440000,4.0,4.0,4.0,3384.0,7797.0,1916.0,2.0,4,4,1,Active,1,130.0,,,"{'value': 341572160, 'level': 1}",1653289200000.0,False,False,False,False,False,,158,64,False,/OH/Cincinnati/3025-Gilbert-Ave-45206/home/76096554,2025-07-26T15:01:18.835223,active,110000.0,110000.0,846.0,1.0,108.0,Upper_Mid,Very_Large
78756157,205594072,1848950,2776 Klondike Ct,Colerain Twp,OH,45251,,,Colerain Twp.West,184900,4.0,1.5,1.0,1631.0,7579.0,1973.0,,6,1,1,Active,1,113.0,,,"{'value': 346498412, 'level': 1}",986540400000.0,False,False,False,False,False,,158,64,False,/OH/Cincinnati/2776-Klondike-Ct-45251/home/78756157,2025-07-26T15:01:18.835228,active,46225.0,123266.66666666667,407.75,2.6666666666666665,51.0,Moderate,Medium
100989032,205593780,1848827,3060 N Hegry Cir,Cincinnati,OH,45238,,,Westwood,159000,4.0,1.0,1.0,1319.0,7100.0,1946.0,,6,1,1,Active,1,121.0,,,"{'value': 347106601, 'level': 1}",1510905600000.0,False,False,False,False,False,,158,64,False,/OH/Cincinnati/3060-N-Hegry-Cir-45238/home/100989032,2025-07-26T15:01:18.835233,active,39750.0,159000.0,329.75,4.0,78.0,Moderate,Medium
78900476,205591858,1848916,1520 Manss Ave,Cincinnati,OH,45205,,,Price Hill,135000,3.0,1.0,1.0,1080.0,3920.0,1948.0,,6,1,1,Active,1,125.0,,,"{'value': 350088450, 'level': 1}",1374822000000.0,False,False,False,False,False,,158,64,False,/OH/Cincinnati/1520-Manss-Ave-45205/home/78900476,2025-07-26T15:01:18.835238,active,45000.0,135000.0,360.0,3.0,76.0,Budget,Small
191686396,205591826,1848899,1604 W Galbraith Rd,North College Hill,OH,45239,,,North College Hil,645900,10.0,,,,14201.0,1970.0,2.0,5,4,1,Active,1,,,,"{'value': 350216534, 'level': 1}",,False,False,False,False,False,,158,64,False,/OH/North-College-Hill/1604-Galbraith-Rd-45239/home/191686396,2025-07-26T15:01:18.835244,active,64590.0,,,,54.0,Luxury,
179107077,205394061,1848095,4251 Chambers St,Cincinnati,OH,45223,,,Northside,499900,3.0,2.5,2.0,,1137.0,1900.0,3.0,6,1,1,Active,1,,,,"{'value': 385026962, 'level': 1}",,False,False,False,False,False,,158,64,False,/OH/Cincinnati/4251-Chambers-St-45223/home/179107077,2025-07-26T15:01:18.835249,active,166633.33333333334,199960.0,,1.2,124.0,Upper_Mid,
100964080,205413978,1847881,1730 Dale Rd,Cincinnati,OH,45237,,,Bond Hill,320000,4.0,4.0,4.0,2600.0,15682.0,1931.0,2.0,4,4,1,Active,1,123.0,,,"{'value': 385027750, 'level': 1}",1173340800000.0,False,False,False,False,False,,158,64,False,/OH/Cincinnati/1730-Dale-Rd-45237/home/100964080,2025-07-26T15:01:18.835255,active,80000.0,80000.0,650.0,1.0,93.0,Upper_Mid,Very_Large
78842445,205545860,1848717,395 Oregon St #1,Cincinnati,OH,45202,,,Mt. Adams,259900,2.0,1.0,1.0,818.0,2243.0,1870.0,1.0,3,2,1,Active,1,318.0,185.0,,"{'value': 385027876, 'level': 1}",1129273200000.0,False,False,False,False,False,,158,64,False,/OH/Cincinnati/395-Oregon-St-45202/unit-1/home/78842445,2025-07-26T15:01:18.835260,active,129950.0,259900.0,409.0,2.0,154.0,Moderate,Small
100989228,205576310,1848872,8590 Morning Calm Dr,Anderson Twp,OH,45255,,,Anderson Twp.,650000,4.0,3.5,3.0,2848.0,43734.0,1992.0,2.0,6,1,1,Active,1,228.0,,,"{'value': 385028227, 'level': 1}",1475823600000.0,False,False,False,False,False,,158,64,False,/OH/Cincinnati/8590-Morningcalm-Dr-45255/home/100989228,2025-07-26T15:01:18.835265,active,162500.0,185714.2857142857,712.0,1.1428571428571428,32.0,Luxury,Very_Large
100961974,205586215,1848900,611 Rockdale Ave,Cincinnati,OH,45229,,,Avondale,150000,5.0,3.5,3.0,3105.0,5358.0,1905.0,3.0,6,1,1,Active,1,48.0,,,"{'value': 394058785, 'level': 1}",1129878000000.0,False,False,False,False,False,,158,64,False,/OH/Cincinnati/611-Rockdale-Ave-45229/home/100961974,2025-07-26T15:01:18.835272,active,30000.0,42857.142857142855,621.0,1.4285714285714286,119.0,Budget,Very_Large
100976921,205585179,1848896,1623 Sutter Ave,Cincinnati,OH,45225,,,Fairmount,54900,3.0,2.0,2.0,1097.0,3877.0,1912.0,2.0,6,1,1,Active,1,50.0,,,"{'value': 398351610, 'level': 1}",,False,False,False,False,False,,158,64,False,/OH/Cincinnati/1623-Sutter-Ave-45225/home/100976921,2025-07-26T15:01:18.835277,active,18300.0,27450.0,365.6666666666667,1.5,112.0,Budget,Small
100959842,205579195,1848840,316 Klotter Ave,Cincinnati,OH,45219,,,Clifton,399000,5.0,2.0,2.0,1460.0,2526.0,1891.0,2.0,6,1,1,Active,1,273.0,,,"{'value': 410655801, 'level': 1}",1659337200000.0,False,False,False,False,False,,158,64,False,/OH/Cincinnati/316-Klotter-Ave-45219/home/100959842,2025-07-26T15:01:18.835282,active,79800.0,199500.0,292.0,2.5,133.0,Upper_Mid,Medium
100959938,205579101,1848832,404 Warner St,Cincinnati,OH,45219,,,Clifton,365000,5.0,2.5,2.0,1956.0,2526.0,1905.0,2.0,6,1,1,Active,1,187.0,,,"{'value': 410829843, 'level': 1}",1691132400000.0,False,False,False,False,False,,158,64,False,/OH/Cincinnati/404-Warner-St-45219/home/100959938,2025-07-26T15:01:18.835288,active,73000.0,146000.0,391.2,2.0,119.0,Upper_Mid,Large
76078348,205578821,1848878,10372 Pippin Ln,Colerain Twp,OH,45231,,,Colerain Twp.East,204900,3.0,2.0,2.0,1276.0,11761.0,1983.0,1.0,6,1,1,Active,1,161.0,,,"{'value': 411295367, 'level': 1}",841129200000.0,False,False,False,False,False,,158,64,False,/OH/Cincinnati/10372-Pippin-Ln-45231/home/76078348,2025-07-26T15:01:18.835294,active,68300.0,102450.0,425.3333333333333,1.5,41.0,Moderate,Medium
113168974,205577162,1848873,3408 North Bend Rd #8,Green Twp,OH,45239,,,Green Twp.,159000,2.0,2.0,2.0,1020.0,,2004.0,1.0,3,2,1,Active,1,156.0,250.0,,"{'value': 413346000, 'level': 1}",1608624000000.0,False,False,False,False,False,,158,64,False,/OH/Cincinnati/3408-N-Bend-Rd-45239/unit-8/home/113168974,2025-07-26T15:01:18.835300,active,79500.0,79500.0,510.0,1.0,20.0,Moderate,Small
76157971,205575690,1848876,3823 Springoak Dr,Green Twp,OH,45248,,,Bridgetown,335000,5.0,3.0,3.0,2492.0,28279.0,1979.0,1.0,6,1,1,Active,1,134.0,,,"{'value': 415608513, 'level': 1}",,False,False,False,False,False,,158,64,False,/OH/Cincinnati/3823-Springoak-Dr-45248/home/76157971,2025-07-26T15:01:18.835306,active,67000.0,111666.66666666667,498.4,1.6666666666666667,45.0,Upper_Mid,Large
78900658,205575688,1848782,None,Cincinnati,OH,45205,,,Price Hill,150000,3.0,1.0,1.0,1394.0,5576.0,1928.0,,6,1,1,Active,1,108.0,,,"{'value': 415608675, 'level': 1}",1143619200000.0,False,False,False,False,False,,158,64,False,/OH/Cincinnati/Undisclosed-address-45205/home/78900658,2025-07-26T15:01:18.835313,active,50000.0,150000.0,464.6666666666667,3.0,96.0,Budget,Medium
100973822,205574322,1848860,4753 Prosperity Pl,Cincinnati,OH,45238,,,Price Hill,169900,3.0,2.0,2.0,1110.0,,1940.0,,6,1,1,Active,1,153.0,,,"{'value': 417296805, 'level': 1}",1084777200000.0,False,False,False,False,False,,158,64,False,/OH/Cincinnati/4753-Prosperity-Pl-45238/home/100973822,2025-07-26T15:01:18.835318,active,56633.333333333336,84950.0,370.0,1.5,84.0,Moderate,Small
100985093,205574116,1848863,2146 W North Bend Rd,Cincinnati,OH,45224,,,College Hill,249900,3.0,3.0,3.0,1600.0,6186.0,1960.0,1.0,4,4,1,Active,1,156.0,,,"{'value': 417551807, 'level': 1}",,False,False,False,False,False,,158,64,False,/OH/Cincinnati/2146-W-North-Bend-Rd-45224/home/100985093,2025-07-26T15:01:18.835324,active,83300.0,83300.0,533.3333333333334,1.0,64.0,Moderate,Medium
78823252,205574115,1848626,2200 Victory Pkwy #1002,Cincinnati,OH,45206,,,Walnut Hills,139900,1.0,1.0,1.0,520.0,,1966.0,1.0,3,2,1,Active,1,269.0,513.0,,"{'value': 417552165, 'level': 1}",1444374000000.0,False,False,False,False,False,,158,64,False,/OH/Cincinnati/2200-Victory-Pkwy-45206/unit-1002/home/78823252,2025-07-26T15:01:18.835330,active,139900.0,139900.0,520.0,1.0,58.0,Budget,Small
100981659,205573654,1848854,3381 Parkcrest Ln,Cincinnati,OH,45211,,,Westwood,300000,4.0,4.0,4.0,,1002.0,1963.0,2.0,4,4,1,Active,1,,,,"{'value': 417906349, 'level': 1}",,False,False,False,False,False,,158,64,False,/OH/Cincinnati/3381-Parkcrest-Ln-45211/home/100981659,2025-07-26T15:01:18.835336,active,75000.0,75000.0,,1.0,61.0,Moderate,
100985052,205572275,1848858,2142 W North Bend Rd,Cincinnati,OH,45224,,,College Hill,249900,3.0,3.0,3.0,,,1960.0,1.0,4,4,1,Active,1,,,,"{'value': 419582131, 'level': 1}",999241200000.0,False,False,False,False,False,,158,64,False,/OH/Cincinnati/2142-W-North-Bend-Rd-45224/home/100985052,2025-07-26T15:01:18.835341,active,83300.0,83300.0,,1.0,64.0,Moderate,
76157178,205571400,1848799,926 Reily Rd,Wyoming,OH,45215,,,Wyoming,470000,3.0,2.0,2.0,2030.0,12807.0,1951.0,,6,1,1,Active,1,232.0,,,"{'value': 421020475, 'level': 1}",,False,False,False,False,False,,158,64,False,/OH/Cincinnati/926-Reily-Rd-45215/home/76157178,2025-07-26T15:01:18.835347,active,156666.66666666666,235000.0,676.6666666666666,1.5,73.0,Upper_Mid,Large
78748961,205570272,1848773,3709 Frances Ave,Cheviot,OH,45211,,,Cheviot,189900,3.0,1.0,1.0,1727.0,7405.0,1912.0,2.0,6,1,1,Active,1,110.0,,,"{'value': 422808617, 'level': 1}",1564124400000.0,False,False,False,False,False,,158,64,False,/OH/Cincinnati/3709-Frances-Ave-45211/home/78748961,2025-07-26T15:01:18.835353,active,63300.0,189900.0,575.6666666666666,3.0,112.0,Moderate,Medium
101050181,205569810,1848835,3 Linden St,Elmwood Place,OH,45216,,,Elmwood Place,198000,2.0,1.0,1.0,1469.0,3572.0,1896.0,2.0,6,1,1,Active,1,135.0,,,"{'value': 423038132, 'level': 1}",1684220400000.0,False,False,False,False,False,,158,64,False,/OH/Cincinnati/3-Linden-St-45216/home/101050181,2025-07-26T15:01:18.835359,active,99000.0,198000.0,734.5,2.0,128.0,Moderate,Medium
76131748,205569627,1848462,4771 Shepherd Creek Rd,Green Twp,OH,45223,,,Green Twp.,940000,3.0,2.0,2.0,1962.0,522720.0,1946.0,,6,1,1,Active,1,479.0,,,"{'value': 423383442, 'level': 1}",,False,False,False,False,False,,158,64,False,/OH/Cincinnati/4771-Shepherd-Creek-Rd-45223/home/76131748,2025-07-26T15:01:18.835364,active,313333.3333333333,470000.0,654.0,1.5,78.0,Ultra_Luxury,Large
76156680,205568980,1836384,4520 School Section Rd,Green Twp,OH,45211,,,Green Twp.,839900,4.0,3.0,3.0,5291.0,329479.0,1997.0,,6,1,1,Active,1,159.0,,,"{'value': 424263209, 'level': 1}",510912000000.0,False,False,False,False,False,,158,64,False,/OH/Cincinnati/4520-School-Section-Rd-45211/home/76156680,2025-07-26T15:01:18.835371,active,209975.0,279966.6666666667,1322.75,1.3333333333333333,27.0,Ultra_Luxury,Mansion
100973850,205568276,1848838,4910 Ferguson Pl,Cincinnati,OH,45238,,,Westwood,185000,2.0,2.0,2.0,1287.0,5271.0,1927.0,2.0,6,1,1,Active,1,144.0,,,"{'value': 425210977, 'level': 1}",1174978800000.0,False,False,False,False,False,,158,64,False,/OH/Cincinnati/4910-Ferguson-Pl-45238/home/100973850,2025-07-26T15:01:18.835376,active,92500.0,92500.0,643.5,1.0,97.0,Moderate,Medium
71319611,205567537,1848798,3454 Ballymore Ct,Pierce Twp,OH,45245,,,Pierce Twp.,425000,3.0,2.5,2.0,2426.0,7370.0,2004.0,1.0,6,1,1,Active,1,175.0,140.0,,"{'value': 426370843, 'level': 1}",1088578800000.0,False,False,False,False,False,,158,64,False,/OH/Cincinnati/3454-Ballymore-Ct-45245/home/71319611,2025-07-26T15:01:18.835382,active,141666.66666666666,170000.0,808.6666666666666,1.2,20.0,Upper_Mid,Large
100969560,205565173,1848808,2911 Glenway Ave,Cincinnati,OH,45204,,,Price Hill,75000,2.0,1.0,1.0,1056.0,6316.0,1929.0,2.0,6,1,1,Active,1,71.0,,,"{'value': 429901117, 'level': 1}",,False,False,False,False,False,,158,64,False,/OH/Cincinnati/2911-Glenway-Ave-45204/home/100969560,2025-07-26T15:01:18.835387,active,37500.0,75000.0,528.0,2.0,95.0,Budget,Small
101009410,205562043,1848795,5409 Casual Ct,Delhi Twp,OH,45238,,,Delhi Twp.,320000,4.0,3.0,2.0,2040.0,8189.0,1976.0,2.0,6,1,1,Active,1,157.0,,,"{'value': 435774036, 'level': 1}",1700208000000.0,False,False,False,False,False,,158,64,False,/OH/Cincinnati/5409-Casual-Ct-45238/home/101009410,2025-07-26T15:01:18.835393,active,80000.0,106666.66666666667,510.0,1.3333333333333333,48.0,Upper_Mid,Large
76073089,205561432,1848653,1712 Stonybrook Dr,Cincinnati,OH,45237,,,Roselawn,255000,3.0,2.5,2.0,1850.0,7667.0,1939.0,2.0,6,1,1,Active,1,138.0,,,"{'value': 437456551, 'level': 1}",1589785200000.0,False,False,False,False,False,,158,64,False,/OH/Cincinnati/1712-Stonybrook-Dr-45237/home/76073089,2025-07-26T15:01:18.835397,active,85000.0,102000.0,616.6666666666666,1.2,85.0,Moderate,Large
100969653,205561399,1848767,1253 Quebec Rd,Cincinnati,OH,45205,,,Price Hill,164900,5.0,2.0,2.0,3060.0,,1929.0,3.0,4,4,1,Active,1,54.0,,,"{'value': 437574070, 'level': 1}",1563174000000.0,False,False,False,False,False,,158,64,False,/OH/Cincinnati/1253-Quebec-Rd-45205/home/100969653,2025-07-26T15:01:18.835404,active,32980.0,82450.0,612.0,2.5,95.0,Moderate,Very_Large
100963612,205560788,1848787,1604 Crest Hill Dr,Cincinnati,OH,45237,,,Roselawn,275000,3.0,1.5,1.0,2100.0,28619.0,1954.0,1.0,6,1,1,Active,1,131.0,,,"{'value': 439974614, 'level': 1}",1697439600000.0,False,False,False,False,False,,158,64,False,/OH/Cincinnati/1604-Crest-Hill-Ave-45237/home/100963612,2025-07-26T15:01:18.835410,active,91666.66666666667,183333.33333333334,700.0,2.0,70.0,Moderate,Large
71382369,205559926,1848686,4149 Brookfield Dr,Union Twp,OH,45245,,,Union Twp.,249900,3.0,2.0,2.0,1478.0,20038.0,1960.0,1.0,6,1,1,Active,1,169.0,,,"{'value': 447896684, 'level': 1}",549097200000.0,False,False,False,False,False,,158,64,False,/OH/Cincinnati/4149-Brookfield-Dr-45245/home/71382369,2025-07-26T15:01:18.835416,active,83300.0,124950.0,492.6666666666667,1.5,64.0,Moderate,Medium
63713577,205559914,1848634,2714 Shaffer Ave,Cincinnati,OH,45211,,,Price Hill,170000,3.0,1.0,1.0,1211.0,7405.0,1927.0,2.0,6,1,1,Active,1,140.0,,,"{'value': 448264403, 'level': 1}",1425024000000.0,False,False,False,False,False,,158,64,False,/OH/Cincinnati/2714-Shaffer-Ave-45211/home/63713577,2025-07-26T15:01:18.835422,active,56666.666666666664,170000.0,403.6666666666667,3.0,97.0,Moderate,Medium
101012144,205441862,1847723,2969 Orchardtree Ct,Green Twp,OH,45239,,,Monfort Hts.,320000,3.0,2.5,2.0,1920.0,12589.0,1986.0,,6,1,1,Active,1,167.0,,,"{'value': 471397610, 'level': 1}",1658300400000.0,False,False,False,False,False,,158,64,False,/OH/Cincinnati/2969-Orchardtree-Ct-45239/home/101012144,2025-07-26T15:01:18.835427,active,106666.66666666667,128000.0,640.0,1.2,38.0,Upper_Mid,Large
76128372,205295843,1847706,3246 Ainsworth Dr,Colerain Twp,OH,45251,,,Colerain Twp.East,199900,3.0,1.0,1.0,925.0,7013.0,1959.0,1.0,6,1,1,Active,1,216.0,,,"{'value': 471397728, 'level': 1}",1461740400000.0,False,False,False,False,False,,158,64,False,/OH/Cincinnati/3246-Ainsworth-Dr-45251/home/76128372,2025-07-26T15:01:18.835432,active,66633.33333333333,199900.0,308.3333333333333,3.0,65.0,Moderate,Small
76077931,205516003,1845900,6386 Turpin Hills Dr,Anderson Twp,OH,45244,,,Anderson Twp.,750000,4.0,3.5,3.0,4768.0,31537.0,1988.0,2.0,6,1,1,Active,1,157.0,,,"{'value': 471397819, 'level': 1}",1449820800000.0,False,False,False,False,False,,158,64,False,/OH/Cincinnati/6386-Turpin-Hills-Dr-45244/home/76077931,2025-07-26T15:01:18.835438,active,187500.0,214285.7142857143,1192.0,1.1428571428571428,36.0,Luxury,Mansion
78954702,205357577,1847713,276 Emming St,Cincinnati,OH,45219,,,City,285000,5.0,2.0,2.0,1638.0,2570.0,1900.0,3.0,6,1,1,Active,1,174.0,,,"{'value': 471397950, 'level': 1}",1405494000000.0,False,False,False,False,False,,158,64,False,/OH/Cincinnati/276-Emming-St-45219/home/78954702,2025-07-26T15:01:18.835443,active,57000.0,142500.0,327.6,2.5,124.0,Moderate,Medium
78968137,205501862,1848407,1808 Cleveland Ave,Norwood,OH,45212,,,Norwood,239900,3.0,3.0,3.0,2652.0,2962.0,1914.0,3.0,4,4,1,Active,1,90.0,,,"{'value': 471398168, 'level': 1}",882259200000.0,False,False,False,False,False,,158,64,False,/OH/Cincinnati/1808-Cleveland-Ave-45212/home/78968137,2025-07-26T15:01:18.835448,active,79966.66666666667,79966.66666666667,884.0,1.0,110.0,Moderate,Very_Large
76072392,205553604,1848619,565 Prospect Pl,Cincinnati,OH,45229,,,Avondale,60000,3.0,1.0,1.0,1323.0,3528.0,1923.0,,6,1,1,Active,1,45.0,,,"{'value': 471399347, 'level': 1}",,False,False,False,False,False,,158,64,False,/OH/Cincinnati/565-Prospect-Pl-45229/home/76072392,2025-07-26T15:01:18.835454,active,20000.0,60000.0,441.0,3.0,101.0,Budget,Medium
78829384,205558199,1848775,2500 Warsaw Ave #29,Cincinnati,OH,45204,,,Price Hill,97900,1.0,1.0,1.0,616.0,196987.0,1969.0,1.0,3,2,1,Active,1,159.0,359.0,,"{'value': 479214761, 'level': 1}",1533884400000.0,False,False,False,False,False,,158,64,False,/OH/Cincinnati/2500-Warsaw-Ave-45204/unit-29/home/78829384,2025-07-26T15:01:18.835460,active,97900.0,97900.0,616.0,1.0,55.0,Budget,Small
100981207,205556819,1848742,3154 Werk Rd,Cincinnati,OH,45211,,,Westwood,340000,4.0,4.0,4.0,3228.0,7667.0,1948.0,2.0,4,4,1,Active,1,105.0,,,"{'value': 491930952, 'level': 1}",955004400000.0,False,False,False,False,False,,158,64,False,/OH/Cincinnati/3154-Werk-Rd-45211/home/100981207,2025-07-26T15:01:18.835466,active,85000.0,85000.0,807.0,1.0,76.0,Upper_Mid,Very_Large
196509006,205555373,1848754,210 Vintage Club Dr #106,Montgomery,OH,45249,,,Montgomery,955000,2.0,2.0,2.0,,,,1.0,3,2,1,Active,1,,731.0,,"{'value': 502026114, 'level': 1}",,False,False,False,False,True,,158,64,False,/OH/Montgomery/210-Vintage-Club-Dr-45249/unit-106/home/196509006,2025-07-26T15:01:18.835471,active,477500.0,477500.0,,1.0,,Ultra_Luxury,
100979290,205553798,1848708,2739 Powell Dr,Cincinnati,OH,45211,,,Westwood,349000,4.0,4.0,4.0,2904.0,7623.0,1958.0,2.0,4,4,1,Active,1,120.0,,,"{'value': 511475985, 'level': 1}",1104480000000.0,False,False,False,False,False,,158,64,False,/OH/Cincinnati/2739-Powell-Dr-45211/home/100979290,2025-07-26T15:01:18.835477,active,87250.0,87250.0,726.0,1.0,66.0,Upper_Mid,Very_Large
196508709,205553440,1848727,210 Vintage Club Dr #101,Montgomery,OH,45249,,,Montgomery,1195000,3.0,2.0,2.0,,,,1.0,3,2,1,Active,1,,869.0,,"{'value': 514124077, 'level': 1}",,False,False,False,False,True,,158,64,False,/OH/Montgomery/210-Vintage-Club-Dr-45249/unit-101/home/196508709,2025-07-26T15:01:18.835483,active,398333.3333333333,597500.0,,1.5,,Ultra_Luxury,
78805826,205547579,1848192,3955 Roswell Ave,Cheviot,OH,45211,,,Cheviot,195000,3.0,2.0,2.0,2184.0,15464.0,1947.0,1.0,6,1,1,Active,1,89.0,,,"{'value': 557807518, 'level': 1}",1560841200000.0,False,False,False,False,False,,158,64,False,/OH/Cincinnati/3955-Roswell-Ave-45211/home/78805826,2025-07-26T15:01:18.835489,active,65000.0,97500.0,728.0,1.5,77.0,Moderate,Large
95593854,205548905,1848699,133 Meridian St,Cincinnati,OH,45233,,,Sayler Park,229900,3.0,1.5,1.0,1528.0,6055.0,1913.0,2.0,6,1,1,Active,1,150.0,,,"{'value': 577139819, 'level': 1}",1720422000000.0,False,True,True,False,False,,158,64,False,/OH/Cincinnati/133-Meridian-St-45233/home/95593854,2025-07-26T15:01:18.835495,active,76633.33333333333,153266.66666666666,509.3333333333333,2.0,111.0,Moderate,Medium
145753217,204373561,1844533,7268 E Galbraith Rd Unit C,Sycamore Twp,OH,45243,,,Kenwood,229900,2.0,2.0,2.0,1032.0,178949.0,1979.0,1.0,3,2,1,Active,1,223.0,320.0,,"{'value': 586617305, 'level': 1}",1083049200000.0,False,False,False,False,False,,158,64,False,/OH/Madeira/7268-E-Galbraith-Rd-45243/unit-C/home/145753217,2025-07-26T15:01:18.835501,active,114950.0,114950.0,516.0,1.0,45.0,Moderate,Small
76097289,205546423,1848689,523 Norway Ave,Cincinnati,OH,45229,,,Avondale,389000,4.0,2.5,2.0,2189.0,5184.0,1913.0,3.0,6,1,1,Active,1,178.0,,,"{'value': 587804870, 'level': 1}",1727766000000.0,False,False,False,False,False,,158,64,False,/OH/Cincinnati/523-Norway-Ave-45229/home/76097289,2025-07-26T15:01:18.835507,active,97250.0,155600.0,547.25,1.6,111.0,Upper_Mid,Large
78748276,205545229,1848725,4226 Ivanhoe Ave,Norwood,OH,45212,,,Norwood,310000,4.0,1.5,1.0,1942.0,6011.0,1906.0,3.0,6,1,1,Active,1,160.0,,,"{'value': 592379740, 'level': 1}",1565593200000.0,False,False,False,False,False,,158,64,False,/OH/Cincinnati/4226-Ivanhoe-Ave-45212/home/78748276,2025-07-26T15:01:18.835513,active,77500.0,206666.66666666666,485.5,2.6666666666666665,118.0,Upper_Mid,Large
76150082,205542905,1848716,3225 Heritage Square Dr #25,Colerain Twp,OH,45251,,,Colerain Twp.East,170000,2.0,2.0,2.0,1106.0,87834.0,1990.0,1.0,3,2,1,Active,1,154.0,300.0,,"{'value': 600288135, 'level': 1}",1649746800000.0,False,False,False,False,False,,158,64,False,/OH/Cincinnati/3225-Heritage-Square-Dr-45251/unit-25/home/76150082,2025-07-26T15:01:18.835519,active,85000.0,85000.0,553.0,1.0,34.0,Moderate,Small
71384135,205541723,1848443,631 Charwood Dr,Union Twp,OH,45244,,,Union Twp.,237500,3.0,1.0,1.0,925.0,8233.0,1960.0,1.0,6,1,1,Active,1,257.0,,,"{'value': 604728408, 'level': 1}",1656054000000.0,False,False,False,False,False,,158,64,False,/OH/Cincinnati/631-Charwood-Dr-45244/home/71384135,2025-07-26T15:01:18.835524,active,79166.66666666667,237500.0,308.3333333333333,3.0,64.0,Moderate,Small
78767225,205541229,1848709,7533 Juler Ave,Madeira,OH,45243,,,Madeira,559900,3.0,3.0,2.0,1748.0,11238.0,1951.0,,6,1,1,Active,1,320.0,,,"{'value': 606893736, 'level': 1}",1746774000000.0,False,True,False,False,False,,158,64,False,/OH/Cincinnati/7533-Juler-Ave-45243/home/78767225,2025-07-26T15:01:18.835530,active,186633.33333333334,186633.33333333334,582.6666666666666,1.0,73.0,Luxury,Medium
78942009,205540078,1848511,2829 Windon Dr,Colerain Twp,OH,45251,,,Colerain Twp.East,245000,3.0,1.5,1.0,1486.0,7492.0,1966.0,,6,1,1,Active,1,165.0,,,"{'value': 611803274, 'level': 1}",1743577200000.0,False,False,False,False,False,,158,64,False,/OH/Cincinnati/2829-Windon-Dr-45251/home/78942009,2025-07-26T15:01:18.835536,active,81666.66666666667,163333.33333333334,495.3333333333333,2.0,58.0,Moderate,Medium
78971898,205495535,1848544,8354 Burns Ave,Cincinnati,OH,45216,,,Hartwell,469900,4.0,4.0,4.0,3335.0,17555.0,1890.0,2.0,6,1,1,Active,1,141.0,,,"{'value': 644229642, 'level': 1}",1241679600000.0,False,False,False,False,False,,158,64,False,/OH/Cincinnati/8354-Burns-Ave-45216/home/78971898,2025-07-26T15:01:18.835543,active,117475.0,117475.0,833.75,1.0,134.0,Upper_Mid,Very_Large
78833983,205394774,1847857,6355 Corbly Rd #19,Cincinnati,OH,45230,,,Mt. Washington,209900,2.0,1.5,1.0,1425.0,62317.0,1984.0,1.0,3,2,1,Active,1,147.0,311.0,,"{'value': 644229891, 'level': 1}",1630047600000.0,False,False,False,False,False,,158,64,False,/OH/Cincinnati/6355-Corbly-Rd-45230/unit-19/home/78833983,2025-07-26T15:01:18.835548,active,104950.0,139933.33333333334,712.5,1.3333333333333333,40.0,Moderate,Medium
100937906,205463040,1848400,818 Wm H Taft Rd,Cincinnati,OH,45206,,,Walnut Hills,299900,3.0,2.0,2.0,1178.0,3093.0,2002.0,3.0,6,1,1,Active,1,255.0,,,"{'value': 644230043, 'level': 1}",1603177200000.0,False,True,False,False,False,,158,64,False,/OH/Cincinnati/818-William-Howard-Taft-Rd-45206/home/100937906,2025-07-26T15:01:18.835554,active,99966.66666666667,149950.0,392.6666666666667,1.5,22.0,Moderate,Small
101045488,205443297,1848118,8733 Apalachee Dr,Symmes Twp,OH,45249,,,Symmes Twp.,598000,3.0,2.5,2.0,2052.0,14244.0,1978.0,2.0,6,1,1,Active,1,291.0,,,"{'value': 644230390, 'level': 1}",,False,False,False,False,False,,158,64,False,/OH/Cincinnati/8733-Apalachee-Dr-45249/home/101045488,2025-07-26T15:01:18.835560,active,199333.33333333334,239200.0,684.0,1.2,46.0,Luxury,Large
76150997,205531682,1848401,8700 Hopewell Rd,Indian Hill,OH,45242,,,Indian Hill,1895000,5.0,6.0,5.0,4867.0,178596.0,1944.0,2.0,6,1,1,Active,1,389.0,,,"{'value': 658152704, 'level': 1}",1530255600000.0,False,False,False,False,False,,158,64,False,/OH/Cincinnati/8700-Hopewell-Rd-45242/home/76150997,2025-07-26T15:01:18.835566,active,379000.0,315833.3333333333,973.4,0.8333333333333334,80.0,Ultra_Luxury,Mansion
63723269,205531618,1848650,144 Lafayette Ln,Cincinnati,OH,45220,,,Clifton,1075000,4.0,4.0,4.0,2862.0,50791.0,1961.0,2.0,6,1,1,Active,1,376.0,,,"{'value': 658268961, 'level': 1}",1431586800000.0,False,True,False,False,False,,158,64,False,/OH/Cincinnati/144-Lafayette-Ln-45220/home/63723269,2025-07-26T15:01:18.835576,active,268750.0,268750.0,715.5,1.0,63.0,Ultra_Luxury,Very_Large
101005687,205529658,1848566,6047 Yosemite Dr,Golf Manor,OH,45237,,,Golf Manor,285000,4.0,2.0,2.0,1289.0,6970.0,1942.0,2.0,6,1,1,Active,1,221.0,,,"{'value': 662469198, 'level': 1}",1735027200000.0,False,False,False,False,False,,158,64,False,/OH/Cincinnati/6047-Yosemite-Dr-45237/home/101005687,2025-07-26T15:01:18.835583,active,71250.0,142500.0,322.25,2.0,82.0,Moderate,Medium
100972789,205526484,1848688,4813 Rapid Run Rd,Cincinnati,OH,45238,,,Covedale,249000,4.0,4.0,4.0,2642.0,5968.0,1910.0,3.0,4,4,1,Active,1,94.0,,,"{'value': 667637364, 'level': 1}",1585119600000.0,False,False,False,False,False,,158,64,False,/OH/Cincinnati/4813-Rapid-Run-Rd-45238/home/100972789,2025-07-26T15:01:18.835589,active,62250.0,62250.0,660.5,1.0,114.0,Moderate,Very_Large
76103146,205526229,1848180,3068 Jackfrost Way,Colerain Twp,OH,45251,,,Colerain Twp.East,209900,3.0,1.0,1.0,936.0,8451.0,1964.0,1.0,6,1,1,Active,1,224.0,,,"{'value': 667979132, 'level': 1}",1747206000000.0,False,False,False,False,False,,158,64,False,/OH/Cincinnati/3068-Jackfrost-Way-45251/home/76103146,2025-07-26T15:01:18.835595,active,69966.66666666667,209900.0,312.0,3.0,60.0,Moderate,Small
100939794,205525732,1848257,5414 Jamies Oak Ct,Green Twp,OH,45248,,,Green Twp.,400000,4.0,2.5,2.0,2771.0,9148.0,2004.0,2.0,6,1,1,Active,1,144.0,20.0,,"{'value': 668699925, 'level': 1}",,False,False,False,False,False,,158,64,False,/OH/Cincinnati/5414-Jamies-Oak-Ct-45248/home/100939794,2025-07-26T15:01:18.835600,active,100000.0,160000.0,692.75,1.6,20.0,Upper_Mid,Very_Large
63726254,205524973,1848687,4247 W Eighth St,Cincinnati,OH,45205,,,Price Hill,245000,5.0,3.0,3.0,2983.0,7449.0,1918.0,3.0,4,4,1,Active,1,82.0,,,"{'value': 669044362, 'level': 1}",1595574000000.0,False,False,False,False,False,,158,64,False,/OH/Cincinnati/4247-W-8th-St-45205/home/63726254,2025-07-26T15:01:18.835606,active,49000.0,81666.66666666667,596.6,1.6666666666666667,106.0,Moderate,Very_Large
100966165,205524359,1845988,3916 Kirkup Ave,Cincinnati,OH,45213,,,Kennedy Hts.,275000,4.0,2.0,2.0,2046.0,7492.0,1948.0,2.0,4,4,1,Active,1,134.0,,,"{'value': 669761469, 'level': 1}",1677484800000.0,False,False,False,False,False,,158,64,False,/OH/Cincinnati/3916-Kirkup-Ave-45213/home/100966165,2025-07-26T15:01:18.835611,active,68750.0,137500.0,511.5,2.0,76.0,Moderate,Large
78748885,205522534,1848503,8774 Tanagerwoods Dr,Montgomery,OH,45249,,,Montgomery,646000,4.0,3.5,3.0,3218.0,21780.0,1977.0,2.0,6,1,1,Active,1,201.0,4.0,,"{'value': 672045207, 'level': 1}",866444400000.0,False,False,False,False,False,,158,64,False,/OH/Cincinnati/8774-Tanagerwoods-Dr-45249/home/78748885,2025-07-26T15:01:18.835617,active,161500.0,184571.42857142858,804.5,1.1428571428571428,47.0,Luxury,Very_Large
76129828,205521756,1848677,7251 Miami Ave,Madeira,OH,45243,,,Madeira,514900,3.0,2.0,2.0,1192.0,16640.0,1951.0,1.0,6,1,1,Active,1,432.0,,,"{'value': 672297103, 'level': 1}",1744873200000.0,False,False,False,False,False,,158,64,False,/OH/Cincinnati/7251-Miami-Ave-45243/home/76129828,2025-07-26T15:01:18.835623,active,171633.33333333334,257450.0,397.3333333333333,1.5,73.0,Luxury,Small
100973699,205521755,1848345,None,Cincinnati,OH,45238,,,Covedale,269900,3.0,2.0,2.0,1810.0,5532.0,1939.0,,6,1,1,Active,1,149.0,,,"{'value': 672298921, 'level': 1}",1528354800000.0,False,False,False,False,False,,158,64,False,/OH/Cincinnati/Undisclosed-address-45238/home/100973699,2025-07-26T15:01:18.835629,active,89966.66666666667,134950.0,603.3333333333334,1.5,85.0,Moderate,Large
100970289,205520656,1848644,3425 W Eighth St,Cincinnati,OH,45205,,,Price Hill,169000,4.0,2.0,2.0,2671.0,3267.0,1917.0,3.0,4,4,1,Active,1,63.0,,,"{'value': 673586574, 'level': 1}",1619679600000.0,False,True,True,False,False,,158,64,False,/OH/Cincinnati/3425-W-8th-St-45205/home/100970289,2025-07-26T15:01:18.835636,active,42250.0,84500.0,667.75,2.0,107.0,Moderate,Very_Large
196498089,205519650,1848607,2051 Tall Pines Ln,Anderson Twp,OH,45244,,,Anderson Twp.,835000,4.0,3.5,3.0,,12937.0,,1.0,6,1,1,Under Construction,1,,33.0,,"{'value': 674860536, 'level': 1}",,False,False,False,False,True,,158,64,False,/OH/Cincinnati/2051-Tall-Pines-Ln-45244/home/196498089,2025-07-26T15:01:18.835643,active,208750.0,238571.42857142858,,1.1428571428571428,,Ultra_Luxury,
76149528,205519649,1848628,3723 Hermes Dr,Colerain Twp,OH,45247,,,White Oak,205000,2.0,1.5,1.0,1197.0,7884.0,1961.0,1.0,6,1,1,Active,1,171.0,,,"{'value': 674860908, 'level': 1}",1697439600000.0,False,False,False,False,False,,158,64,False,/OH/Cincinnati/3723-Hermes-Dr-45247/home/76149528,2025-07-26T15:01:18.835650,active,102500.0,136666.66666666666,598.5,1.3333333333333333,63.0,Moderate,Small
171326483,205519327,1848593,9835 Orchard Trl,Montgomery,OH,45242,,,Montgomery,1275000,3.0,2.5,2.0,3893.0,8712.0,,2.0,6,1,1,Active,1,328.0,272.0,,"{'value': 675252724, 'level': 1}",,False,False,False,False,True,,158,64,False,/OH/Montgomery/9835-Orchard-Trl-45242/home/171326483,2025-07-26T15:01:18.835657,active,425000.0,510000.0,1297.6666666666667,1.2,,Ultra_Luxury,Mansion
184892842,205517702,1848597,8847 Montgomery Rd,Sycamore Twp,OH,45236,,,Kenwood,695000,2.0,3.0,3.0,1660.0,13077.0,1994.0,2.0,3,2,1,Active,1,419.0,288.0,,"{'value': 677182097, 'level': 1}",1489993200000.0,False,False,False,False,False,,158,64,False,/OH/Cincinnati/8847-Montgomery-Rd-45236/home/184892842,2025-07-26T15:01:18.835664,active,347500.0,231666.66666666666,830.0,0.6666666666666666,30.0,Luxury,Medium
76095257,205517464,1848535,4408 Erie Ave,Cincinnati,OH,45227,,,Madisonville,699000,4.0,1.5,1.0,3370.0,26833.0,1894.0,3.0,6,1,1,Active,1,207.0,,,"{'value': 677455690, 'level': 1}",,False,False,False,False,False,,158,64,False,/OH/Cincinnati/4408-Erie-Ave-45227/home/76095257,2025-07-26T15:01:18.835671,active,174750.0,466000.0,842.5,2.6666666666666665,130.0,Luxury,Very_Large
78818610,205516108,1848643,2324 Madison Rd #1404,Cincinnati,OH,45208,,,Hyde Park,169000,1.0,1.0,1.0,882.0,335573.0,1963.0,1.0,3,2,1,Active,1,192.0,787.0,,"{'value': 678643344, 'level': 1}",1239778800000.0,False,False,False,False,False,,158,64,False,/OH/Cincinnati/2324-Madison-Rd-45208/unit-1404/home/78818610,2025-07-26T15:01:18.835677,active,169000.0,169000.0,882.0,1.0,61.0,Moderate,Small
172422363,205513872,1848448,456 Grand Ave #2,Cincinnati,OH,45205,,,Price Hill,108000,1.0,1.0,1.0,,,1980.0,1.0,3,2,1,Active,1,,229.0,,"{'value': 681174318, 'level': 1}",1048838400000.0,False,False,False,False,False,,158,64,False,/OH/Cincinnati/456-Grand-Ave-45205/unit-2/home/172422363,2025-07-26T15:01:18.835683,active,108000.0,108000.0,,1.0,44.0,Budget,
76097604,205512332,1848631,3766 Aikenside Ave,Cincinnati,OH,45213,,,Kennedy Hts.,315000,3.0,1.5,1.0,1681.0,7318.0,1950.0,,6,1,1,Active,1,187.0,,,"{'value': 683105172, 'level': 1}",1567148400000.0,False,False,False,False,False,,158,64,False,/OH/Cincinnati/3766-Aikenside-Ave-45213/home/76097604,2025-07-26T15:01:18.835688,active,105000.0,210000.0,560.3333333333334,2.0,74.0,Upper_Mid,Medium
78937626,205511901,1848601,8812 Carrousel Park Cir #72,Colerain Twp,OH,45251,,,Colerain Twp.West,169900,2.0,2.0,2.0,,,1995.0,1.0,3,2,1,Active,1,,285.0,,"{'value': 683579275, 'level': 1}",1396422000000.0,False,False,False,False,False,,158,64,False,/OH/Cincinnati/8812-Carrousel-Park-Cir-45251/unit-72/home/78937626,2025-07-26T15:01:18.835694,active,84950.0,84950.0,,1.0,29.0,Moderate,
76079812,205511392,1848632,4190 Beech St,Columbia Twp,OH,45227,,,Columbia Twp.,829000,4.0,4.5,4.0,3652.0,21562.0,1991.0,2.0,6,1,1,Active,1,227.0,,,"{'value': 683927286, 'level': 1}",671958000000.0,False,False,False,False,False,,158,64,False,/OH/Cincinnati/4190-Beech-St-45227/home/76079812,2025-07-26T15:01:18.835700,active,207250.0,184222.22222222222,913.0,0.8888888888888888,33.0,Ultra_Luxury,Mansion
78789505,205510658,1848540,1691 Yellowglen Dr,Anderson Twp,OH,45255,,,Anderson Twp.,359000,4.0,2.5,2.0,1813.0,12545.0,1965.0,2.0,6,1,1,Active,1,198.0,,,"{'value': 684784423, 'level': 1}",1115622000000.0,False,False,False,False,False,,158,64,False,/OH/Cincinnati/1691-Yellowglen-Dr-45255/home/78789505,2025-07-26T15:01:18.835706,active,89750.0,143600.0,453.25,1.6,59.0,Upper_Mid,Large
100952171,205509942,1848572,3430 Burch Ave,Cincinnati,OH,45208,,,Hyde Park,1195000,4.0,3.5,3.0,3599.0,7623.0,1908.0,3.0,6,1,1,Active,1,332.0,,,"{'value': 685678318, 'level': 1}",1688108400000.0,False,False,False,False,False,,158,64,False,/OH/Cincinnati/3430-Burch-Ave-45208/home/100952171,2025-07-26T15:01:18.835711,active,298750.0,341428.5714285714,899.75,1.1428571428571428,116.0,Ultra_Luxury,Mansion
100960911,205509047,1848528,231 Atkinson St,Cincinnati,OH,45219,,,Clifton,370000,5.0,2.0,2.0,1810.0,2265.0,1911.0,3.0,6,1,1,Active,1,204.0,,,"{'value': 686559063, 'level': 1}",649062000000.0,False,False,False,False,False,,158,64,False,/OH/Cincinnati/231-Atkinson-St-45219/home/100960911,2025-07-26T15:01:18.835718,active,74000.0,185000.0,362.0,2.5,113.0,Upper_Mid,Large
196490245,205508789,1848285,2942 Three Oaks Ln,Cincinnati,OH,45209,,,Oakley,1689000,3.0,4.0,3.0,4329.0,3237.0,,3.0,6,1,1,Active,1,390.0,228.0,,"{'value': 686822577, 'level': 1}",,False,False,False,False,True,,158,64,False,/OH/Cincinnati/2942-Three-Oaks-Ln-45209/home/196490245,2025-07-26T15:01:18.835724,active,563000.0,422250.0,1443.0,0.75,,Ultra_Luxury,Mansion
100960915,205508574,1848531,204 Atkinson St,Cincinnati,OH,45219,,,Clifton,465000,7.0,2.0,2.0,2387.0,4051.0,1915.0,3.0,4,4,1,Active,1,195.0,,,"{'value': 687061648, 'level': 1}",707382000000.0,False,False,False,False,False,,158,64,False,/OH/Cincinnati/204-Atkinson-St-45219/home/100960915,2025-07-26T15:01:18.835730,active,66428.57142857143,232500.0,341.0,3.5,109.0,Upper_Mid,Large
76075284,205508572,1848556,3292 Montana Ave,Cincinnati,OH,45211,,,Westwood,219900,2.0,1.5,1.0,1467.0,4269.0,1901.0,2.0,6,1,1,Active,1,150.0,,,"{'value': 687062171, 'level': 1}",1638432000000.0,False,False,False,False,False,,158,64,False,/OH/Cincinnati/3292-Montana-Ave-45211/home/76075284,2025-07-26T15:01:18.835736,active,109950.0,146600.0,733.5,1.3333333333333333,123.0,Moderate,Medium
185476277,205508298,1848089,3916 Burgenland Ln,Union Twp,OH,45255,,,Union Twp.,234900,2.0,2.0,2.0,1484.0,1285.0,1996.0,2.0,13,3,1,Active,1,158.0,249.0,,"{'value': 687402926, 'level': 1}",1064473200000.0,False,False,False,False,False,,158,64,False,/OH/Cincinnati/3916-Burgenland-Ln-45255/home/185476277,2025-07-26T15:01:18.835741,active,117450.0,117450.0,742.0,1.0,28.0,Moderate,Medium
100972236,205507772,1848560,701 Trenton Ave,Cincinnati,OH,45205,,,Price Hill,109900,3.0,1.5,1.0,1584.0,6534.0,1901.0,3.0,6,1,1,Active,1,69.0,,,"{'value': 687780498, 'level': 1}",1730444400000.0,False,False,False,False,False,,158,64,False,/OH/Cincinnati/701-Trenton-Ave-45205/home/100972236,2025-07-26T15:01:18.835747,active,36633.333333333336,73266.66666666667,528.0,2.0,123.0,Budget,Medium
76140945,205504930,1848312,2428 Homestead Pl,Cincinnati,OH,45211,,,Westwood,200000,3.0,1.5,1.0,2205.0,5881.0,1936.0,,6,1,1,Active,1,91.0,,,"{'value': 691050310, 'level': 1}",1742972400000.0,False,False,False,False,False,,158,64,False,/OH/Cincinnati/2428-Homestead-Pl-45211/home/76140945,2025-07-26T15:01:18.835755,active,66666.66666666667,133333.33333333334,735.0,2.0,88.0,Moderate,Large
76156242,205504391,1848542,5053 Casa Loma Blvd,Green Twp,OH,45238,,,Covedale,289000,4.0,2.0,2.0,2455.0,6534.0,1936.0,2.0,6,1,1,Active,1,118.0,,,"{'value': 691668733, 'level': 1}",1747983600000.0,False,False,False,False,False,,158,64,False,/OH/Cincinnati/5053-Casa-Loma-Blvd-45238/home/76156242,2025-07-26T15:01:18.835762,active,72250.0,144500.0,613.75,2.0,88.0,Moderate,Large
76128267,205503085,1848591,2729 Hennge Dr,Colerain Twp,OH,45239,,,Groesbeck,239900,3.0,2.0,2.0,1199.0,6055.0,1952.0,,6,1,1,Active,1,200.0,,,"{'value': 693304677, 'level': 1}",656924400000.0,False,False,False,False,False,,158,64,False,/OH/Cincinnati/2729-Hennge-Dr-45239/home/76128267,2025-07-26T15:01:18.835769,active,79966.66666666667,119950.0,399.6666666666667,1.5,72.0,Moderate,Small
100956375,205502258,1848579,1617 E Mcmillan St #502,Cincinnati,OH,45206,,,Walnut Hills,199900,2.0,2.0,2.0,1285.0,111801.0,1962.0,1.0,3,2,1,Active,1,156.0,1458.0,,"{'value': 694378915, 'level': 1}",995612400000.0,False,False,False,False,False,,158,64,False,/OH/Cincinnati/1617-E-McMillan-St-45206/unit-502/home/100956375,2025-07-26T15:01:18.835776,active,99950.0,99950.0,642.5,1.0,62.0,Moderate,Medium
78921471,205499625,1848365,1243 Ayershire Ave,Cincinnati,OH,45230,,,Mt. Washington,299000,4.0,2.0,2.0,1348.0,7231.0,1952.0,2.0,6,1,1,Active,1,222.0,,,"{'value': 699062288, 'level': 1}",1632726000000.0,False,False,False,False,False,,158,64,False,/OH/Cincinnati/1243-Ayershire-Ave-45230/home/78921471,2025-07-26T15:01:18.835781,active,74750.0,149500.0,337.0,2.0,72.0,Moderate,Medium
78951352,205498894,1848558,3836 North Bend Rd,Cheviot,OH,45211,,,Cheviot,267500,3.0,1.5,1.0,1534.0,7536.0,1922.0,2.0,6,1,1,Active,1,174.0,,,"{'value': 700936340, 'level': 1}",1741935600000.0,False,False,False,False,False,,158,64,False,/OH/Cincinnati/3836-N-Bend-Rd-45211/home/78951352,2025-07-26T15:01:18.835787,active,89166.66666666667,178333.33333333334,511.3333333333333,2.0,102.0,Moderate,Medium
101017312,205498344,1848552,3832 Ebenezer Rd,Green Twp,OH,45248,,,Green Twp.,269900,3.0,2.0,2.0,1698.0,19297.0,1928.0,2.0,6,1,1,Active,1,159.0,,,"{'value': 703739663, 'level': 1}",1629961200000.0,False,False,False,False,False,,158,64,False,/OH/Cincinnati/3832-Ebenezer-Rd-45248/home/101017312,2025-07-26T15:01:18.835793,active,89966.66666666667,134950.0,566.0,1.5,96.0,Moderate,Medium
71383413,205497815,1848548,678 Charwood Dr,Union Twp,OH,45244,,,Union Twp.,235000,3.0,1.0,1.0,1305.0,8843.0,1959.0,1.0,6,1,1,Active,1,180.0,,,"{'value': 709947445, 'level': 1}",1592463600000.0,False,False,False,False,False,,158,64,False,/OH/Cincinnati/678-Charwood-Dr-45244/home/71383413,2025-07-26T15:01:18.835799,active,78333.33333333333,235000.0,435.0,3.0,65.0,Moderate,Medium
78747213,205405744,1848092,9639 Delray Dr,Montgomery,OH,45242,,,Montgomery,1150000,4.0,3.5,3.0,,19733.0,1951.0,1.0,6,1,1,Active,1,,,,"{'value': 730601700, 'level': 1}",1658386800000.0,False,True,False,False,False,,158,64,False,/OH/Montgomery/9639-Delray-Dr-45242/home/78747213,2025-07-26T15:01:18.835805,active,287500.0,328571.4285714286,,1.1428571428571428,73.0,Ultra_Luxury,
78898869,205442233,1848270,7107 Foxview Dr,Anderson Twp,OH,45230,,,Anderson Twp.,665000,4.0,3.0,2.0,2668.0,19994.0,1986.0,2.0,6,1,1,Active,1,249.0,,,"{'value': 730602294, 'level': 1}",1336719600000.0,False,False,False,False,False,,158,64,False,/OH/Cincinnati/7107-Foxview-Dr-45230/home/78898869,2025-07-26T15:01:18.835812,active,166250.0,221666.66666666666,667.0,1.3333333333333333,38.0,Luxury,Very_Large
76080474,205379300,1847870,7156 Maple Ave,Madeira,OH,45243,,,Madeira,1095000,4.0,3.5,3.0,3657.0,,2022.0,2.0,6,1,1,Active,1,299.0,,,"{'value': 730602397, 'level': 1}",1738569600000.0,False,False,False,False,False,,158,64,False,/OH/Cincinnati/7156-Maple-Ave-45243/home/76080474,2025-07-26T15:01:18.835819,active,273750.0,312857.14285714284,914.25,1.1428571428571428,2.0,Ultra_Luxury,Mansion
78919471,205400939,1848142,3529 Pembroke Ave,Cincinnati,OH,45208,,,Hyde Park,485000,3.0,1.5,1.0,1224.0,4792.0,1926.0,2.0,6,1,1,Active,1,396.0,,,"{'value': 730602812, 'level': 1}",1656486000000.0,False,False,False,False,False,,158,64,False,/OH/Cincinnati/3529-Pembroke-Ave-45208/home/78919471,2025-07-26T15:01:18.835825,active,161666.66666666666,323333.3333333333,408.0,2.0,98.0,Upper_Mid,Medium
78919406,205456506,1848375,4310 Joan Pl,Mariemont,OH,45227,,,Mariemont,499000,3.0,2.0,2.0,2051.0,6621.0,1947.0,,6,1,1,Active,1,243.0,,,"{'value': 730603005, 'level': 1}",1610697600000.0,False,False,False,False,False,,158,64,False,/OH/Cincinnati/4310-Joan-Pl-45227/home/78919406,2025-07-26T15:01:18.835831,active,166333.33333333334,249500.0,683.6666666666666,1.5,77.0,Upper_Mid,Large
145763342,205423267,1848194,3131 Preserve Ln Unit 2C,Colerain Twp,OH,45239,,,Groesbeck,129900,2.0,2.0,2.0,1191.0,94978.0,1996.0,1.0,3,2,1,Active,1,109.0,433.0,,"{'value': 730603422, 'level': 1}",849081600000.0,False,False,False,False,False,,158,64,False,/OH/Cincinnati/3131-Preserve-Ln-45239/unit-2C/home/145763342,2025-07-26T15:01:18.835836,active,64950.0,64950.0,595.5,1.0,28.0,Budget,Small
185483302,205173096,1847270,155 Palisades Pointe #3,Cincinnati,OH,45238,,,Riverside,230000,2.0,2.0,2.0,1372.0,,1996.0,1.0,3,2,1,Active,1,168.0,275.0,,"{'value': 730603471, 'level': 1}",861692400000.0,False,False,False,False,False,,158,64,False,/OH/Cincinnati/155-Palisades-Pt-45238/unit-3/home/185483302,2025-07-26T15:01:18.835841,active,115000.0,115000.0,686.0,1.0,28.0,Moderate,Medium
84241277,205391701,1848069,1123 Salisbury Dr,Cincinnati,OH,45226,,,Mt. Lookout,900000,4.0,2.5,2.0,2056.0,6273.0,1930.0,3.0,6,1,1,Active,1,438.0,,,"{'value': 730603535, 'level': 1}",1690527600000.0,False,True,False,False,False,,158,64,False,/OH/Cincinnati/1123-Salisbury-Dr-45226/home/84241277,2025-07-26T15:01:18.835846,active,225000.0,360000.0,514.0,1.6,94.0,Ultra_Luxury,Large
76163654,205235424,1847516,8497 Highton Ct,Sycamore Twp,OH,45236,,,Sycamore Twp.,399000,3.0,1.5,1.0,2353.0,19166.0,1961.0,,6,1,1,Active,1,170.0,,,"{'value': 730603687, 'level': 1}",1611302400000.0,False,False,False,False,False,,158,64,False,/OH/Cincinnati/8497-Highton-Ct-45236/home/76163654,2025-07-26T15:01:18.835852,active,133000.0,266000.0,784.3333333333334,2.0,63.0,Upper_Mid,Large
76151624,205392599,1848093,7018 Bramble Ave,Columbia Twp,OH,45227,,,Columbia Twp.,279000,3.0,1.0,1.0,940.0,4269.0,1939.0,,6,1,1,Active,1,297.0,,,"{'value': 730603880, 'level': 1}",,False,False,False,False,False,,158,64,False,/OH/Cincinnati/7018-Bramble-Ave-45227/home/76151624,2025-07-26T15:01:18.835858,active,93000.0,279000.0,313.3333333333333,3.0,85.0,Moderate,Small
100965509,205401445,1848125,3231 Ashwood Dr,Cincinnati,OH,45213,,,Pleasant Ridge,439900,3.0,3.0,2.0,1691.0,4356.0,1946.0,2.0,6,1,1,Active,1,260.0,,,"{'value': 730604128, 'level': 1}",1491548400000.0,False,False,False,False,False,,158,64,False,/OH/Cincinnati/3231-Ashwood-Dr-45213/home/100965509,2025-07-26T15:01:18.835863,active,146633.33333333334,146633.33333333334,563.6666666666666,1.0,78.0,Upper_Mid,Medium
78826455,205448261,1848280,2728 Hackberry St,Cincinnati,OH,45206,,,Walnut Hills,710000,4.0,3.0,3.0,3747.0,5227.0,1884.0,3.0,6,1,1,Active,1,189.0,,,"{'value': 730604288, 'level': 1}",1388736000000.0,False,False,False,False,False,,158,64,True,/OH/Cincinnati/2728-Hackberry-St-45206/home/78826455,2025-07-26T15:01:18.835869,active,177500.0,236666.66666666666,936.75,1.3333333333333333,140.0,Luxury,Mansion
101019123,205362705,1847954,4295 Ebenezer Rd,Green Twp,OH,45248,,,Bridgetown,289900,3.0,2.0,2.0,1373.0,31189.0,1890.0,2.0,6,1,1,Active,1,211.0,,,"{'value': 730604359, 'level': 1}",893401200000.0,False,False,False,False,False,,158,64,False,/OH/Cincinnati/4295-Ebenezer-Rd-45248/home/101019123,2025-07-26T15:01:18.835875,active,96633.33333333333,144950.0,457.6666666666667,1.5,134.0,Moderate,Medium
76090957,205421155,1847724,11507 Applejack Ct,Symmes Twp,OH,45249,,,Symmes Twp.,760000,4.0,4.0,4.0,3480.0,29185.0,1983.0,2.0,6,1,1,Active,1,218.0,,,"{'value': 730604480, 'level': 1}",1496991600000.0,False,False,False,False,False,,158,64,False,/OH/Cincinnati/11507-Applejack-Ct-45249/home/76090957,2025-07-26T15:01:18.835881,active,190000.0,190000.0,870.0,1.0,41.0,Ultra_Luxury,Very_Large
76126154,205491514,1848537,7876 Ayerdayl Dr,Anderson Twp,OH,45255,,,Anderson Twp.,429999,4.0,2.5,2.0,2180.0,13155.0,1969.0,2.0,6,1,1,Active,1,197.0,,,"{'value': 743184394, 'level': 1}",541670400000.0,False,False,False,False,False,,158,64,False,/OH/Cincinnati/7876-Ayerdayl-Ln-45255/home/76126154,2025-07-26T15:01:18.835886,active,107499.75,171999.6,545.0,1.6,55.0,Upper_Mid,Large
78941912,205490021,1848101,2548 Hackberry St,Cincinnati,OH,45206,,,Walnut Hills,469000,3.0,2.5,2.0,1856.0,4225.0,1915.0,3.0,6,1,1,Active,1,253.0,,,"{'value': 745731569, 'level': 1}",1715324400000.0,False,False,False,False,False,,158,64,False,/OH/Cincinnati/2548-Hackberry-St-45206/home/78941912,2025-07-26T15:01:18.835892,active,156333.33333333334,187600.0,618.6666666666666,1.2,109.0,Upper_Mid,Large
186263748,205461109,1848381,4341 Motivation Path,Union Twp,OH,45245,,,Union Twp.,310000,3.0,2.5,2.0,1659.0,2818.0,2023.0,2.0,6,1,1,Active,1,187.0,215.0,,"{'value': 753542577, 'level': 1}",1698390000000.0,False,False,False,False,False,,158,64,False,/OH/Cincinnati/4341-Motivation-PATH-45245/home/186263748,2025-07-26T15:01:18.835897,active,103333.33333333333,124000.0,553.0,1.2,1.0,Upper_Mid,Medium
78960213,205484013,1848484,12125 Crown Ct,Sharonville,OH,45241,,,Sharonville,450000,4.0,3.5,3.0,3238.0,11369.0,1985.0,2.0,6,1,1,Active,1,139.0,37.0,,"{'value': 754737161, 'level': 1}",1563865200000.0,False,False,False,False,False,,158,64,False,/OH/Cincinnati/12125-Crown-Ct-45241/home/78960213,2025-07-26T15:01:18.835902,active,112500.0,128571.42857142857,809.5,1.1428571428571428,39.0,Upper_Mid,Very_Large
76097366,205483551,1848522,1129 Elm Park Dr,Cincinnati,OH,45216,,,Bond Hill,419000,6.0,4.0,4.0,3186.0,5881.0,1960.0,2.0,4,4,1,Active,1,132.0,,,"{'value': 755346593, 'level': 1}",1692342000000.0,False,False,False,False,False,,158,64,False,/OH/Cincinnati/1129-Elm-Park-Dr-45216/home/76097366,2025-07-26T15:01:18.835908,active,69833.33333333333,104750.0,531.0,1.5,64.0,Upper_Mid,Very_Large
76121353,205481798,1848440,3552 Trimble Ave,Cincinnati,OH,45207,,,Evanston,449000,4.0,2.5,2.0,2518.0,8712.0,1907.0,3.0,6,1,1,Active,1,178.0,,,"{'value': 757142533, 'level': 1}",1741849200000.0,False,False,False,False,False,,158,64,False,/OH/Cincinnati/3552-Trimble-Ave-45207/home/76121353,2025-07-26T15:01:18.835913,active,112250.0,179600.0,629.5,1.6,117.0,Upper_Mid,Very_Large
78904669,205480009,1848416,1715 Wm H Taft Rd,Cincinnati,OH,45206,,,Walnut Hills,374900,3.0,2.5,2.0,1654.0,4095.0,1905.0,3.0,6,1,1,Active,1,227.0,,,"{'value': 759186367, 'level': 1}",1597129200000.0,False,False,False,False,False,,158,64,False,/OH/Cincinnati/1715-William-Howard-Taft-Rd-45206/home/78904669,2025-07-26T15:01:18.835918,active,124966.66666666667,149960.0,551.3333333333334,1.2,119.0,Upper_Mid,Medium
101012948,205478952,1848479,3072 Timberview Dr,Green Twp,OH,45211,,,Monfort Hts.,299900,3.0,2.0,2.0,1720.0,20473.0,1957.0,1.0,6,1,1,Active,1,174.0,,,"{'value': 760329018, 'level': 1}",725011200000.0,False,False,False,False,False,,158,64,False,/OH/Cincinnati/3072-Timberview-Dr-45211/home/101012948,2025-07-26T15:01:18.835923,active,99966.66666666667,149950.0,573.3333333333334,1.5,67.0,Moderate,Medium
100978483,205478395,1848493,2741 Baker Ave,Cincinnati,OH,45211,,,Westwood,179900,4.0,1.0,1.0,1073.0,,,1.0,6,1,1,Active,1,168.0,,,"{'value': 760983175, 'level': 1}",1088146800000.0,False,False,False,False,False,,158,64,False,/OH/Cincinnati/2741-Baker-Ave-45211/home/100978483,2025-07-26T15:01:18.835928,active,44975.0,179900.0,268.25,4.0,,Moderate,Small
184882708,205475432,1848438,199 E Rochelle St,Cincinnati,OH,45219,,,Corryville,270000,1.0,1.5,1.0,895.0,13913.0,2013.0,2.0,13,3,1,Active,1,302.0,400.0,,"{'value': 763739910, 'level': 1}",1647500400000.0,False,False,False,False,False,,158,64,False,/OH/Cincinnati/199-E-Rochelle-St-45219/home/184882708,2025-07-26T15:01:18.835934,active,270000.0,180000.0,895.0,0.6666666666666666,11.0,Moderate,Small
78787090,205474824,1848473,2892 Spruceway Dr,Colerain Twp,OH,45251,,,Colerain Twp.West,269900,3.0,1.5,1.0,1484.0,10585.0,1976.0,,6,1,1,Active,1,182.0,,,"{'value': 764426522, 'level': 1}",1528873200000.0,False,True,False,False,False,,158,64,False,/OH/Cincinnati/2892-Spruceway-Dr-45251/home/78787090,2025-07-26T15:01:18.835939,active,89966.66666666667,179933.33333333334,494.6666666666667,2.0,48.0,Moderate,Medium
76082160,205472433,1848450,5732 Fourson Dr,Delhi Twp,OH,45233,,,Delhi Twp.,315000,4.0,2.5,2.0,1499.0,,1960.0,1.0,6,1,1,Active,1,210.0,,,"{'value': 767041595, 'level': 1}",1542355200000.0,False,True,False,False,False,,158,64,False,/OH/Cincinnati/5732-Fourson-Dr-45233/home/76082160,2025-07-26T15:01:18.835945,active,78750.0,126000.0,374.75,1.6,64.0,Upper_Mid,Medium
185474445,205472150,1848444,11782 Gable Glen Ln,Symmes Twp,OH,45249,,,Symmes Twp.,324900,3.0,3.0,2.0,1711.0,,1989.0,2.0,13,3,1,Active,1,190.0,593.0,,"{'value': 767459763, 'level': 1}",1734681600000.0,False,False,False,False,False,,158,64,False,/OH/Cincinnati/11782-Gable-Glen-Ln-45249/home/185474445,2025-07-26T15:01:18.835950,active,108300.0,108300.0,570.3333333333334,1.0,35.0,Upper_Mid,Medium
76095335,205469977,1848459,6012 Clephane Ave,Cincinnati,OH,45227,,,Madisonville,525000,3.0,2.5,2.0,1096.0,5489.0,1885.0,2.0,6,1,1,Active,1,479.0,,,"{'value': 769733790, 'level': 1}",1681196400000.0,False,False,False,False,False,,158,64,False,/OH/Cincinnati/6012-Clephane-Ave-45227/home/76095335,2025-07-26T15:01:18.835955,active,175000.0,210000.0,365.3333333333333,1.2,139.0,Luxury,Small
78782166,205469474,1848376,2070 Adams Rd,Springfield Twp.,OH,45231,,,Springfield Twp.,279900,4.0,2.5,2.0,2408.0,19776.0,1950.0,1.0,6,1,1,Active,1,116.0,,,"{'value': 770335867, 'level': 1}",1017129600000.0,False,False,False,False,False,,158,64,False,/OH/Cincinnati/2070-Adams-Rd-45231/home/78782166,2025-07-26T15:01:18.835960,active,69975.0,111960.0,602.0,1.6,74.0,Moderate,Large
100961302,205468287,1848441,23 E Rochelle St,Cincinnati,OH,45219,,,Corryville,275900,3.0,2.0,2.0,855.0,,1895.0,2.0,6,1,1,Active,1,323.0,,,"{'value': 771504765, 'level': 1}",1713510000000.0,False,False,False,False,False,,158,64,False,/OH/Cincinnati/23-E-Rochelle-St-45219/home/100961302,2025-07-26T15:01:18.835966,active,91966.66666666667,137950.0,285.0,1.5,129.0,Moderate,Small
101013971,205467866,1848439,6195 Seiler Dr,Green Twp,OH,45239,,,White Oak,325000,4.0,2.5,2.0,1872.0,9583.0,1965.0,2.0,6,1,1,Active,1,174.0,,,"{'value': 772020572, 'level': 1}",823161600000.0,False,False,False,False,False,,158,64,False,/OH/Cincinnati/6195-Seiler-Dr-45239/home/101013971,2025-07-26T15:01:18.835971,active,81250.0,130000.0,468.0,1.6,59.0,Upper_Mid,Large
78775680,205467117,1848406,5685 Sidney Rd,Green Twp,OH,45238,,,Green Twp.,189900,2.0,1.0,1.0,1026.0,9975.0,1928.0,1.0,6,1,1,Active,1,185.0,,,"{'value': 772866637, 'level': 1}",1503471600000.0,False,False,False,False,False,,158,64,False,/OH/Cincinnati/5685-Sidney-Rd-45238/home/78775680,2025-07-26T15:01:18.835976,active,94950.0,189900.0,513.0,2.0,96.0,Moderate,Small
78821528,205463978,1848432,5463 Hanover Cir,Cincinnati,OH,45230,,,Mt. Washington,247500,3.0,3.0,3.0,1696.0,2352.0,1990.0,2.0,13,3,1,Active,1,146.0,435.0,,"{'value': 775977929, 'level': 1}",1597042800000.0,False,False,False,False,False,,158,64,False,/OH/Cincinnati/5463-Hanover-Cir-45230/home/78821528,2025-07-26T15:01:18.835982,active,82500.0,82500.0,565.3333333333334,1.0,34.0,Moderate,Medium
76120461,205461777,1848405,2177 Crane Ave,Cincinnati,OH,45207,,,Evanston,325000,3.0,2.0,2.0,1458.0,4792.0,1927.0,2.0,6,1,1,Active,1,223.0,,,"{'value': 778731966, 'level': 1}",1555311600000.0,False,False,False,False,False,,158,64,False,/OH/Cincinnati/2177-Crane-Ave-45207/home/76120461,2025-07-26T15:01:18.835988,active,108333.33333333333,162500.0,486.0,1.5,97.0,Upper_Mid,Medium
76090314,205459650,1847922,10837 Fallsington Ct,Blue Ash,OH,45242,,,Blue Ash,385000,3.0,3.5,3.0,1768.0,1960.0,1984.0,2.0,6,1,1,Active,1,218.0,503.0,,"{'value': 781464108, 'level': 1}",1597647600000.0,False,False,False,False,False,,158,64,False,/OH/Blue-Ash/10837-Fallsington-Ct-45242/home/76090314,2025-07-26T15:01:18.835995,active,128333.33333333333,110000.0,589.3333333333334,0.8571428571428571,40.0,Upper_Mid,Medium
76149478,205458051,1848224,8474 Chesswood Dr,Colerain Twp,OH,45239,,,White Oak,255900,3.0,2.0,2.0,1053.0,,1959.0,1.0,6,1,1,Active,1,243.0,,,"{'value': 783887983, 'level': 1}",1721286000000.0,False,False,False,False,False,,158,64,False,/OH/Cincinnati/8474-Chesswood-Dr-45239/home/76149478,2025-07-26T15:01:18.836001,active,85300.0,127950.0,351.0,1.5,65.0,Moderate,Small
78968612,205457823,1848372,3779 Wilmar Dr,Cheviot,OH,45211,,,Cheviot,335000,4.0,4.0,4.0,2688.0,6839.0,1959.0,2.0,4,4,1,Active,1,125.0,,,"{'value': 784263364, 'level': 1}",958719600000.0,False,False,False,False,False,,158,64,False,/OH/Cincinnati/3779-Wilmar-Dr-45211/home/78968612,2025-07-26T15:01:18.836006,active,83750.0,83750.0,672.0,1.0,65.0,Upper_Mid,Very_Large
76170864,205456484,1847872,5923 Lantana Ave,Cincinnati,OH,45224,,,College Hill,229000,3.0,2.0,2.0,1670.0,6708.0,1922.0,2.0,6,1,1,Active,1,137.0,,,"{'value': 787982814, 'level': 1}",1741762800000.0,False,False,False,False,False,,158,64,False,/OH/Cincinnati/5923-Lantana-Ave-45224/home/76170864,2025-07-26T15:01:18.836013,active,76333.33333333333,114500.0,556.6666666666666,1.5,102.0,Moderate,Medium
78965997,205456367,1848351,542 Davenport Ave Unit D,Cincinnati,OH,45204,,,Price Hill,659000,2.0,3.0,2.0,2576.0,,2002.0,3.0,3,2,1,Active,1,256.0,500.0,,"{'value': 788454060, 'level': 1}",1636704000000.0,False,False,False,False,False,,158,64,False,/OH/Cincinnati/542-Davenport-Ave-45204/unit-D/home/78965997,2025-07-26T15:01:18.836019,active,329500.0,219666.66666666666,1288.0,0.6666666666666666,22.0,Luxury,Very_Large
100988393,205456314,1848385,1541 Wittekind Ter,Cincinnati,OH,45224,,,College Hill,345000,4.0,2.5,2.0,1640.0,7623.0,1935.0,,6,1,1,Active,1,210.0,,,"{'value': 788703567, 'level': 1}",1001055600000.0,False,False,False,False,False,,158,64,False,/OH/Cincinnati/1541-Wittekind-Ter-45224/home/100988393,2025-07-26T15:01:18.836024,active,86250.0,138000.0,410.0,1.6,89.0,Upper_Mid,Medium
100992694,205455772,1848016,2201 Candlemaker Dr,Anderson Twp,OH,45244,,,Anderson Twp.,499900,4.0,2.5,2.0,1992.0,14549.0,1984.0,2.0,6,1,1,Active,1,251.0,,,"{'value': 792298591, 'level': 1}",1558594800000.0,False,False,False,False,False,,158,64,False,/OH/Cincinnati/2201-Candlemaker-Dr-45244/home/100992694,2025-07-26T15:01:18.836031,active,124975.0,199960.0,498.0,1.6,40.0,Upper_Mid,Large
100944808,205453375,1848370,1943 Chase Ave,Cincinnati,OH,45223,,,Northside,426000,4.0,3.0,2.0,2466.0,5467.0,2013.0,2.0,6,1,1,Active,1,173.0,29.0,,"{'value': 815219206, 'level': 1}",1751958000000.0,False,False,False,False,False,,158,64,False,/OH/Cincinnati/1943-Chase-Ave-45223/home/100944808,2025-07-26T15:01:18.836036,active,106500.0,142000.0,616.5,1.3333333333333333,11.0,Upper_Mid,Large
100952034,205346278,1847852,3518 Victoria Pl,Cincinnati,OH,45208,,,Hyde Park,649900,3.0,2.5,2.0,1863.0,4400.0,1940.0,,6,1,1,Active,1,349.0,,,"{'value': 816901510, 'level': 1}",913968000000.0,False,False,False,False,False,,158,64,False,/OH/Cincinnati/3518-Victoria-Pl-45208/home/100952034,2025-07-26T15:01:18.836044,active,216633.33333333334,259960.0,621.0,1.2,84.0,Luxury,Large
196434379,205421040,1847216,116 W Fifteenth St #204,Cincinnati,OH,45202,,,City,299900,1.0,1.0,1.0,731.0,155030.0,2018.0,1.0,3,2,1,Active,1,410.0,272.0,,"{'value': 816901753, 'level': 1}",,False,False,False,False,False,,158,64,False,/OH/Cincinnati/116-W-15th-St-45202/unit-204/home/196434379,2025-07-26T15:01:18.836051,active,299900.0,299900.0,731.0,1.0,6.0,Moderate,Small
78834517,205398216,1847925,3811 Drakewood Dr,Cincinnati,OH,45208,,,Oakley,699000,3.0,2.5,2.0,2858.0,8843.0,1936.0,2.0,6,1,1,Active,1,245.0,,,"{'value': 816901904, 'level': 1}",1653980400000.0,False,False,False,False,False,,158,64,False,/OH/Cincinnati/3811-Drakewood-Dr-45209/home/78834517,2025-07-26T15:01:18.836057,active,233000.0,279600.0,952.6666666666666,1.2,88.0,Luxury,Very_Large
78815503,205422881,1848116,3923 S Madison Ave,Norwood,OH,45213,,,Norwood,429000,4.0,1.5,1.0,1901.0,6665.0,1910.0,3.0,6,1,1,Active,1,226.0,,,"{'value': 816902160, 'level': 1}",1470898800000.0,False,False,False,False,False,,158,64,False,/OH/Cincinnati/3923-S-Madison-Ave-45212/home/78815503,2025-07-26T15:01:18.836062,active,107250.0,286000.0,475.25,2.6666666666666665,114.0,Upper_Mid,Large
78924424,205358284,1847887,40 Carpenters Rdg,Blue Ash,OH,45241,,,Blue Ash,510000,3.0,3.0,2.0,2919.0,5271.0,1985.0,3.0,13,3,1,Active,1,175.0,494.0,,"{'value': 816902265, 'level': 1}",1494572400000.0,False,False,False,False,False,,158,64,False,/OH/Blue-Ash/40-Carpenters-Rdg-45241/home/78924424,2025-07-26T15:01:18.836068,active,170000.0,170000.0,973.0,1.0,39.0,Luxury,Very_Large
100983364,205369021,1847997,3673 Vine St,Cincinnati,OH,45220,,,Clifton,289900,6.0,2.0,2.0,2962.0,8320.0,1913.0,2.0,6,1,1,Active,1,98.0,,,"{'value': 1020337843, 'level': 1}",1651561200000.0,False,True,False,True,False,,158,64,False,/OH/Cincinnati/3673-Vine-St-45220/home/100983364,2025-07-26T15:01:18.836073,active,48316.666666666664,144950.0,493.6666666666667,3.0,111.0,Moderate,Very_Large
145066584,205215913,1847374,540 Slack St,Cincinnati,OH,45202,,,Mt. Auburn,700000,3.0,3.5,3.0,2056.0,2026.0,2018.0,3.0,6,1,1,Active,1,340.0,,,"{'value': 1248892391, 'level': 1}",1651820400000.0,False,True,False,False,False,,158,64,False,/OH/Cincinnati/540-Slack-St-45202/home/145066584,2025-07-26T15:01:18.836079,active,233333.33333333334,200000.0,685.3333333333334,0.8571428571428571,6.0,Luxury,Large
101030854,205266497,1847560,155 Bonham Rd,Wyoming,OH,45215,,,Wyoming,370000,3.0,2.5,2.0,1517.0,10019.0,1948.0,2.0,6,1,1,Active,1,244.0,,,"{'value': 1364098217, 'level': 1}",1750143600000.0,False,True,False,True,False,,158,64,False,/OH/Cincinnati/155-Bonham-Rd-45215/home/101030854,2025-07-26T15:01:18.836085,active,123333.33333333333,148000.0,505.6666666666667,1.2,76.0,Upper_Mid,Medium
78937502,204751401,1845824,5725 Sovereign Dr,Sharonville,OH,45241,,,Sharonville,550000,4.0,3.5,3.0,3771.0,13896.0,1985.0,2.0,6,1,1,Active,1,146.0,37.0,,"{'value': 2560142901, 'level': 1}",1716188400000.0,False,True,False,True,False,,158,64,False,/OH/Cincinnati/5725-Sovereign-Dr-45241/home/78937502,2025-07-26T15:01:18.836091,active,137500.0,157142.85714285713,942.75,1.1428571428571428,39.0,Luxury,Mansion
76126773,204727019,1846003,6624 Hitching Post Ln,Anderson Twp,OH,45230,,,Anderson Twp.,550000,4.0,3.0,3.0,2620.0,24306.0,1963.0,2.0,6,1,1,Active,1,210.0,,,"{'value': 2583534123, 'level': 1}",,False,True,False,True,False,,158,64,False,/OH/Cincinnati/6624-Hitching-Post-Ln-45230/home/76126773,2025-07-26T15:01:18.836097,active,137500.0,183333.33333333334,655.0,1.3333333333333333,61.0,Luxury,Very_Large
78879620,203272176,1842408,3880 Marburg Ave,Cincinnati,OH,45209,,,Oakley,335000,3.0,1.0,1.0,1304.0,6665.0,1941.0,2.0,6,1,1,Active,1,257.0,,,"{'value': 4927563324, 'level': 1}",1591945200000.0,False,True,False,False,False,,158,64,True,/OH/Cincinnati/3880-Marburg-Ave-45209/home/78879620,2025-07-26T15:01:18.836102,active,111666.66666666667,335000.0,434.6666666666667,3.0,83.0,Upper_Mid,Medium
78965314,201785800,1838006,2966 W Mcmicken Ave,Cincinnati,OH,45225,,,Clifton,115000,4.0,2.0,2.0,1014.0,6011.0,1920.0,2.0,6,1,1,Active,1,113.0,,,"{'value': 8264712205, 'level': 1}",1571641200000.0,False,False,False,False,False,,158,64,True,/OH/Cincinnati/2966-W-McMicken-Ave-45225/home/78965314,2025-07-26T15:01:18.836108,active,28750.0,57500.0,253.5,2.0,104.0,Budget,Small
100977137,205670854,1849281,1891 Biegler St,Cincinnati,OH,45214,,,Fairmount,3000,,,,,7405.0,,,8,5,1,Active,1,,,,"{'value': 168292736, 'level': 1}",1742799600000.0,False,False,False,False,False,,158,64,False,/OH/Cincinnati/1891-Biegler-St-45214/home/100977137,2025-07-26T15:01:18.836114,active,,,,,,Budget,
78997168,205662204,1849233,2508 Wilson Ave,Colerain Twp,OH,45231,,,Colerain Twp.East,25000,,,,,5053.0,,,8,5,1,Active,1,,,,"{'value': 179232342, 'level': 1}",,False,False,False,False,False,,158,64,False,/OH/Cincinnati/2508-Wilson-Ave-45231/home/78997168,2025-07-26T15:01:18.836120,active,,,,,,Budget,
196564005,205657155,1849061,513 Tafel St,Cincinnati,OH,45225,,,Clifton,28000,,,,,8451.0,,,8,5,1,Active,1,,,,"{'value': 211847212, 'level': 1}",,False,False,False,False,False,,158,64,False,/OH/Cincinnati/513-Tafel-St-45225/home/196564005,2025-07-26T15:01:18.836127,active,,,,,,Budget,
78973680,205648245,5142466,2153 Harrison Ave,Cincinnati,OH,45211,,,Robert Orr Sub,77999,,,,,22564.0,,,8,5,1,Active,1,,,,"{'value': 233031056, 'level': 1}",,False,False,False,False,False,,159,64,False,/OH/Cincinnati/2153-Harrison-Ave-45211/home/78973680,2025-07-26T15:01:18.836133,active,,,,,,Budget,
100957075,205638743,1849121,2361 Concord St,Cincinnati,OH,45206,,,Walnut Hills,32500,,,,,,,,8,5,1,Active,1,,,,"{'value': 245455904, 'level': 1}",1534402800000.0,False,False,False,False,False,,158,64,False,/OH/Cincinnati/2361-Concord-St-45206/home/100957075,2025-07-26T15:01:18.836138,active,,,,,,Budget,
76121494,205597580,1848932,3212 Glendora Ave,Cincinnati,OH,45220,,,Corryville,225000,,,,,5097.0,,,8,5,1,Active,1,,,,"{'value': 341706564, 'level': 1}",1624604400000.0,False,False,False,False,False,,158,64,False,/OH/Cincinnati/3212-Glendora-Ave-45220/home/76121494,2025-07-26T15:01:18.836144,active,,,,,,Moderate,
71380959,205566108,1848730,4182 Mt Carmel Tobasco Rd,Union Twp,OH,45255,,,Union Twp.,449000,,,,,76230.0,,,8,5,1,Active,1,,,,"{'value': 428217601, 'level': 1}",1681455600000.0,False,False,False,False,False,,158,64,False,/OH/Cincinnati/4182-Mount-Carmel-Tobasco-Rd-45255/home/71380959,2025-07-26T15:01:18.836150,active,,,,,,Upper_Mid,
82729831,205517062,5141123,365 Northland Blvd,Cincinnati,OH,45246,,,Cincinnati,189999,,,,,68781.0,,,8,5,1,Active,1,,,,"{'value': 677915385, 'level': 1}",,False,False,False,False,False,,159,64,False,/OH/Cincinnati/365-Northland-Blvd-45246/home/82729831,2025-07-26T15:01:18.836155,active,,,,,,Moderate,
76131628,205514998,1848625,5776 Panama St,Cincinnati,OH,45230,,,California,325000,,,,,19863.0,,,8,5,1,Active,1,,,,"{'value': 679975768, 'level': 1}",,False,False,False,False,False,,158,64,False,/OH/Cincinnati/5776-Panama-St-45230/home/76131628,2025-07-26T15:01:18.836160,active,,,,,,Upper_Mid,
194359605,205503363,1848595,8410 Old Kellogg Rd,Anderson Twp,OH,45255,,,Anderson Twp.,79900,,,,,68951.0,,,8,5,1,Active,1,,,,"{'value': 693064798, 'level': 1}",,False,False,False,False,False,,158,64,False,/OH/Cincinnati/8410-Old-Kellogg-Rd-45255/home/194359605,2025-07-26T15:01:18.836166,active,,,,,,Budget,
100943886,205467870,1848287,0 Goethe St,Cincinnati,OH,45202,,,Mt. Auburn,200000,,,,,4792.0,,,8,5,1,Active,1,,,,"{'value': 772018501, 'level': 1}",,False,False,False,False,False,,158,64,False,/OH/Cincinnati/Goethe-St-45202/home/100943886,2025-07-26T15:01:18.836172,active,,,,,,Moderate,
78883360,200078538,1832273,137 Valencia St,Cincinnati,OH,45219,,,Mt. Auburn,100000,,,,,6534.0,,,8,5,1,Active,1,,,,"{'value': 12512112347, 'level': 1}",1559113200000.0,False,False,False,False,False,,158,64,False,/OH/Cincinnati/137-Valencia-St-45219/home/78883360,2025-07-26T15:01:18.836177,active,,,,,,Budget,
100958573,199471067,1830673,17 Estelle St,Cincinnati,OH,45219,,,Mt. Auburn,160000,,,,,1742.0,,,8,5,1,Active,1,,,,"{'value': 14148188946, 'level': 1}",1533366000000.0,False,False,False,False,False,,158,64,False,/OH/Cincinnati/17-Estelle-St-45219/home/100958573,2025-07-26T15:01:18.836183,active,,,,,,Moderate,
