property_id,address,predicted_will_sell,sell_probability,confidence_level,sold,sale_date,days_on_market,sale_price,list_price
"RF_Clermont County, OH_2955",7920 Pine St,False,0.18994017551189532,Low,False,,,,
"RF_Clermont County, OH_1672",9319 Maple Ave,False,0.18929004100394792,Low,False,,,,
"RF_Clermont County, OH_3986",4397 Main Ave,False,0.18845789602084026,Low,False,,,,
"RF_Clermont County, OH_2655",361 Oak St,False,0.18816935876260002,Low,False,,,,
"RF_Clermont County, OH_0498",7602 Maple Ave,False,0.1741098805602315,Low,False,,,,
"RF_Clermont County, OH_3249",3869 Oak St,False,0.17181167759233806,Low,False,,,,
"RF_Clermont County, OH_2132",4381 Pine St,False,0.17152907523600922,Low,True,2025-03-25 23:57:41.150727,54.0,265671.0,736344.0
"RF_Clermont County, OH_1613",9026 Pine Rd,False,0.17055332912367682,Low,False,,,,
"RF_Clermont County, OH_1769",3406 Cedar Rd,False,0.16999528301451575,Low,False,,,,
"RF_Clermont County, OH_3727",3931 Maple Rd,False,0.16885026127214905,Low,False,,,,
"RF_Clermont County, OH_2306",404 Maple Ave,False,0.16882198631512235,Low,False,,,,
"RF_Clermont County, OH_4528",409 Maple Ave,False,0.16754103134659526,Low,False,,,,
"RF_Clermont County, OH_3483",7504 Pine Blvd,False,0.16507649834323146,Low,False,,,,
"RF_Clermont County, OH_3318",9869 Pine Rd,False,0.16409224266786124,Low,False,,,,
"RF_Clermont County, OH_1047",939 Cedar Blvd,False,0.16383070511502446,Low,True,2024-12-15 23:57:41.150727,46.0,642287.0,346055.0
"RF_Clermont County, OH_1327",4867 Main Blvd,False,0.16377735580221323,Low,False,,,,
"RF_Clermont County, OH_3213",9666 Pine Blvd,False,0.16306193468277783,Low,True,2025-07-03 23:57:41.150727,27.0,607250.0,270686.0
"RF_Clermont County, OH_4926",5983 Oak Ave,False,0.16116751548797068,Low,False,,,,
"RF_Clermont County, OH_0570",9546 Main Blvd,False,0.1609308129684328,Low,False,,,,
"RF_Clermont County, OH_3283",8628 Pine Ave,False,0.15836323484032402,Low,False,,,,
"RF_Clermont County, OH_3224",3977 Maple St,False,0.15818552043161957,Low,False,,,,
"RF_Clermont County, OH_4338",387 Cedar St,False,0.15766400224462723,Low,False,,,,
"RF_Clermont County, OH_3922",2848 Pine St,False,0.15664611245352267,Low,True,2025-05-31 23:57:41.150727,23.0,486744.0,421429.0
"RF_Clermont County, OH_1128",7224 Pine Blvd,False,0.15618656024327124,Low,False,,,,
"RF_Clermont County, OH_3609",3566 Pine Rd,False,0.1559306921713217,Low,False,,,,
"RF_Clermont County, OH_2868",2099 Oak Rd,False,0.15587167993014017,Low,False,,,,
"RF_Clermont County, OH_3580",9982 Maple St,False,0.15484439398434083,Low,True,2025-01-31 23:57:41.150727,141.0,441466.0,247485.0
"RF_Clermont County, OH_1499",9717 Pine Blvd,False,0.15447501711615882,Low,False,,,,
"RF_Clermont County, OH_0581",3858 Main St,False,0.15395801975193443,Low,False,,,,
"RF_Clermont County, OH_4900",8662 Oak Ave,False,0.15189187489760192,Low,False,,,,
"RF_Clermont County, OH_3173",7796 Pine Blvd,False,0.15139865742550698,Low,False,,,,
"RF_Clermont County, OH_1737",6519 Main Blvd,False,0.1505360831164256,Low,False,,,,
"RF_Clermont County, OH_3977",6347 Oak St,False,0.15046008323170323,Low,False,,,,
"RF_Clermont County, OH_3418",2956 Oak Blvd,False,0.15033936262992204,Low,False,,,,
"RF_Clermont County, OH_2702",2400 Cedar St,False,0.14946439853717686,Low,False,,,,
"RF_Clermont County, OH_0526",5011 Pine St,False,0.14899136383947204,Low,False,,,,
"RF_Clermont County, OH_3721",4126 Main Blvd,False,0.14850622558056648,Low,False,,,,
"RF_Clermont County, OH_3658",3623 Maple Ave,False,0.14801524569700933,Low,False,,,,
"RF_Clermont County, OH_1534",4950 Pine St,False,0.14760267296639676,Low,False,,,,
"RF_Clermont County, OH_1809",3730 Cedar St,False,0.1472127942568356,Low,False,,,,
"RF_Clermont County, OH_2975",4810 Oak St,False,0.14680360635552436,Low,False,,,,
"RF_Clermont County, OH_0793",325 Pine Rd,False,0.1459456635758377,Low,False,,,,
"RF_Clermont County, OH_2747",1144 Maple Blvd,False,0.14576389740182813,Low,False,,,,
"RF_Clermont County, OH_4334",4178 Cedar St,False,0.14536572448498414,Low,False,,,,
"RF_Clermont County, OH_4323",9911 Pine Rd,False,0.1452408700203732,Low,False,,,,
"RF_Clermont County, OH_0338",4774 Cedar Ave,False,0.145006217212247,Low,False,,,,
"RF_Clermont County, OH_4251",6070 Cedar St,False,0.14360212891687668,Low,True,2024-11-20 23:57:41.150727,158.0,180578.0,269168.0
"RF_Clermont County, OH_1949",7778 Maple St,False,0.14341922291906944,Low,False,,,,
"RF_Clermont County, OH_3569",8635 Cedar Rd,False,0.14326467228953504,Low,False,,,,
"RF_Clermont County, OH_4905",1177 Main Rd,False,0.14322119170155873,Low,False,,,,
"RF_Clermont County, OH_2086",3510 Oak Rd,False,0.14298324753347363,Low,False,,,,
"RF_Clermont County, OH_3589",586 Main Rd,False,0.1429464829386554,Low,False,,,,
"RF_Clermont County, OH_2581",106 Main St,False,0.14286838518217732,Low,False,,,,
"RF_Clermont County, OH_2840",1629 Oak Ave,False,0.14272284017159806,Low,False,,,,
"RF_Clermont County, OH_0187",4653 Pine Ave,False,0.1424546672254327,Low,False,,,,
"RF_Clermont County, OH_0721",8857 Maple Rd,False,0.14211244210284493,Low,False,,,,
"RF_Clermont County, OH_3793",238 Maple St,False,0.14208780602392115,Low,True,2025-01-12 23:57:41.150727,131.0,283540.0,292020.0
"RF_Clermont County, OH_2763",4104 Oak St,False,0.14207949567510214,Low,True,2024-11-29 23:57:41.150727,164.0,523077.0,735320.0
"RF_Clermont County, OH_2142",3000 Pine St,False,0.14193795342776316,Low,True,2025-01-20 23:57:41.150727,96.0,173787.0,308853.0
"RF_Clermont County, OH_1845",8116 Main Ave,False,0.1419214981843919,Low,False,,,,
"RF_Clermont County, OH_0682",4707 Cedar Ave,False,0.1417504407722775,Low,False,,,,
"RF_Clermont County, OH_1474",7697 Maple Rd,False,0.14146931002285693,Low,False,,,,
"RF_Clermont County, OH_1865",2636 Maple St,False,0.1414333094959187,Low,False,,,,
"RF_Clermont County, OH_0696",4077 Oak St,False,0.14123174429902588,Low,False,,,,
"RF_Clermont County, OH_1009",9334 Oak Rd,False,0.1411058265365762,Low,False,,,,
"RF_Clermont County, OH_2340",7373 Cedar Blvd,False,0.14056812918915676,Low,False,,,,
"RF_Clermont County, OH_2288",629 Maple Ave,False,0.14043037444701648,Low,True,2024-08-19 23:57:41.150727,152.0,485110.0,720778.0
"RF_Clermont County, OH_1050",5580 Main St,False,0.14041530800341664,Low,False,,,,
"RF_Clermont County, OH_1941",6762 Main Blvd,False,0.14006154622690914,Low,False,,,,
"RF_Clermont County, OH_2243",6805 Main Rd,False,0.140045606535359,Low,False,,,,
"RF_Clermont County, OH_1557",6322 Maple St,False,0.14001298626110856,Low,False,,,,
"RF_Clermont County, OH_3567",870 Pine Blvd,False,0.139923014450335,Low,False,,,,
"RF_Clermont County, OH_3367",1858 Maple Blvd,False,0.1396169323881539,Low,False,,,,
"RF_Clermont County, OH_0491",9985 Main Rd,False,0.13946717451933283,Low,False,,,,
"RF_Clermont County, OH_0206",778 Oak Blvd,False,0.1389760685539436,Low,False,,,,
"RF_Clermont County, OH_2391",3473 Maple Ave,False,0.13894678380582698,Low,False,,,,
"RF_Clermont County, OH_4455",2368 Main Ave,False,0.13881173272097683,Low,True,2025-01-14 23:57:41.150727,43.0,290817.0,763644.0
"RF_Clermont County, OH_1165",6841 Main Rd,False,0.13878261003471998,Low,False,,,,
"RF_Clermont County, OH_3734",7784 Main Blvd,False,0.13876461820554378,Low,False,,,,
"RF_Clermont County, OH_1118",9841 Main St,False,0.13873180813530483,Low,False,,,,
"RF_Clermont County, OH_2101",6145 Cedar Rd,False,0.13867312373461713,Low,False,,,,
"RF_Clermont County, OH_3720",8123 Cedar Rd,False,0.1386587600804383,Low,False,,,,
"RF_Clermont County, OH_1024",8912 Main St,False,0.1386190625279912,Low,False,,,,
"RF_Clermont County, OH_2487",8363 Cedar Rd,False,0.13853960644161845,Low,False,,,,
"RF_Clermont County, OH_3719",2663 Cedar Ave,False,0.13851245283757024,Low,False,,,,
"RF_Clermont County, OH_4824",5361 Cedar Rd,False,0.13837315701347078,Low,False,,,,
"RF_Clermont County, OH_2914",4179 Cedar Rd,False,0.13835986702407643,Low,False,,,,
"RF_Clermont County, OH_3888",9013 Maple Ave,False,0.13829464368299133,Low,False,,,,
"RF_Clermont County, OH_0147",5839 Oak Ave,False,0.13806133495858486,Low,False,,,,
"RF_Clermont County, OH_1429",4711 Oak Ave,False,0.13789841553860133,Low,False,,,,
"RF_Clermont County, OH_0670",1900 Maple Ave,False,0.13780822024832676,Low,False,,,,
"RF_Clermont County, OH_0398",1452 Cedar Rd,False,0.13765517694834992,Low,False,,,,
"RF_Clermont County, OH_2968",2436 Main Ave,False,0.13742083054208395,Low,False,,,,
"RF_Clermont County, OH_4574",4689 Pine Ave,False,0.13715010131722377,Low,False,,,,
"RF_Clermont County, OH_4968",2486 Cedar Blvd,False,0.13708839548596802,Low,False,,,,
"RF_Clermont County, OH_4459",3973 Maple Rd,False,0.13708644375654658,Low,False,,,,
"RF_Clermont County, OH_2824",362 Main Ave,False,0.13695464592432927,Low,True,2024-08-20 23:57:41.150727,97.0,337087.0,303943.0
"RF_Clermont County, OH_4411",7347 Pine Rd,False,0.13687889398961506,Low,False,,,,
"RF_Clermont County, OH_0030",6272 Oak Ave,False,0.13646199083376584,Low,False,,,,
"RF_Clermont County, OH_1877",4963 Maple Blvd,False,0.1361770074763237,Low,False,,,,
"RF_Clermont County, OH_2331",2710 Maple Blvd,False,0.13584240499863573,Low,True,2025-04-18 23:57:41.150727,26.0,337736.0,361909.0
"RF_Clermont County, OH_0564",7784 Oak Ave,False,0.1358417207862629,Low,False,,,,
"RF_Clermont County, OH_3420",8471 Pine Rd,False,0.13572903714652282,Low,False,,,,
"RF_Clermont County, OH_1756",6280 Cedar Blvd,False,0.13551327072123337,Low,False,,,,
"RF_Clermont County, OH_1862",6436 Main Rd,False,0.13543719298702198,Low,False,,,,
"RF_Clermont County, OH_4856",8344 Oak Rd,False,0.13524557136718607,Low,False,,,,
"RF_Clermont County, OH_4519",3127 Main Blvd,False,0.13505047486141508,Low,False,,,,
"RF_Clermont County, OH_4180",6907 Oak Blvd,False,0.1349639315858142,Low,False,,,,
"RF_Clermont County, OH_1589",2356 Maple St,False,0.13491723819086093,Low,False,,,,
"RF_Clermont County, OH_3953",4979 Pine Rd,False,0.13475866779164578,Low,False,,,,
"RF_Clermont County, OH_2909",1427 Maple Rd,False,0.13470430009297224,Low,False,,,,
"RF_Clermont County, OH_1853",2544 Oak Ave,False,0.13466604269660004,Low,False,,,,
"RF_Clermont County, OH_1742",936 Pine St,False,0.13461592068678777,Low,False,,,,
"RF_Clermont County, OH_3957",318 Cedar Rd,False,0.13446316661719288,Low,False,,,,
"RF_Clermont County, OH_1199",8156 Oak St,False,0.13426044265747059,Low,False,,,,
"RF_Clermont County, OH_3135",2563 Maple Blvd,False,0.13420418938597664,Low,False,,,,
"RF_Clermont County, OH_3013",1222 Main St,False,0.134120469230826,Low,False,,,,
"RF_Clermont County, OH_3695",7230 Oak Blvd,False,0.13378962489873014,Low,False,,,,
"RF_Clermont County, OH_0026",1135 Main Ave,False,0.13375477898194385,Low,False,,,,
"RF_Clermont County, OH_1778",5880 Main Ave,False,0.1337152491849434,Low,False,,,,
"RF_Clermont County, OH_4892",3660 Maple Rd,False,0.1335387750083463,Low,False,,,,
"RF_Clermont County, OH_0353",6380 Cedar Rd,False,0.13348076021448776,Low,False,,,,
"RF_Clermont County, OH_1072",2465 Oak Ave,False,0.1333856667073884,Low,False,,,,
"RF_Clermont County, OH_4402",4577 Main Ave,False,0.13336778868362986,Low,False,,,,
"RF_Clermont County, OH_2922",1280 Main Blvd,False,0.13320265453241326,Low,False,,,,
"RF_Clermont County, OH_0507",7969 Oak St,False,0.13315189824627321,Low,False,,,,
"RF_Clermont County, OH_4764",8855 Cedar Rd,False,0.1331327281654641,Low,False,,,,
"RF_Clermont County, OH_2007",7347 Maple St,False,0.13310317561658136,Low,False,,,,
"RF_Clermont County, OH_2281",3283 Pine Rd,False,0.13290331648019474,Low,False,,,,
"RF_Clermont County, OH_4458",2223 Main Ave,False,0.1328348487833568,Low,False,,,,
"RF_Clermont County, OH_1458",7153 Pine Rd,False,0.13279822093000632,Low,False,,,,
"RF_Clermont County, OH_4382",5384 Cedar Rd,False,0.1325285466671524,Low,False,,,,
"RF_Clermont County, OH_3877",5458 Pine Blvd,False,0.13251606175826572,Low,False,,,,
"RF_Clermont County, OH_0012",695 Maple Blvd,False,0.13240987042750393,Low,False,,,,
"RF_Clermont County, OH_2160",3008 Cedar St,False,0.13213278816137947,Low,False,,,,
"RF_Clermont County, OH_4456",2433 Maple Ave,False,0.1321198771934182,Low,False,,,,
"RF_Clermont County, OH_2417",3995 Main Rd,False,0.13203309233802596,Low,False,,,,
"RF_Clermont County, OH_0501",297 Maple St,False,0.13199304387557284,Low,False,,,,
"RF_Clermont County, OH_4913",4492 Pine St,False,0.13198028894063685,Low,False,,,,
"RF_Clermont County, OH_0208",7467 Oak St,False,0.13191962243721253,Low,False,,,,
"RF_Clermont County, OH_4516",7898 Maple St,False,0.13183604244834368,Low,False,,,,
"RF_Clermont County, OH_0100",4314 Maple Ave,False,0.13173867368562922,Low,False,,,,
"RF_Clermont County, OH_3921",3381 Main Rd,False,0.13142781311655116,Low,False,,,,
"RF_Clermont County, OH_4642",8482 Oak Ave,False,0.13142697137323933,Low,False,,,,
"RF_Clermont County, OH_4750",261 Main Blvd,False,0.1312590969286548,Low,False,,,,
"RF_Clermont County, OH_1171",8867 Main St,False,0.13110617183779952,Low,False,,,,
"RF_Clermont County, OH_3385",5790 Cedar Blvd,False,0.1310999569513835,Low,False,,,,
"RF_Clermont County, OH_0150",4699 Main Ave,False,0.13106444139158832,Low,False,,,,
"RF_Clermont County, OH_0083",5640 Cedar Rd,False,0.1309305503172124,Low,False,,,,
"RF_Clermont County, OH_3791",3423 Oak Ave,False,0.13089164316884497,Low,False,,,,
"RF_Clermont County, OH_1536",3876 Cedar Ave,False,0.13078950784787036,Low,False,,,,
"RF_Clermont County, OH_4728",4360 Pine St,False,0.13068738681555692,Low,False,,,,
"RF_Clermont County, OH_1126",8063 Oak Blvd,False,0.13063461244405952,Low,False,,,,
"RF_Clermont County, OH_0979",9379 Maple Blvd,False,0.13056488866210003,Low,False,,,,
"RF_Clermont County, OH_2014",3599 Main St,False,0.13054299232244845,Low,False,,,,
"RF_Clermont County, OH_3424",8855 Cedar St,False,0.13046325412508636,Low,False,,,,
"RF_Clermont County, OH_3896",6000 Pine Blvd,False,0.1303042859190839,Low,False,,,,
"RF_Clermont County, OH_4917",7339 Cedar Blvd,False,0.13029682636565182,Low,False,,,,
"RF_Clermont County, OH_3915",3997 Cedar Rd,False,0.13017336215902903,Low,False,,,,
"RF_Clermont County, OH_1189",7442 Cedar Rd,False,0.13009622115927874,Low,False,,,,
"RF_Clermont County, OH_4000",5408 Pine Blvd,False,0.13006416811724061,Low,False,,,,
"RF_Clermont County, OH_3786",8566 Cedar St,False,0.12996521310698012,Low,False,,,,
"RF_Clermont County, OH_3019",8486 Maple Rd,False,0.1299340949532777,Low,False,,,,
"RF_Clermont County, OH_4710",1745 Main Ave,False,0.12990432364478754,Low,False,,,,
"RF_Clermont County, OH_1430",1178 Oak Ave,False,0.12971618020746892,Low,False,,,,
"RF_Clermont County, OH_0529",5737 Maple Rd,False,0.12964328078887055,Low,False,,,,
"RF_Clermont County, OH_3753",8635 Maple Ave,False,0.12958433683645856,Low,False,,,,
"RF_Clermont County, OH_0340",9885 Cedar St,False,0.12952685225221022,Low,False,,,,
"RF_Clermont County, OH_4290",516 Maple St,False,0.1293414804221028,Low,False,,,,
"RF_Clermont County, OH_0747",7259 Cedar Blvd,False,0.12920646010330492,Low,False,,,,
"RF_Clermont County, OH_4621",2553 Pine Rd,False,0.12894818727074456,Low,False,,,,
"RF_Clermont County, OH_0775",5374 Cedar Blvd,False,0.12891599925126104,Low,False,,,,
"RF_Clermont County, OH_2035",2028 Oak Rd,False,0.12891301975260014,Low,True,2024-10-01 23:57:41.150727,168.0,331857.0,359579.0
"RF_Clermont County, OH_4481",5404 Cedar Rd,False,0.12887747881618666,Low,False,,,,
"RF_Clermont County, OH_2807",9587 Cedar St,False,0.12883138847859865,Low,False,,,,
"RF_Clermont County, OH_1501",3792 Pine Blvd,False,0.1287844920640362,Low,False,,,,
"RF_Clermont County, OH_4549",2024 Main St,False,0.12870891123961734,Low,False,,,,
"RF_Clermont County, OH_1161",4522 Main Rd,False,0.12847854165687947,Low,False,,,,
"RF_Clermont County, OH_2805",1459 Cedar St,False,0.12838349126032597,Low,False,,,,
"RF_Clermont County, OH_1014",7304 Maple St,False,0.12836007630860144,Low,False,,,,
"RF_Clermont County, OH_1201",3543 Cedar Blvd,False,0.1281717267657725,Low,False,,,,
"RF_Clermont County, OH_0369",6425 Cedar Ave,False,0.12810718903421178,Low,False,,,,
"RF_Clermont County, OH_4517",9692 Main Rd,False,0.1280938953307004,Low,False,,,,
"RF_Clermont County, OH_2631",183 Main Rd,False,0.12788310665392308,Low,False,,,,
"RF_Clermont County, OH_0811",4004 Oak St,False,0.127867259373674,Low,False,,,,
"RF_Clermont County, OH_2221",9185 Oak Blvd,False,0.12785237555752071,Low,False,,,,
"RF_Clermont County, OH_4594",7565 Cedar Rd,False,0.12776452380521944,Low,False,,,,
"RF_Clermont County, OH_4085",7167 Pine Blvd,False,0.12756994160144927,Low,False,,,,
"RF_Clermont County, OH_0383",8763 Main Ave,False,0.12741213677984184,Low,False,,,,
"RF_Clermont County, OH_3554",1358 Pine Ave,False,0.12733723588380458,Low,False,,,,
"RF_Clermont County, OH_3431",9510 Oak St,False,0.12732538689924594,Low,False,,,,
"RF_Clermont County, OH_1922",2183 Oak Ave,False,0.1271085151542957,Low,False,,,,
"RF_Clermont County, OH_3128",2178 Maple Rd,False,0.12710503178216956,Low,False,,,,
"RF_Clermont County, OH_3574",3481 Main St,False,0.1270967441352475,Low,False,,,,
"RF_Clermont County, OH_0644",1789 Oak Blvd,False,0.12700279201727557,Low,False,,,,
"RF_Clermont County, OH_3945",2446 Main St,False,0.12699347539654693,Low,False,,,,
"RF_Clermont County, OH_2661",2400 Main Rd,False,0.12697010329603436,Low,False,,,,
"RF_Clermont County, OH_4901",1741 Maple Ave,False,0.12690337246233366,Low,False,,,,
"RF_Clermont County, OH_4635",9795 Pine Ave,False,0.12687903588884508,Low,False,,,,
"RF_Clermont County, OH_4087",9635 Cedar Ave,False,0.1268288528826775,Low,False,,,,
"RF_Clermont County, OH_1520",121 Maple Ave,False,0.12675941494833623,Low,False,,,,
"RF_Clermont County, OH_1000",380 Cedar Blvd,False,0.12662424432745653,Low,True,2025-06-22 23:57:41.150727,99.0,594566.0,580564.0
"RF_Clermont County, OH_0795",6681 Main St,False,0.12658922761170083,Low,False,,,,
"RF_Clermont County, OH_4175",7186 Pine Blvd,False,0.12644992173270772,Low,True,2025-07-05 23:57:41.150727,138.0,307670.0,540125.0
"RF_Clermont County, OH_2428",7893 Pine Blvd,False,0.12638124309466117,Low,False,,,,
"RF_Clermont County, OH_3303",2934 Oak Rd,False,0.1263791599404284,Low,True,2024-10-15 23:57:41.150727,133.0,187255.0,455853.0
"RF_Clermont County, OH_4407",451 Maple St,False,0.12628398124041756,Low,False,,,,
"RF_Clermont County, OH_0094",3120 Main Blvd,False,0.12628056944216556,Low,False,,,,
"RF_Clermont County, OH_0028",6446 Oak Rd,False,0.12618675080028566,Low,False,,,,
"RF_Clermont County, OH_1444",6925 Maple Blvd,False,0.12618270988806285,Low,False,,,,
"RF_Clermont County, OH_2819",2412 Oak Rd,False,0.1260740446592886,Low,False,,,,
"RF_Clermont County, OH_0038",6182 Maple St,False,0.12597422177196757,Low,False,,,,
"RF_Clermont County, OH_3655",2704 Maple Blvd,False,0.1258279526238167,Low,False,,,,
"RF_Clermont County, OH_4004",7112 Cedar Rd,False,0.12582307190376638,Low,True,2025-05-13 23:57:41.150727,29.0,718924.0,758773.0
"RF_Clermont County, OH_1699",755 Oak Rd,False,0.12559006173107873,Low,False,,,,
"RF_Clermont County, OH_0146",4703 Pine Rd,False,0.12554378519767184,Low,False,,,,
"RF_Clermont County, OH_0021",2184 Oak Blvd,False,0.12550820992632425,Low,False,,,,
"RF_Clermont County, OH_2001",7714 Maple Blvd,False,0.12545563830575662,Low,False,,,,
"RF_Clermont County, OH_1073",5806 Main Rd,False,0.12534045427180532,Low,True,2025-07-20 23:57:41.150727,53.0,215896.0,567233.0
"RF_Clermont County, OH_1454",6981 Pine Ave,False,0.1252455419525755,Low,True,2025-07-27 23:57:41.150727,137.0,335395.0,376004.0
"RF_Clermont County, OH_3785",7685 Pine Blvd,False,0.12523070719558563,Low,False,,,,
"RF_Clermont County, OH_2089",8393 Oak Ave,False,0.12519271317625583,Low,True,2025-02-06 23:57:41.150727,174.0,500495.0,609689.0
"RF_Clermont County, OH_4048",5724 Cedar Blvd,False,0.12508620076477894,Low,True,2024-08-29 23:57:41.150727,103.0,434539.0,766612.0
"RF_Clermont County, OH_0171",5825 Pine St,False,0.1250465260188765,Low,True,2024-08-22 23:57:41.150727,44.0,739833.0,348803.0
"RF_Clermont County, OH_4552",2812 Pine Rd,False,0.12503960191187144,Low,False,,,,
"RF_Clermont County, OH_4593",1676 Pine Rd,False,0.12489504149925473,Low,False,,,,
"RF_Clermont County, OH_2248",4349 Main Ave,False,0.12483991038549266,Low,False,,,,
"RF_Clermont County, OH_0659",5708 Cedar Ave,False,0.12483042799694831,Low,False,,,,
"RF_Clermont County, OH_0825",3408 Main Blvd,False,0.12476576897541526,Low,False,,,,
"RF_Clermont County, OH_0953",6786 Maple Rd,False,0.12473244380654018,Low,True,2025-01-30 23:57:41.150727,119.0,259709.0,707206.0
"RF_Clermont County, OH_0617",659 Pine Ave,False,0.12470861328566407,Low,False,,,,
"RF_Clermont County, OH_4685",9580 Pine Ave,False,0.1246857631862192,Low,False,,,,
"RF_Clermont County, OH_2439",333 Main Rd,False,0.12465838466694198,Low,False,,,,
"RF_Clermont County, OH_4079",3059 Oak St,False,0.124627653679215,Low,False,,,,
"RF_Clermont County, OH_0994",2829 Cedar Ave,False,0.12454148382970716,Low,False,,,,
"RF_Clermont County, OH_3325",6723 Maple St,False,0.12450276794891445,Low,False,,,,
"RF_Clermont County, OH_4328",7734 Cedar Ave,False,0.124488162840812,Low,False,,,,
"RF_Clermont County, OH_1077",8528 Main Ave,False,0.1244842199793009,Low,False,,,,
"RF_Clermont County, OH_3435",9244 Maple Blvd,False,0.12445028102485481,Low,False,,,,
"RF_Clermont County, OH_2506",5925 Cedar Rd,False,0.12435738407303303,Low,False,,,,
"RF_Clermont County, OH_1615",6231 Pine Blvd,False,0.12432447743590401,Low,False,,,,
"RF_Clermont County, OH_0676",5993 Maple St,False,0.12431154374646396,Low,True,2025-06-27 23:57:41.150727,150.0,310379.0,370297.0
"RF_Clermont County, OH_3433",8519 Oak Ave,False,0.12423615715594237,Low,True,2025-05-29 23:57:41.150727,152.0,391494.0,782164.0
"RF_Clermont County, OH_2333",7953 Pine Rd,False,0.12412418633948687,Low,False,,,,
"RF_Clermont County, OH_2205",5010 Main Ave,False,0.12408870312765144,Low,False,,,,
"RF_Clermont County, OH_1451",1188 Cedar Ave,False,0.12408448708374246,Low,True,2025-04-09 23:57:41.150727,102.0,759731.0,439073.0
"RF_Clermont County, OH_1762",9415 Maple Blvd,False,0.12405185969423964,Low,False,,,,
"RF_Clermont County, OH_3204",4214 Maple Rd,False,0.12404719276352609,Low,False,,,,
"RF_Clermont County, OH_3634",1530 Main Rd,False,0.12399856732784201,Low,False,,,,
"RF_Clermont County, OH_3454",7835 Pine Ave,False,0.12398664179160511,Low,False,,,,
"RF_Clermont County, OH_2224",563 Oak Rd,False,0.1238844912833372,Low,True,2025-03-31 23:57:41.150727,56.0,722263.0,568156.0
"RF_Clermont County, OH_4813",2908 Pine Ave,False,0.1238825275619999,Low,False,,,,
"RF_Clermont County, OH_3192",5139 Pine Ave,False,0.12388206288061933,Low,False,,,,
"RF_Clermont County, OH_2729",2360 Main St,False,0.1238124697473542,Low,False,,,,
"RF_Clermont County, OH_2305",9069 Oak St,False,0.12378368430062552,Low,True,2025-04-14 23:57:41.150727,30.0,211402.0,784273.0
"RF_Clermont County, OH_4965",9849 Main Rd,False,0.1237037715951684,Low,False,,,,
"RF_Clermont County, OH_3547",4466 Cedar St,False,0.12368712334514305,Low,False,,,,
"RF_Clermont County, OH_3652",2497 Pine Ave,False,0.12365140377565813,Low,False,,,,
"RF_Clermont County, OH_2168",7967 Oak Blvd,False,0.12364640913654831,Low,False,,,,
"RF_Clermont County, OH_4628",5774 Pine Rd,False,0.12349684689620294,Low,False,,,,
"RF_Clermont County, OH_2515",5872 Pine Blvd,False,0.12337423968368107,Low,False,,,,
"RF_Clermont County, OH_2122",626 Cedar Rd,False,0.12336897444797087,Low,False,,,,
"RF_Clermont County, OH_3190",3536 Oak St,False,0.12332378484360379,Low,False,,,,
"RF_Clermont County, OH_0391",1766 Maple Rd,False,0.12324037216856573,Low,False,,,,
"RF_Clermont County, OH_3800",391 Maple Ave,False,0.12321436264350152,Low,True,2025-06-18 23:57:41.150727,152.0,164888.0,249382.0
"RF_Clermont County, OH_0312",3689 Main Rd,False,0.12312757825359039,Low,False,,,,
"RF_Clermont County, OH_4116",9676 Maple Ave,False,0.12310972564280821,Low,False,,,,
"RF_Clermont County, OH_1365",7578 Main Rd,False,0.12309230094459432,Low,False,,,,
"RF_Clermont County, OH_1453",4567 Pine Blvd,False,0.12304111061610624,Low,False,,,,
"RF_Clermont County, OH_3795",7939 Cedar Ave,False,0.12300919731360785,Low,False,,,,
"RF_Clermont County, OH_4405",3528 Cedar Rd,False,0.1230061371722724,Low,False,,,,
"RF_Clermont County, OH_2780",1285 Cedar Rd,False,0.1229587721620374,Low,False,,,,
"RF_Clermont County, OH_1455",1089 Main Rd,False,0.12293899709477257,Low,False,,,,
"RF_Clermont County, OH_0378",5447 Cedar Rd,False,0.12293613614225085,Low,False,,,,
"RF_Clermont County, OH_2685",5263 Cedar Ave,False,0.12277289129620789,Low,True,2024-10-01 23:57:41.150727,42.0,472101.0,799244.0
"RF_Clermont County, OH_4504",6108 Cedar Rd,False,0.12274815096018724,Low,False,,,,
"RF_Clermont County, OH_4225",3387 Oak Rd,False,0.12270924033634152,Low,False,,,,
"RF_Clermont County, OH_3599",944 Cedar Rd,False,0.12267199917275862,Low,False,,,,
"RF_Clermont County, OH_2663",2640 Pine Ave,False,0.12252215246066214,Low,False,,,,
"RF_Clermont County, OH_3976",2898 Maple Ave,False,0.12251271325195395,Low,False,,,,
"RF_Clermont County, OH_3486",5703 Pine Blvd,False,0.1225013753080132,Low,False,,,,
"RF_Clermont County, OH_0518",8638 Oak St,False,0.12244798749616312,Low,False,,,,
"RF_Clermont County, OH_1491",5220 Pine Ave,False,0.12244790737103746,Low,False,,,,
"RF_Clermont County, OH_4082",3960 Cedar Rd,False,0.12240129293883863,Low,False,,,,
"RF_Clermont County, OH_4156",3344 Cedar Blvd,False,0.12238221356103453,Low,False,,,,
"RF_Clermont County, OH_4315",6654 Main Ave,False,0.12230007664412575,Low,True,2024-11-15 23:57:41.150727,143.0,553611.0,791716.0
"RF_Clermont County, OH_2104",1701 Oak Blvd,False,0.12224418737406827,Low,False,,,,
"RF_Clermont County, OH_1928",1377 Maple St,False,0.12223795624175338,Low,False,,,,
"RF_Clermont County, OH_2532",4152 Oak Ave,False,0.12222248974167481,Low,False,,,,
"RF_Clermont County, OH_3513",7931 Pine St,False,0.12218272911024751,Low,False,,,,
"RF_Clermont County, OH_2648",966 Maple St,False,0.12214872651943985,Low,False,,,,
"RF_Clermont County, OH_3965",8696 Maple St,False,0.12208491151104306,Low,False,,,,
"RF_Clermont County, OH_0706",8414 Maple Rd,False,0.12207808422552771,Low,False,,,,
"RF_Clermont County, OH_2446",6151 Pine Blvd,False,0.1220709455289714,Low,False,,,,
"RF_Clermont County, OH_0285",3816 Pine Ave,False,0.12201411486013737,Low,False,,,,
"RF_Clermont County, OH_1257",8099 Pine St,False,0.12200359036514415,Low,False,,,,
"RF_Clermont County, OH_0230",3597 Main Rd,False,0.12187440713528215,Low,False,,,,
"RF_Clermont County, OH_1209",5424 Pine Ave,False,0.12184460928990505,Low,False,,,,
"RF_Clermont County, OH_1650",2138 Maple Rd,False,0.12181961040468964,Low,False,,,,
"RF_Clermont County, OH_1802",3348 Main St,False,0.12173301226364995,Low,False,,,,
"RF_Clermont County, OH_2519",9992 Oak St,False,0.12170827394023659,Low,False,,,,
"RF_Clermont County, OH_4285",5416 Main Rd,False,0.1217076768265286,Low,False,,,,
"RF_Clermont County, OH_2319",5897 Oak Ave,False,0.12169138856250535,Low,False,,,,
"RF_Clermont County, OH_3510",8135 Maple Rd,False,0.12167867993620378,Low,False,,,,
"RF_Clermont County, OH_0974",2999 Main St,False,0.12163377614696677,Low,False,,,,
"RF_Clermont County, OH_4110",3608 Pine St,False,0.12159788438704407,Low,False,,,,
"RF_Clermont County, OH_3500",9916 Main Rd,False,0.12157808389648216,Low,False,,,,
"RF_Clermont County, OH_3937",4718 Pine Ave,False,0.1214254141341623,Low,False,,,,
"RF_Clermont County, OH_3189",5338 Pine Rd,False,0.12138002253813376,Low,False,,,,
"RF_Clermont County, OH_3842",4038 Oak Ave,False,0.12134712163751753,Low,False,,,,
"RF_Clermont County, OH_2325",6792 Maple Blvd,False,0.12124414479661956,Low,False,,,,
"RF_Clermont County, OH_2634",4182 Cedar St,False,0.12119663937508936,Low,False,,,,
"RF_Clermont County, OH_1767",5528 Main Ave,False,0.12118584335412204,Low,False,,,,
"RF_Clermont County, OH_1381",9217 Maple Blvd,False,0.12114954908948904,Low,False,,,,
"RF_Clermont County, OH_4065",9271 Maple Blvd,False,0.12113802179674069,Low,True,2025-03-02 23:57:41.150727,45.0,580082.0,280521.0
"RF_Clermont County, OH_4568",5541 Oak Blvd,False,0.12111208860623028,Low,False,,,,
"RF_Clermont County, OH_1846",145 Maple Ave,False,0.12107565572159931,Low,False,,,,
"RF_Clermont County, OH_4075",3537 Maple Ave,False,0.12103492094459278,Low,False,,,,
"RF_Clermont County, OH_4818",5446 Cedar St,False,0.12100188155976938,Low,False,,,,
"RF_Clermont County, OH_2084",3505 Cedar Rd,False,0.12095801843336904,Low,False,,,,
"RF_Clermont County, OH_1236",4998 Main Blvd,False,0.1209213253217556,Low,False,,,,
"RF_Clermont County, OH_2323",1893 Cedar Blvd,False,0.12087574603261925,Low,False,,,,
"RF_Clermont County, OH_4952",7589 Pine St,False,0.12085657162861,Low,False,,,,
"RF_Clermont County, OH_4488",5324 Cedar Ave,False,0.12080775147855859,Low,False,,,,
"RF_Clermont County, OH_1098",7684 Maple Ave,False,0.12080612540969093,Low,False,,,,
"RF_Clermont County, OH_2831",9031 Cedar Rd,False,0.12078601695205364,Low,False,,,,
"RF_Clermont County, OH_1740",2900 Oak Ave,False,0.12076944780649733,Low,False,,,,
"RF_Clermont County, OH_2525",7288 Maple St,False,0.1206595068151791,Low,False,,,,
"RF_Clermont County, OH_0766",405 Cedar Rd,False,0.12057183026927634,Low,False,,,,
"RF_Clermont County, OH_0051",2265 Oak Ave,False,0.12056754862688829,Low,False,,,,
"RF_Clermont County, OH_4122",4688 Maple Ave,False,0.12053428276883803,Low,False,,,,
"RF_Clermont County, OH_3411",7316 Pine Ave,False,0.12040634874833973,Low,False,,,,
"RF_Clermont County, OH_4921",2278 Maple St,False,0.12038406671346265,Low,False,,,,
"RF_Clermont County, OH_1794",6720 Main Rd,False,0.12038276241194398,Low,False,,,,
"RF_Clermont County, OH_4978",1542 Pine Rd,False,0.12032266241317165,Low,False,,,,
"RF_Clermont County, OH_4687",6496 Maple Ave,False,0.12030991121111087,Low,False,,,,
"RF_Clermont County, OH_2723",7967 Cedar Rd,False,0.12029799405813343,Low,False,,,,
"RF_Clermont County, OH_0359",1414 Maple Ave,False,0.12022703785273292,Low,False,,,,
"RF_Clermont County, OH_0945",4394 Main Blvd,False,0.12022597381713608,Low,False,,,,
"RF_Clermont County, OH_1123",1689 Oak St,False,0.12016113010838174,Low,False,,,,
"RF_Clermont County, OH_0103",1020 Cedar St,False,0.12015539812557605,Low,False,,,,
"RF_Clermont County, OH_3811",8608 Pine Ave,False,0.12014769157516439,Low,True,2025-03-30 23:57:41.150727,26.0,535901.0,543065.0
"RF_Clermont County, OH_1843",9937 Main St,False,0.12013799363174162,Low,False,,,,
"RF_Clermont County, OH_3020",159 Main Rd,False,0.12013188238346632,Low,False,,,,
"RF_Clermont County, OH_2032",1436 Oak St,False,0.12010489287623394,Low,False,,,,
"RF_Clermont County, OH_3182",7016 Cedar Ave,False,0.11999611409719148,Low,False,,,,
"RF_Clermont County, OH_1750",7922 Main Ave,False,0.11995934249271165,Low,False,,,,
"RF_Clermont County, OH_2527",9005 Maple Rd,False,0.11990399361439005,Low,False,,,,
"RF_Clermont County, OH_3963",2871 Oak St,False,0.11986180903293149,Low,False,,,,
"RF_Clermont County, OH_4735",5790 Cedar Blvd,False,0.11983187305482054,Low,False,,,,
"RF_Clermont County, OH_3444",8997 Main Ave,False,0.11980363809256771,Low,False,,,,
"RF_Clermont County, OH_2982",3051 Cedar St,False,0.11977213653771439,Low,False,,,,
"RF_Clermont County, OH_1053",5839 Oak St,False,0.11976483935676238,Low,False,,,,
"RF_Clermont County, OH_0120",3072 Maple Rd,False,0.11975290707076132,Low,False,,,,
"RF_Clermont County, OH_3705",2775 Pine Ave,False,0.11971228278763246,Low,False,,,,
"RF_Clermont County, OH_0712",4340 Pine Blvd,False,0.11965113173758175,Low,False,,,,
"RF_Clermont County, OH_1020",4289 Pine St,False,0.11959990620374858,Low,False,,,,
"RF_Clermont County, OH_0474",1070 Oak Blvd,False,0.11950390081843937,Low,False,,,,
"RF_Clermont County, OH_1566",6315 Pine Blvd,False,0.11950004437414331,Low,False,,,,
"RF_Clermont County, OH_0707",340 Main St,False,0.11947171278430023,Low,False,,,,
"RF_Clermont County, OH_3831",4228 Cedar Ave,False,0.11944194079328442,Low,False,,,,
"RF_Clermont County, OH_2212",3842 Pine Blvd,False,0.11944032909373878,Low,False,,,,
"RF_Clermont County, OH_2321",8666 Main Blvd,False,0.11937905282714138,Low,False,,,,
"RF_Clermont County, OH_0736",986 Oak Rd,False,0.11928204548702624,Low,True,2025-07-02 23:57:41.150727,124.0,694158.0,412015.0
"RF_Clermont County, OH_1521",7140 Pine Blvd,False,0.11921417056410377,Low,False,,,,
"RF_Clermont County, OH_1730",4679 Maple Ave,False,0.11904158528515274,Low,False,,,,
"RF_Clermont County, OH_3698",3516 Pine Ave,False,0.11902847813166852,Low,False,,,,
"RF_Clermont County, OH_0282",4489 Cedar Ave,False,0.11900527363467009,Low,True,2025-01-06 23:57:41.150727,164.0,659969.0,536209.0
"RF_Clermont County, OH_3443",266 Cedar Blvd,False,0.1189859592547566,Low,False,,,,
"RF_Clermont County, OH_3838",6229 Oak Rd,False,0.11897911810788467,Low,False,,,,
"RF_Clermont County, OH_3077",1146 Cedar Ave,False,0.11892823903474735,Low,False,,,,
"RF_Clermont County, OH_3152",4160 Main Blvd,False,0.11890275771255245,Low,False,,,,
"RF_Clermont County, OH_3428",8736 Oak St,False,0.11888664063519078,Low,False,,,,
"RF_Clermont County, OH_4672",3578 Oak Ave,False,0.1188577284295545,Low,False,,,,
"RF_Clermont County, OH_4788",4140 Main Rd,False,0.11875697053851385,Low,False,,,,
"RF_Clermont County, OH_2966",7193 Main Rd,False,0.11875622487215798,Low,False,,,,
"RF_Clermont County, OH_3147",6248 Cedar Rd,False,0.11875409503128678,Low,False,,,,
"RF_Clermont County, OH_3545",7634 Maple Ave,False,0.11874934866864145,Low,False,,,,
"RF_Clermont County, OH_0613",6014 Main St,False,0.11873785382936375,Low,False,,,,
"RF_Clermont County, OH_3220",9466 Maple Rd,False,0.11871493235004296,Low,False,,,,
"RF_Clermont County, OH_1694",3614 Main Ave,False,0.11871103956922656,Low,False,,,,
"RF_Clermont County, OH_1752",6645 Cedar Blvd,False,0.11865786753997275,Low,False,,,,
"RF_Clermont County, OH_2276",4392 Main Rd,False,0.11863235749833499,Low,False,,,,
"RF_Clermont County, OH_3078",2935 Oak Rd,False,0.11861802131322313,Low,False,,,,
"RF_Clermont County, OH_3446",741 Oak Ave,False,0.1186164925142243,Low,False,,,,
"RF_Clermont County, OH_1641",1445 Oak Ave,False,0.118567304730765,Low,False,,,,
"RF_Clermont County, OH_4356",7535 Cedar St,False,0.11855174156127034,Low,False,,,,
"RF_Clermont County, OH_3936",141 Oak Ave,False,0.1185392712213537,Low,False,,,,
"RF_Clermont County, OH_4586",3645 Maple St,False,0.11850867307302392,Low,False,,,,
"RF_Clermont County, OH_2945",2690 Oak St,False,0.11848737801044155,Low,False,,,,
"RF_Clermont County, OH_1565",1440 Maple Ave,False,0.1184827221927615,Low,False,,,,
"RF_Clermont County, OH_1252",2088 Maple Ave,False,0.11845068369472826,Low,True,2024-10-14 23:57:41.150727,152.0,274755.0,300768.0
"RF_Clermont County, OH_2064",2660 Main Rd,False,0.11840420884865523,Low,False,,,,
"RF_Clermont County, OH_4172",3283 Maple St,False,0.118374851008468,Low,True,2024-11-30 23:57:41.150727,170.0,300089.0,310313.0
"RF_Clermont County, OH_0976",4602 Maple Rd,False,0.11832437407099672,Low,True,2025-07-27 23:57:41.150727,148.0,377585.0,718625.0
"RF_Clermont County, OH_4145",3124 Cedar St,False,0.11830690501620718,Low,False,,,,
"RF_Clermont County, OH_0631",4514 Pine St,False,0.11825392826288364,Low,False,,,,
"RF_Clermont County, OH_0633",7413 Pine St,False,0.11821380637132677,Low,False,,,,
"RF_Clermont County, OH_2764",6859 Pine St,False,0.11819709457785976,Low,False,,,,
"RF_Clermont County, OH_1858",9195 Maple Blvd,False,0.11813633249958394,Low,False,,,,
"RF_Clermont County, OH_2799",9353 Pine Blvd,False,0.11812233591741524,Low,False,,,,
"RF_Clermont County, OH_1341",2893 Oak St,False,0.1180760807891915,Low,False,,,,
"RF_Clermont County, OH_3851",1426 Cedar Blvd,False,0.11804220141439382,Low,False,,,,
"RF_Clermont County, OH_4484",3534 Pine St,False,0.1179781560586319,Low,False,,,,
"RF_Clermont County, OH_0259",4535 Pine Ave,False,0.1179679706385843,Low,True,2025-05-10 23:57:41.150727,35.0,316378.0,219304.0
"RF_Clermont County, OH_2616",8541 Cedar Ave,False,0.11793688337854118,Low,False,,,,
"RF_Clermont County, OH_3768",9599 Oak Rd,False,0.11786287953820546,Low,False,,,,
"RF_Clermont County, OH_3221",5814 Pine Rd,False,0.11783604785236124,Low,False,,,,
"RF_Clermont County, OH_1553",7545 Cedar Blvd,False,0.11775859048673733,Low,False,,,,
"RF_Clermont County, OH_0443",2384 Pine Blvd,False,0.11775743814890767,Low,False,,,,
"RF_Clermont County, OH_0128",7435 Maple Ave,False,0.11774635091785095,Low,False,,,,
"RF_Clermont County, OH_4461",9379 Cedar Ave,False,0.11762880904879244,Low,False,,,,
"RF_Clermont County, OH_0899",3129 Main Blvd,False,0.11761468673943935,Low,False,,,,
"RF_Clermont County, OH_3065",1776 Oak Ave,False,0.11760927260508833,Low,False,,,,
"RF_Clermont County, OH_2677",2993 Main St,False,0.11753640072415418,Low,False,,,,
"RF_Clermont County, OH_3145",9154 Main Ave,False,0.11750642830015043,Low,False,,,,
"RF_Clermont County, OH_1994",9486 Maple Ave,False,0.1174975273977832,Low,False,,,,
"RF_Clermont County, OH_4322",923 Cedar Rd,False,0.11738511352259696,Low,False,,,,
"RF_Clermont County, OH_1716",2903 Cedar Blvd,False,0.11735395743253844,Low,False,,,,
"RF_Clermont County, OH_0733",7816 Main Rd,False,0.11732609088322415,Low,False,,,,
"RF_Clermont County, OH_3974",1012 Oak St,False,0.1172597880296485,Low,False,,,,
"RF_Clermont County, OH_4357",5631 Cedar Ave,False,0.1172583898799989,Low,False,,,,
"RF_Clermont County, OH_2874",5978 Pine Ave,False,0.11722097383995668,Low,False,,,,
"RF_Clermont County, OH_3473",531 Pine Ave,False,0.11706737400246539,Low,False,,,,
"RF_Clermont County, OH_3327",2479 Oak Rd,False,0.11706708527959808,Low,True,2025-06-29 23:57:41.150727,58.0,781542.0,576544.0
"RF_Clermont County, OH_4570",9976 Pine Ave,False,0.1170125226223034,Low,False,,,,
"RF_Clermont County, OH_4967",2982 Main Blvd,False,0.11699060487885447,Low,False,,,,
"RF_Clermont County, OH_1551",8385 Cedar Blvd,False,0.11695835843496825,Low,False,,,,
"RF_Clermont County, OH_0600",6826 Cedar Rd,False,0.11694021518161628,Low,False,,,,
"RF_Clermont County, OH_4678",5669 Pine St,False,0.1169312633344722,Low,False,,,,
"RF_Clermont County, OH_1144",1575 Pine Blvd,False,0.11685323793138631,Low,False,,,,
"RF_Clermont County, OH_1089",4909 Oak St,False,0.11684448082046542,Low,False,,,,
"RF_Clermont County, OH_4377",7825 Oak Blvd,False,0.11683982635135659,Low,False,,,,
"RF_Clermont County, OH_0517",1347 Maple Ave,False,0.11683540132027208,Low,True,2025-07-02 23:57:41.150727,174.0,513066.0,683111.0
"RF_Clermont County, OH_1638",4207 Oak Blvd,False,0.11681798378546962,Low,False,,,,
"RF_Clermont County, OH_2369",2665 Main Rd,False,0.11680624632202694,Low,False,,,,
"RF_Clermont County, OH_0512",8441 Cedar Rd,False,0.11679458322740079,Low,True,2025-03-01 23:57:41.150727,130.0,470644.0,699987.0
"RF_Clermont County, OH_4185",5472 Main St,False,0.11676940948017855,Low,False,,,,
"RF_Clermont County, OH_2175",4222 Oak Rd,False,0.11675962931001463,Low,False,,,,
"RF_Clermont County, OH_0678",5761 Cedar Ave,False,0.11673569548679677,Low,False,,,,
"RF_Clermont County, OH_1296",7444 Pine Ave,False,0.11666933099940302,Low,False,,,,
"RF_Clermont County, OH_0251",8176 Oak Rd,False,0.11652200195420022,Low,False,,,,
"RF_Clermont County, OH_0718",5371 Pine Blvd,False,0.11652116060477714,Low,False,,,,
"RF_Clermont County, OH_4176",7997 Cedar St,False,0.11651870370328868,Low,False,,,,
"RF_Clermont County, OH_4560",1597 Cedar Ave,False,0.11649376429636632,Low,True,2025-03-23 23:57:41.150727,124.0,377621.0,353059.0
"RF_Clermont County, OH_0637",6457 Main Blvd,False,0.11649150923759657,Low,False,,,,
"RF_Clermont County, OH_2942",5967 Pine St,False,0.11645429348997789,Low,False,,,,
"RF_Clermont County, OH_1092",7591 Cedar Rd,False,0.11644814394025542,Low,False,,,,
"RF_Clermont County, OH_4629",5738 Main Ave,False,0.11643738110882278,Low,False,,,,
"RF_Clermont County, OH_4803",1125 Pine Rd,False,0.11643643830555708,Low,False,,,,
"RF_Clermont County, OH_0129",3632 Pine Ave,False,0.11641699240858994,Low,False,,,,
"RF_Clermont County, OH_4493",4222 Cedar Ave,False,0.11640293015150739,Low,False,,,,
"RF_Clermont County, OH_3491",9955 Cedar Ave,False,0.11638337510862343,Low,False,,,,
"RF_Clermont County, OH_1508",4902 Maple Rd,False,0.11636954232125168,Low,False,,,,
"RF_Clermont County, OH_2452",1520 Maple St,False,0.11636397919619232,Low,False,,,,
"RF_Clermont County, OH_0556",2380 Pine Rd,False,0.11631663196971058,Low,False,,,,
"RF_Clermont County, OH_1248",3855 Main St,False,0.11629772864282317,Low,False,,,,
"RF_Clermont County, OH_3803",2741 Main Blvd,False,0.11628927367815488,Low,False,,,,
"RF_Clermont County, OH_0439",9977 Pine St,False,0.11628921801472471,Low,True,2024-11-02 23:57:41.150727,43.0,390957.0,801932.0
"RF_Clermont County, OH_1170",9012 Pine Blvd,False,0.1162470068906442,Low,False,,,,
"RF_Clermont County, OH_1528",2292 Pine St,False,0.11621218230746809,Low,False,,,,
"RF_Clermont County, OH_4186",2447 Oak Rd,False,0.11606983175450114,Low,False,,,,
"RF_Clermont County, OH_3210",604 Main St,False,0.11603452495912765,Low,False,,,,
"RF_Clermont County, OH_2521",3602 Maple Rd,False,0.11600307833039973,Low,False,,,,
"RF_Clermont County, OH_1688",2568 Main Rd,False,0.11599272229949523,Low,False,,,,
"RF_Clermont County, OH_2231",7314 Cedar Ave,False,0.11598336359210851,Low,False,,,,
"RF_Clermont County, OH_3429",8578 Oak St,False,0.11588732039518732,Low,True,2024-11-16 23:57:41.150727,111.0,456103.0,738059.0
"RF_Clermont County, OH_2809",2710 Oak Rd,False,0.11587690752040196,Low,False,,,,
"RF_Clermont County, OH_4509",2340 Cedar Blvd,False,0.11582783715849601,Low,False,,,,
"RF_Clermont County, OH_3772",5201 Maple Ave,False,0.11573513037913802,Low,True,2025-01-13 23:57:41.150727,94.0,510230.0,485884.0
"RF_Clermont County, OH_0687",7485 Oak Blvd,False,0.11566471687694914,Low,False,,,,
"RF_Clermont County, OH_4071",7613 Oak Blvd,False,0.11563270537237996,Low,False,,,,
"RF_Clermont County, OH_1304",9544 Cedar Blvd,False,0.11557250094491507,Low,False,,,,
"RF_Clermont County, OH_4615",7399 Cedar Blvd,False,0.11554381330596832,Low,False,,,,
"RF_Clermont County, OH_0688",1092 Cedar Rd,False,0.11548700810460803,Low,False,,,,
"RF_Clermont County, OH_2186",4052 Cedar Rd,False,0.11541037787301546,Low,False,,,,
"RF_Clermont County, OH_3231",2916 Maple Blvd,False,0.11536590044885699,Low,False,,,,
"RF_Clermont County, OH_0485",827 Main Blvd,False,0.11531029625502585,Low,False,,,,
"RF_Clermont County, OH_4860",4835 Cedar Ave,False,0.1153089172812163,Low,False,,,,
"RF_Clermont County, OH_4395",2607 Main Rd,False,0.11530616142325772,Low,False,,,,
"RF_Clermont County, OH_4406",4878 Maple St,False,0.11526906435490096,Low,False,,,,
"RF_Clermont County, OH_4778",7798 Maple Rd,False,0.1152679862663617,Low,False,,,,
"RF_Clermont County, OH_4793",1199 Maple Rd,False,0.11523733852524741,Low,False,,,,
"RF_Clermont County, OH_4401",6211 Cedar St,False,0.11521085102065573,Low,False,,,,
"RF_Clermont County, OH_4120",1169 Pine Ave,False,0.11516307596391964,Low,False,,,,
"RF_Clermont County, OH_3804",3538 Main Ave,False,0.11514264296999692,Low,True,2025-06-24 23:57:41.150727,134.0,198664.0,305866.0
"RF_Clermont County, OH_3036",2405 Cedar St,False,0.11508430770306444,Low,False,,,,
"RF_Clermont County, OH_0923",5220 Main Ave,False,0.11501988657898109,Low,False,,,,
"RF_Clermont County, OH_1971",7108 Pine St,False,0.11490043357030139,Low,False,,,,
"RF_Clermont County, OH_4496",3552 Maple Ave,False,0.11489046878940197,Low,False,,,,
"RF_Clermont County, OH_1934",2111 Maple Ave,False,0.11485608480456919,Low,False,,,,
"RF_Clermont County, OH_4770",3205 Cedar Blvd,False,0.11483172624235564,Low,False,,,,
"RF_Clermont County, OH_4970",4211 Cedar St,False,0.11481267903724725,Low,False,,,,
"RF_Clermont County, OH_4419",2675 Maple Ave,False,0.1148122023376778,Low,False,,,,
"RF_Clermont County, OH_0294",6523 Pine St,False,0.11479721183844523,Low,False,,,,
"RF_Clermont County, OH_0690",6006 Maple Ave,False,0.11479712593736947,Low,False,,,,
"RF_Clermont County, OH_2023",9094 Main Rd,False,0.11479578500584851,Low,True,2025-07-07 23:57:41.150727,145.0,330099.0,812322.0
"RF_Clermont County, OH_1911",2649 Oak Blvd,False,0.11479237356632363,Low,False,,,,
"RF_Clermont County, OH_0464",5797 Pine St,False,0.1147585468915343,Low,True,2024-11-07 23:57:41.150727,71.0,360896.0,612164.0
"RF_Clermont County, OH_1452",3028 Cedar Rd,False,0.11467752872440436,Low,False,,,,
"RF_Clermont County, OH_2952",211 Pine Rd,False,0.11467520525895263,Low,False,,,,
"RF_Clermont County, OH_4160",1460 Oak St,False,0.11465822167712693,Low,False,,,,
"RF_Clermont County, OH_0618",8451 Pine Rd,False,0.11462653939219261,Low,False,,,,
"RF_Clermont County, OH_3293",5279 Pine St,False,0.11459666947455663,Low,False,,,,
"RF_Clermont County, OH_3648",985 Oak Ave,False,0.11458977180836666,Low,False,,,,
"RF_Clermont County, OH_2153",2056 Main Rd,False,0.11458493638492111,Low,False,,,,
"RF_Clermont County, OH_2520",5464 Maple Ave,False,0.11456159011569352,Low,False,,,,
"RF_Clermont County, OH_4182",4439 Main St,False,0.11455839085612785,Low,True,2025-02-27 23:57:41.150727,34.0,245171.0,401352.0
"RF_Clermont County, OH_2113",3011 Oak St,False,0.11455203331947189,Low,False,,,,
"RF_Clermont County, OH_3807",4050 Cedar Ave,False,0.114494643189558,Low,False,,,,
"RF_Clermont County, OH_4426",4782 Pine St,False,0.11445660091352036,Low,False,,,,
"RF_Clermont County, OH_2558",5982 Cedar Ave,False,0.11444961145423807,Low,False,,,,
"RF_Clermont County, OH_0222",1273 Maple Rd,False,0.11439165881923029,Low,False,,,,
"RF_Clermont County, OH_4810",2250 Maple St,False,0.11436849919350174,Low,True,2024-11-30 23:57:41.150727,27.0,781134.0,268915.0
"RF_Clermont County, OH_4433",4955 Oak St,False,0.11435034879937439,Low,False,,,,
"RF_Clermont County, OH_3089",4813 Pine Rd,False,0.11429965435800282,Low,False,,,,
"RF_Clermont County, OH_2526",2303 Main Ave,False,0.11423525130164325,Low,False,,,,
"RF_Clermont County, OH_3307",1977 Pine Rd,False,0.11423116422257203,Low,False,,,,
"RF_Clermont County, OH_4676",3253 Oak Blvd,False,0.1142306760595583,Low,False,,,,
"RF_Clermont County, OH_1923",6458 Main Rd,False,0.1141974948061929,Low,False,,,,
"RF_Clermont County, OH_3777",4687 Cedar Ave,False,0.11418821114391765,Low,False,,,,
"RF_Clermont County, OH_3991",5231 Cedar Ave,False,0.11412987470200506,Low,False,,,,
"RF_Clermont County, OH_3256",6736 Pine Ave,False,0.11406271380528106,Low,False,,,,
"RF_Clermont County, OH_3890",6523 Main Rd,False,0.11404145242333949,Low,False,,,,
"RF_Clermont County, OH_4890",2449 Pine St,False,0.11403841663047422,Low,False,,,,
"RF_Clermont County, OH_1816",3476 Oak St,False,0.11401392010042,Low,False,,,,
"RF_Clermont County, OH_0320",4292 Oak Rd,False,0.11397223159622977,Low,False,,,,
"RF_Clermont County, OH_4252",3420 Cedar Blvd,False,0.11391631230839899,Low,False,,,,
"RF_Clermont County, OH_2500",5194 Oak Blvd,False,0.11389024111827754,Low,False,,,,
"RF_Clermont County, OH_2317",577 Maple St,False,0.11386453403311256,Low,False,,,,
"RF_Clermont County, OH_4733",2435 Maple Ave,False,0.11384199208359613,Low,False,,,,
"RF_Clermont County, OH_1427",5462 Main Rd,False,0.11373912984708606,Low,False,,,,
"RF_Clermont County, OH_2714",4101 Oak Rd,False,0.11373287060012956,Low,False,,,,
"RF_Clermont County, OH_0352",8780 Oak Rd,False,0.1136970098931786,Low,False,,,,
"RF_Clermont County, OH_2199",9791 Oak Ave,False,0.1136838850342913,Low,False,,,,
"RF_Clermont County, OH_1129",9127 Cedar St,False,0.11359778466632078,Low,False,,,,
"RF_Clermont County, OH_2190",2278 Oak Blvd,False,0.11351980278432663,Low,False,,,,
"RF_Clermont County, OH_3488",8806 Cedar St,False,0.11347048726828371,Low,False,,,,
"RF_Clermont County, OH_1789",7150 Maple Blvd,False,0.11345653991128773,Low,False,,,,
"RF_Clermont County, OH_3559",8906 Main Blvd,False,0.11345081823725546,Low,False,,,,
"RF_Clermont County, OH_0683",9380 Cedar Blvd,False,0.11339185095947517,Low,False,,,,
"RF_Clermont County, OH_2927",5506 Pine Ave,False,0.11339102865274117,Low,False,,,,
"RF_Clermont County, OH_3716",9462 Main St,False,0.11336728635404475,Low,False,,,,
"RF_Clermont County, OH_4747",457 Cedar Ave,False,0.11335049358124283,Low,True,2025-06-22 23:57:41.150727,22.0,413234.0,259662.0
"RF_Clermont County, OH_4350",1892 Cedar St,False,0.11332789059875263,Low,False,,,,
"RF_Clermont County, OH_2095",7189 Maple Blvd,False,0.11323850028002211,Low,False,,,,
"RF_Clermont County, OH_0689",5687 Oak Ave,False,0.1131785981425903,Low,False,,,,
"RF_Clermont County, OH_2130",3071 Oak Ave,False,0.11313788133581747,Low,True,2025-06-25 23:57:41.150727,18.0,573538.0,509743.0
"RF_Clermont County, OH_3514",7678 Main Ave,False,0.11310291424358507,Low,False,,,,
"RF_Clermont County, OH_1569",3364 Cedar St,False,0.11309438172336632,Low,False,,,,
"RF_Clermont County, OH_0376",1058 Cedar St,False,0.1130896449562372,Low,False,,,,
"RF_Clermont County, OH_4652",1898 Oak St,False,0.11307194547163354,Low,False,,,,
"RF_Clermont County, OH_3891",2178 Oak Rd,False,0.11304979593060936,Low,False,,,,
"RF_Clermont County, OH_0453",5831 Oak Blvd,False,0.11303812687111395,Low,False,,,,
"RF_Clermont County, OH_4011",3834 Oak Ave,False,0.11302324112959099,Low,False,,,,
"RF_Clermont County, OH_4941",4071 Cedar Rd,False,0.11290006302358074,Low,False,,,,
"RF_Clermont County, OH_0903",7270 Pine Rd,False,0.11285124081228091,Low,False,,,,
"RF_Clermont County, OH_0860",7737 Maple Rd,False,0.11284741186346489,Low,False,,,,
"RF_Clermont County, OH_4218",8860 Maple Blvd,False,0.11278618558236514,Low,False,,,,
"RF_Clermont County, OH_0929",7110 Cedar Rd,False,0.11268249201610542,Low,False,,,,
"RF_Clermont County, OH_0814",6455 Maple Blvd,False,0.11266390729436028,Low,False,,,,
"RF_Clermont County, OH_4258",5299 Pine Rd,False,0.1126364159971606,Low,False,,,,
"RF_Clermont County, OH_4734",3242 Maple Blvd,False,0.11263140959652651,Low,False,,,,
"RF_Clermont County, OH_0035",6471 Pine Rd,False,0.11261342749833439,Low,False,,,,
"RF_Clermont County, OH_0514",1199 Cedar St,False,0.1125795158697096,Low,False,,,,
"RF_Clermont County, OH_4584",642 Maple Ave,False,0.11257736188078044,Low,True,2024-11-20 23:57:41.150727,88.0,522141.0,429879.0
"RF_Clermont County, OH_2981",767 Maple Ave,False,0.11250022600186795,Low,False,,,,
"RF_Clermont County, OH_3673",3870 Pine Rd,False,0.11246466497090861,Low,False,,,,
"RF_Clermont County, OH_3686",6132 Pine St,False,0.11244104318395136,Low,False,,,,
"RF_Clermont County, OH_2345",4943 Maple Ave,False,0.11243113732875006,Low,False,,,,
"RF_Clermont County, OH_1362",624 Pine Rd,False,0.11242616163862049,Low,False,,,,
"RF_Clermont County, OH_2974",6960 Maple Rd,False,0.11239783543850006,Low,False,,,,
"RF_Clermont County, OH_1886",6815 Cedar Ave,False,0.11237242715381049,Low,True,2024-10-11 23:57:41.150727,130.0,746591.0,722976.0
"RF_Clermont County, OH_1224",9638 Cedar Blvd,False,0.11237156943807,Low,False,,,,
"RF_Clermont County, OH_3940",3976 Main Blvd,False,0.11236181788174904,Low,False,,,,
"RF_Clermont County, OH_3858",1359 Maple Ave,False,0.11235994290324552,Low,False,,,,
"RF_Clermont County, OH_1797",3483 Maple Ave,False,0.11235366369292173,Low,False,,,,
"RF_Clermont County, OH_1305",8814 Oak Ave,False,0.11235236229303214,Low,False,,,,
"RF_Clermont County, OH_0184",3343 Oak Ave,False,0.11232887551938024,Low,False,,,,
"RF_Clermont County, OH_1005",2887 Maple Blvd,False,0.11232706834703941,Low,False,,,,
"RF_Clermont County, OH_0254",5073 Main Rd,False,0.11227520713394588,Low,False,,,,
"RF_Clermont County, OH_3966",8299 Oak St,False,0.11226923326197709,Low,False,,,,
"RF_Clermont County, OH_0786",7485 Oak Rd,False,0.11225307720177681,Low,False,,,,
"RF_Clermont County, OH_4341",333 Cedar Ave,False,0.11223343884360623,Low,False,,,,
"RF_Clermont County, OH_1810",1182 Main Blvd,False,0.11221355096357247,Low,False,,,,
"RF_Clermont County, OH_3987",8233 Oak St,False,0.11220270710124852,Low,True,2024-09-15 23:57:41.150727,91.0,449490.0,632269.0
"RF_Clermont County, OH_1102",1873 Oak Blvd,False,0.11214115749328812,Low,False,,,,
"RF_Clermont County, OH_3521",9179 Pine St,False,0.1121113910852297,Low,False,,,,
"RF_Clermont County, OH_1043",131 Cedar Blvd,False,0.1120929415507375,Low,False,,,,
"RF_Clermont County, OH_4740",8853 Maple St,False,0.11206696445898869,Low,False,,,,
"RF_Clermont County, OH_4682",8949 Maple Ave,False,0.11197495435258994,Low,False,,,,
"RF_Clermont County, OH_3814",9946 Cedar Blvd,False,0.11196295911936167,Low,True,2025-06-29 23:57:41.150727,128.0,519270.0,743415.0
"RF_Clermont County, OH_2932",2368 Maple Blvd,False,0.11192942008425248,Low,False,,,,
"RF_Clermont County, OH_2573",5021 Pine Blvd,False,0.11190475574865631,Low,False,,,,
"RF_Clermont County, OH_1791",4091 Oak Ave,False,0.11188522640997212,Low,False,,,,
"RF_Clermont County, OH_4520",7015 Oak Rd,False,0.11188258552039389,Low,False,,,,
"RF_Clermont County, OH_2853",9572 Pine Ave,False,0.11184087195349164,Low,False,,,,
"RF_Clermont County, OH_0438",616 Oak St,False,0.11183802879416235,Low,False,,,,
"RF_Clermont County, OH_3537",8463 Pine Blvd,False,0.11183012571947507,Low,False,,,,
"RF_Clermont County, OH_1360",7428 Main Rd,False,0.11181910296255612,Low,False,,,,
"RF_Clermont County, OH_1253",8514 Pine Blvd,False,0.1118077044325423,Low,False,,,,
"RF_Clermont County, OH_2938",316 Main Rd,False,0.11180295563480017,Low,False,,,,
"RF_Clermont County, OH_3970",9352 Oak Ave,False,0.11177619579774246,Low,False,,,,
"RF_Clermont County, OH_1987",5469 Maple Ave,False,0.11176123275200125,Low,False,,,,
"RF_Clermont County, OH_3049",4802 Pine Ave,False,0.11175127814079334,Low,False,,,,
"RF_Clermont County, OH_1548",2860 Pine Rd,False,0.11174165104296585,Low,False,,,,
"RF_Clermont County, OH_1640",2768 Pine Blvd,False,0.11170150442929927,Low,False,,,,
"RF_Clermont County, OH_1004",7995 Main Rd,False,0.11161741741976561,Low,False,,,,
"RF_Clermont County, OH_0076",881 Main St,False,0.11156657104721256,Low,False,,,,
"RF_Clermont County, OH_3755",7931 Main St,False,0.11151981173538124,Low,False,,,,
"RF_Clermont County, OH_0891",3802 Maple Ave,False,0.1114949548330127,Low,True,2025-05-27 23:57:41.150727,92.0,560796.0,755514.0
"RF_Clermont County, OH_4242",104 Main Blvd,False,0.11149468039723164,Low,False,,,,
"RF_Clermont County, OH_3001",4398 Main St,False,0.11148878960426042,Low,True,2025-07-15 23:57:41.150727,94.0,521939.0,771270.0
"RF_Clermont County, OH_4415",4628 Maple Rd,False,0.11147379909436757,Low,False,,,,
"RF_Clermont County, OH_0789",7947 Oak Blvd,False,0.11145185859563131,Low,True,2025-04-16 23:57:41.150727,29.0,181175.0,550616.0
"RF_Clermont County, OH_2965",2476 Main Ave,False,0.11143864702018814,Low,False,,,,
"RF_Clermont County, OH_1448",3345 Oak St,False,0.11143262732560831,Low,True,2024-08-30 23:57:41.150727,119.0,604084.0,801502.0
"RF_Clermont County, OH_0084",7826 Oak Blvd,False,0.11141820450279043,Low,False,,,,
"RF_Clermont County, OH_3155",1406 Maple St,False,0.11136332721755478,Low,False,,,,
"RF_Clermont County, OH_3150",5257 Cedar Ave,False,0.11134532337322457,Low,False,,,,
"RF_Clermont County, OH_0052",352 Maple Blvd,False,0.1113318374857643,Low,False,,,,
"RF_Clermont County, OH_3369",6868 Oak Ave,False,0.11132858277806121,Low,False,,,,
"RF_Clermont County, OH_3999",2784 Oak Ave,False,0.11127514767236064,Low,True,2024-08-08 23:57:41.150727,141.0,703443.0,485265.0
"RF_Clermont County, OH_4543",6622 Cedar Rd,False,0.11127103213273727,Low,True,2024-10-11 23:57:41.150727,114.0,516631.0,456371.0
"RF_Clermont County, OH_3949",7662 Cedar Ave,False,0.1112387764851467,Low,True,2024-09-20 23:57:41.150727,36.0,639579.0,166467.0
"RF_Clermont County, OH_4196",6418 Maple Blvd,False,0.11121488548679652,Low,False,,,,
"RF_Clermont County, OH_1085",3060 Pine Blvd,False,0.11120882007536573,Low,False,,,,
"RF_Clermont County, OH_3141",172 Oak Rd,False,0.11120292306503807,Low,False,,,,
"RF_Clermont County, OH_2431",4119 Pine Ave,False,0.11120198075132023,Low,False,,,,
"RF_Clermont County, OH_2085",4992 Oak St,False,0.11119411346399106,Low,False,,,,
"RF_Clermont County, OH_0307",3097 Pine Ave,False,0.11116359486927357,Low,False,,,,
"RF_Clermont County, OH_4498",6934 Maple Ave,False,0.11112781392111297,Low,False,,,,
"RF_Clermont County, OH_0043",9530 Pine Ave,False,0.1111172585255145,Low,False,,,,
"RF_Clermont County, OH_2637",9456 Oak Rd,False,0.11111127577299434,Low,False,,,,
"RF_Clermont County, OH_4774",6425 Cedar Ave,False,0.11108051056225195,Low,False,,,,
"RF_Clermont County, OH_4581",5995 Cedar Blvd,False,0.11105463342888201,Low,False,,,,
"RF_Clermont County, OH_2189",9889 Pine Rd,False,0.11104767603347636,Low,False,,,,
"RF_Clermont County, OH_1056",3577 Cedar St,False,0.1110417684949293,Low,False,,,,
"RF_Clermont County, OH_1510",3989 Oak Blvd,False,0.11103034533983203,Low,False,,,,
"RF_Clermont County, OH_3904",9559 Maple Rd,False,0.11102549134565119,Low,False,,,,
"RF_Clermont County, OH_3602",5097 Oak Rd,False,0.1110250748373784,Low,False,,,,
"RF_Clermont County, OH_2435",4899 Oak Rd,False,0.11099536221692585,Low,False,,,,
"RF_Clermont County, OH_1728",4791 Pine Ave,False,0.11096908982756777,Low,True,2025-04-28 23:57:41.150727,70.0,503221.0,373776.0
"RF_Clermont County, OH_3487",1557 Main Ave,False,0.11094128567335323,Low,False,,,,
"RF_Clermont County, OH_1481",5643 Pine St,False,0.11091795538414079,Low,False,,,,
"RF_Clermont County, OH_4273",5496 Pine Rd,False,0.11089815659902386,Low,False,,,,
"RF_Clermont County, OH_4097",2674 Oak Rd,False,0.11088848342827008,Low,False,,,,
"RF_Clermont County, OH_3631",3448 Maple Blvd,False,0.11087466543853577,Low,False,,,,
"RF_Clermont County, OH_1403",8475 Oak St,False,0.11087459267238542,Low,False,,,,
"RF_Clermont County, OH_4193",9162 Main Rd,False,0.11087154367738292,Low,True,2025-04-19 23:57:41.150727,78.0,704379.0,819509.0
"RF_Clermont County, OH_0490",5494 Main Ave,False,0.11080559520727132,Low,False,,,,
"RF_Clermont County, OH_3664",7140 Main St,False,0.11075869753806905,Low,False,,,,
"RF_Clermont County, OH_0165",4099 Maple Blvd,False,0.11074228861355585,Low,False,,,,
"RF_Clermont County, OH_4020",1996 Maple St,False,0.11073764215032764,Low,False,,,,
"RF_Clermont County, OH_1017",419 Oak St,False,0.11072160004382199,Low,False,,,,
"RF_Clermont County, OH_1231",1372 Oak St,False,0.1107141696472032,Low,False,,,,
"RF_Clermont County, OH_0877",305 Cedar Ave,False,0.11070339991306141,Low,False,,,,
"RF_Clermont County, OH_3058",1431 Pine Blvd,False,0.110683742327152,Low,True,2024-12-27 23:57:41.150727,101.0,642046.0,323859.0
"RF_Clermont County, OH_3099",8602 Main St,False,0.11065485492689474,Low,False,,,,
"RF_Clermont County, OH_1598",1604 Oak St,False,0.11063618416351426,Low,False,,,,
"RF_Clermont County, OH_2736",1293 Main Ave,False,0.1106208927719869,Low,False,,,,
"RF_Clermont County, OH_1696",2538 Oak Blvd,False,0.11059289131340962,Low,False,,,,
"RF_Clermont County, OH_3636",1390 Pine Ave,False,0.1105828204938023,Low,False,,,,
"RF_Clermont County, OH_2123",9904 Cedar Rd,False,0.11056709186355151,Low,True,2024-12-11 23:57:41.150727,63.0,430278.0,808173.0
"RF_Clermont County, OH_0671",2205 Oak Ave,False,0.1104934988189312,Low,False,,,,
"RF_Clermont County, OH_3685",2511 Maple Blvd,False,0.1104815961566121,Low,False,,,,
"RF_Clermont County, OH_4409",7811 Cedar Blvd,False,0.11046886230283558,Low,True,2024-12-24 23:57:41.150727,156.0,582079.0,425544.0
"RF_Clermont County, OH_0131",9602 Oak Rd,False,0.11046869517057856,Low,False,,,,
"RF_Clermont County, OH_2157",1458 Cedar St,False,0.11043336222133211,Low,False,,,,
"RF_Clermont County, OH_1933",336 Oak Blvd,False,0.11038948724748239,Low,False,,,,
"RF_Clermont County, OH_2902",222 Maple Rd,False,0.11032752616669146,Low,False,,,,
"RF_Clermont County, OH_1212",2963 Oak Rd,False,0.11032345723997723,Low,False,,,,
"RF_Clermont County, OH_0574",7410 Maple Ave,False,0.11031222878099067,Low,False,,,,
"RF_Clermont County, OH_0960",2413 Main Blvd,False,0.11028994803047118,Low,True,2024-09-01 23:57:41.150727,65.0,302564.0,642950.0
"RF_Clermont County, OH_2004",7299 Pine Ave,False,0.11028686868875787,Low,False,,,,
"RF_Clermont County, OH_3370",5304 Oak Rd,False,0.11028366224061159,Low,True,2024-12-01 23:57:41.150727,79.0,405249.0,497950.0
"RF_Clermont County, OH_4284",8817 Maple Blvd,False,0.11027092075284872,Low,False,,,,
"RF_Clermont County, OH_0572",3548 Oak St,False,0.11022364548999675,Low,False,,,,
"RF_Clermont County, OH_1653",4700 Cedar Ave,False,0.11019719571523963,Low,False,,,,
"RF_Clermont County, OH_0179",8476 Maple St,False,0.11018237329252362,Low,True,2025-06-23 23:57:41.150727,175.0,514193.0,782094.0
"RF_Clermont County, OH_1743",6654 Maple Rd,False,0.11017774937862444,Low,False,,,,
"RF_Clermont County, OH_4130",5309 Oak Ave,False,0.11016014191903645,Low,False,,,,
"RF_Clermont County, OH_2665",3363 Pine St,False,0.110130895334635,Low,False,,,,
"RF_Clermont County, OH_2318",3701 Main St,False,0.11010907605347392,Low,False,,,,
"RF_Clermont County, OH_0056",5989 Oak Blvd,False,0.11009288453346586,Low,False,,,,
"RF_Clermont County, OH_4414",1810 Cedar St,False,0.11005776334477935,Low,False,,,,
"RF_Clermont County, OH_3076",9135 Maple Blvd,False,0.10998693606103777,Low,False,,,,
"RF_Clermont County, OH_3650",181 Cedar St,False,0.10998029668586261,Low,False,,,,
"RF_Clermont County, OH_2911",8296 Maple Rd,False,0.10997259979594874,Low,False,,,,
"RF_Clermont County, OH_5000",933 Maple Rd,False,0.1099512810973497,Low,False,,,,
"RF_Clermont County, OH_2483",8984 Maple Blvd,False,0.10992373140463384,Low,False,,,,
"RF_Clermont County, OH_1632",6264 Cedar Blvd,False,0.10989575106497344,Low,False,,,,
"RF_Clermont County, OH_3867",4928 Pine Rd,False,0.10989062385184283,Low,False,,,,
"RF_Clermont County, OH_3468",8444 Cedar Blvd,False,0.10988928312674272,Low,False,,,,
"RF_Clermont County, OH_3115",537 Oak Blvd,False,0.10987854134793848,Low,False,,,,
"RF_Clermont County, OH_1622",8548 Pine Blvd,False,0.10980360894010621,Low,False,,,,
"RF_Clermont County, OH_0807",4923 Cedar Rd,False,0.10974693450156979,Low,True,2025-06-11 23:57:41.150727,140.0,160065.0,282149.0
"RF_Clermont County, OH_1701",6362 Pine St,False,0.10973306743235156,Low,False,,,,
"RF_Clermont County, OH_1942",3503 Maple St,False,0.10972557712175487,Low,False,,,,
"RF_Clermont County, OH_3633",8046 Pine Ave,False,0.10964998587690537,Low,False,,,,
"RF_Clermont County, OH_2810",7124 Maple Rd,False,0.10964765377683511,Low,False,,,,
"RF_Clermont County, OH_3596",4175 Cedar St,False,0.10961840372720338,Low,False,,,,
"RF_Clermont County, OH_2984",6642 Oak Ave,False,0.10960787374525724,Low,False,,,,
"RF_Clermont County, OH_2683",573 Maple Blvd,False,0.10957128617815776,Low,False,,,,
"RF_Clermont County, OH_2971",6961 Main Blvd,False,0.10955311096807606,Low,False,,,,
"RF_Clermont County, OH_2988",5169 Main St,False,0.10953809358398323,Low,False,,,,
"RF_Clermont County, OH_4386",4057 Pine Blvd,False,0.10951727938914944,Low,False,,,,
"RF_Clermont County, OH_1392",7277 Maple Blvd,False,0.10949101484579869,Low,False,,,,
"RF_Clermont County, OH_4748",9807 Pine Blvd,False,0.1094906016946875,Low,False,,,,
"RF_Clermont County, OH_3387",9756 Cedar St,False,0.10948103362516809,Low,False,,,,
"RF_Clermont County, OH_4460",8509 Cedar Ave,False,0.10947614595260287,Low,False,,,,
"RF_Clermont County, OH_2030",2150 Cedar Blvd,False,0.10944920548563117,Low,False,,,,
"RF_Clermont County, OH_4508",8356 Pine Rd,False,0.10939603597388478,Low,False,,,,
"RF_Clermont County, OH_1546",2160 Oak Ave,False,0.10936769382048785,Low,False,,,,
"RF_Clermont County, OH_4654",9434 Maple Ave,False,0.10922898812668003,Low,False,,,,
"RF_Clermont County, OH_0664",4811 Pine St,False,0.10920873978213627,Low,False,,,,
"RF_Clermont County, OH_4713",4942 Cedar St,False,0.10916383579633085,Low,False,,,,
"RF_Clermont County, OH_4756",9068 Maple St,False,0.10912025693161191,Low,False,,,,
"RF_Clermont County, OH_3876",6980 Pine Ave,False,0.10911581007615306,Low,True,2025-06-22 23:57:41.150727,118.0,707127.0,702746.0
"RF_Clermont County, OH_0180",3835 Main St,False,0.10909674800003213,Low,False,,,,
"RF_Clermont County, OH_2266",6060 Main Ave,False,0.10909541209160448,Low,False,,,,
"RF_Clermont County, OH_1299",5213 Maple Rd,False,0.10909450971791437,Low,False,,,,
"RF_Clermont County, OH_0757",7851 Oak Ave,False,0.10903256745873273,Low,False,,,,
"RF_Clermont County, OH_1347",4642 Cedar Rd,False,0.10903167529911446,Low,False,,,,
"RF_Clermont County, OH_4693",4275 Oak Ave,False,0.10900332851000064,Low,False,,,,
"RF_Clermont County, OH_0124",9106 Oak Rd,False,0.10898411577426391,Low,False,,,,
"RF_Clermont County, OH_1547",9930 Oak St,False,0.10898017208294221,Low,False,,,,
"RF_Clermont County, OH_2632",4829 Oak Rd,False,0.10897778386902016,Low,False,,,,
"RF_Clermont County, OH_3661",1844 Pine Rd,False,0.10895351837063988,Low,False,,,,
"RF_Clermont County, OH_0667",3618 Main Ave,False,0.10891457295190206,Low,False,,,,
"RF_Clermont County, OH_1411",7226 Main Blvd,False,0.10890087331152512,Low,False,,,,
"RF_Clermont County, OH_4722",1872 Main St,False,0.1088940412712353,Low,False,,,,
"RF_Clermont County, OH_2659",9008 Main Ave,False,0.10886167669467069,Low,False,,,,
"RF_Clermont County, OH_2177",6131 Maple Ave,False,0.10885899018040068,Low,True,2024-10-24 23:57:41.150727,87.0,332910.0,378552.0
"RF_Clermont County, OH_3140",9245 Cedar Blvd,False,0.10883575290971285,Low,False,,,,
"RF_Clermont County, OH_2203",6049 Pine Ave,False,0.1087746480753089,Low,False,,,,
"RF_Clermont County, OH_2820",5115 Maple Blvd,False,0.10877242144216956,Low,False,,,,
"RF_Clermont County, OH_2341",4404 Main Blvd,False,0.10877101546686482,Low,False,,,,
"RF_Clermont County, OH_3766",5167 Main St,False,0.10876953379966955,Low,True,2024-08-31 23:57:41.150727,130.0,372902.0,559567.0
"RF_Clermont County, OH_2245",3442 Cedar Blvd,False,0.10876381356415363,Low,False,,,,
"RF_Clermont County, OH_2992",1535 Maple Rd,False,0.10875476784050568,Low,False,,,,
"RF_Clermont County, OH_3865",8633 Main Ave,False,0.10871639587747577,Low,False,,,,
"RF_Clermont County, OH_3334",7718 Cedar St,False,0.10870855363865588,Low,False,,,,
"RF_Clermont County, OH_2548",7193 Pine Rd,False,0.10868817370512099,Low,False,,,,
"RF_Clermont County, OH_2664",9346 Main St,False,0.10861383601860007,Low,True,2024-09-07 23:57:41.150727,57.0,431513.0,598331.0
"RF_Clermont County, OH_4964",8574 Oak St,False,0.10858506434308804,Low,True,2025-07-26 23:57:41.150727,28.0,484517.0,445748.0
"RF_Clermont County, OH_1476",8219 Main Rd,False,0.10855374698955367,Low,False,,,,
"RF_Clermont County, OH_0220",914 Pine Rd,False,0.10853312106637725,Low,False,,,,
"RF_Clermont County, OH_3219",4957 Main Ave,False,0.10853127063312952,Low,False,,,,
"RF_Clermont County, OH_2191",1691 Cedar St,False,0.10849454833915809,Low,False,,,,
"RF_Clermont County, OH_3566",6735 Pine St,False,0.1084761956616951,Low,False,,,,
"RF_Clermont County, OH_4104",363 Pine Blvd,False,0.10846356296942448,Low,False,,,,
"RF_Clermont County, OH_1155",402 Main Ave,False,0.10845320776960844,Low,False,,,,
"RF_Clermont County, OH_3335",8555 Maple Rd,False,0.10834536064480096,Low,False,,,,
"RF_Clermont County, OH_0535",2184 Oak Rd,False,0.10833364282821427,Low,False,,,,
"RF_Clermont County, OH_4795",3486 Cedar Rd,False,0.10831880920188801,Low,False,,,,
"RF_Clermont County, OH_1331",1843 Main Rd,False,0.10831565809205797,Low,False,,,,
"RF_Clermont County, OH_4006",5538 Maple Blvd,False,0.10830863812464024,Low,False,,,,
"RF_Clermont County, OH_3882",1026 Oak Blvd,False,0.10825454786384561,Low,False,,,,
"RF_Clermont County, OH_2594",5825 Pine Ave,False,0.10824220828370366,Low,False,,,,
"RF_Clermont County, OH_4745",1301 Oak Blvd,False,0.10822260518809187,Low,False,,,,
"RF_Clermont County, OH_0081",4977 Pine Ave,False,0.10819792224292533,Low,False,,,,
"RF_Clermont County, OH_0214",2677 Pine Blvd,False,0.1081014946546047,Low,False,,,,
"RF_Clermont County, OH_4920",5907 Cedar Blvd,False,0.10810144583021847,Low,False,,,,
"RF_Clermont County, OH_1029",8709 Maple St,False,0.10805185676368635,Low,False,,,,
"RF_Clermont County, OH_2366",9242 Cedar Blvd,False,0.10802385544987143,Low,False,,,,
"RF_Clermont County, OH_2401",802 Main Blvd,False,0.10800220221780979,Low,False,,,,
"RF_Clermont County, OH_4592",7287 Main Blvd,False,0.10798620499441382,Low,False,,,,
"RF_Clermont County, OH_2884",915 Pine Ave,False,0.10798412597384939,Low,False,,,,
"RF_Clermont County, OH_3281",2253 Cedar Ave,False,0.1079802998830224,Low,False,,,,
"RF_Clermont County, OH_2218",5698 Pine Rd,False,0.10798023074624576,Low,False,,,,
"RF_Clermont County, OH_2844",6513 Oak Ave,False,0.10796165247136814,Low,True,2025-07-15 23:57:41.150727,124.0,452429.0,145643.0
"RF_Clermont County, OH_3126",5350 Pine Ave,False,0.10795336961564506,Low,False,,,,
"RF_Clermont County, OH_1094",3870 Main Blvd,False,0.10793402699456921,Low,False,,,,
"RF_Clermont County, OH_0719",7029 Pine Rd,False,0.10790137015980938,Low,True,2025-02-14 23:57:41.150727,86.0,394942.0,569163.0
"RF_Clermont County, OH_0321",1927 Maple Rd,False,0.10789910715456039,Low,False,,,,
"RF_Clermont County, OH_1482",4054 Main St,False,0.10789403420299407,Low,True,2025-06-12 23:57:41.150727,130.0,687895.0,375614.0
"RF_Clermont County, OH_4960",9614 Main Ave,False,0.10788548812683217,Low,False,,,,
"RF_Clermont County, OH_1511",7973 Cedar Rd,False,0.1078725265712422,Low,False,,,,
"RF_Clermont County, OH_2432",162 Cedar Rd,False,0.10787100927779462,Low,False,,,,
"RF_Clermont County, OH_0161",7627 Cedar Blvd,False,0.1078697144774818,Low,False,,,,
"RF_Clermont County, OH_4495",6439 Cedar Ave,False,0.10780170879422682,Low,False,,,,
"RF_Clermont County, OH_1704",3507 Oak Rd,False,0.1077823154494346,Low,False,,,,
"RF_Clermont County, OH_0393",6917 Pine Blvd,False,0.1077102804804992,Low,False,,,,
"RF_Clermont County, OH_0713",6327 Cedar Blvd,False,0.10770878596836993,Low,False,,,,
"RF_Clermont County, OH_4306",7085 Maple Rd,False,0.10766809846830766,Low,False,,,,
"RF_Clermont County, OH_0258",8281 Maple St,False,0.10766714525123294,Low,False,,,,
"RF_Clermont County, OH_1741",2093 Maple Ave,False,0.10766573098569521,Low,True,2025-02-27 23:57:41.150727,126.0,173962.0,787991.0
"RF_Clermont County, OH_4648",122 Main Rd,False,0.10766115098698645,Low,False,,,,
"RF_Clermont County, OH_3359",7974 Cedar Ave,False,0.10764994911980237,Low,False,,,,
"RF_Clermont County, OH_1706",1612 Pine Ave,False,0.10763927045442485,Low,False,,,,
"RF_Clermont County, OH_4044",8126 Pine Ave,False,0.10758990568011288,Low,False,,,,
"RF_Clermont County, OH_2903",9615 Maple St,False,0.10757835362433309,Low,False,,,,
"RF_Clermont County, OH_2516",4665 Pine Ave,False,0.10757445677624283,Low,False,,,,
"RF_Clermont County, OH_1669",4016 Pine St,False,0.10756629579926631,Low,False,,,,
"RF_Clermont County, OH_2419",2656 Pine Ave,False,0.10755345587946442,Low,False,,,,
"RF_Clermont County, OH_3161",834 Cedar St,False,0.10754087889595773,Low,False,,,,
"RF_Clermont County, OH_2848",2555 Main St,False,0.10750732175301456,Low,True,2024-11-23 23:57:41.150727,52.0,766710.0,451371.0
"RF_Clermont County, OH_3475",2294 Pine Rd,False,0.10742582620511829,Low,False,,,,
"RF_Clermont County, OH_0154",2898 Oak St,False,0.10742236725088365,Low,False,,,,
"RF_Clermont County, OH_0654",1093 Maple Ave,False,0.10739431364033306,Low,False,,,,
"RF_Clermont County, OH_1336",3788 Main Rd,False,0.10738413465597205,Low,False,,,,
"RF_Clermont County, OH_1264",8701 Maple Blvd,False,0.107374625686268,Low,False,,,,
"RF_Clermont County, OH_0466",121 Maple St,False,0.10734546920355455,Low,False,,,,
"RF_Clermont County, OH_2430",2690 Maple Ave,False,0.10728150775075425,Low,True,2025-03-08 23:57:41.150727,145.0,217366.0,662794.0
"RF_Clermont County, OH_2289",377 Maple Blvd,False,0.10727209683633888,Low,False,,,,
"RF_Clermont County, OH_1081",8533 Oak St,False,0.10725083745936774,Low,False,,,,
"RF_Clermont County, OH_0231",5329 Main Blvd,False,0.10721563956870062,Low,False,,,,
"RF_Clermont County, OH_4657",1812 Maple Rd,False,0.10718236364476372,Low,False,,,,
"RF_Clermont County, OH_1241",7767 Pine Ave,False,0.10716405410995147,Low,False,,,,
"RF_Clermont County, OH_3129",4595 Cedar St,False,0.10715714499408853,Low,False,,,,
"RF_Clermont County, OH_3972",9202 Main Rd,False,0.10712161978528563,Low,False,,,,
"RF_Clermont County, OH_3856",1697 Oak St,False,0.10711098531393551,Low,False,,,,
"RF_Clermont County, OH_0751",5133 Oak Rd,False,0.10708475833979945,Low,False,,,,
"RF_Clermont County, OH_0449",5247 Cedar Ave,False,0.10706652801710484,Low,False,,,,
"RF_Clermont County, OH_2530",8752 Oak Rd,False,0.10704105290260454,Low,False,,,,
"RF_Clermont County, OH_4904",8868 Pine Rd,False,0.107037925565372,Low,False,,,,
"RF_Clermont County, OH_0461",712 Cedar Rd,False,0.10702615493975265,Low,False,,,,
"RF_Clermont County, OH_0204",5271 Cedar Rd,False,0.10702486699867207,Low,False,,,,
"RF_Clermont County, OH_0309",1482 Main Ave,False,0.10701771693636998,Low,False,,,,
"RF_Clermont County, OH_2917",2964 Maple Rd,False,0.10699463231089787,Low,True,2025-07-28 23:57:41.150727,166.0,787424.0,667416.0
"RF_Clermont County, OH_0560",6634 Cedar Blvd,False,0.10697961782509406,Low,True,2024-09-29 23:57:41.150727,60.0,359563.0,772054.0
"RF_Clermont County, OH_4839",6631 Oak Blvd,False,0.10696379686180756,Low,False,,,,
"RF_Clermont County, OH_2271",2796 Maple St,False,0.10694308599906206,Low,False,,,,
"RF_Clermont County, OH_3694",5719 Cedar St,False,0.10692945715532656,Low,False,,,,
"RF_Clermont County, OH_3478",1409 Maple Blvd,False,0.10692921372597228,Low,False,,,,
"RF_Clermont County, OH_4214",8671 Maple Rd,False,0.10691930203387565,Low,False,,,,
"RF_Clermont County, OH_4974",1086 Oak St,False,0.106911180364555,Low,False,,,,
"RF_Clermont County, OH_3338",3166 Maple Rd,False,0.106896599524772,Low,False,,,,
"RF_Clermont County, OH_0249",4123 Pine Blvd,False,0.10689173079221025,Low,False,,,,
"RF_Clermont County, OH_4638",9298 Main Ave,False,0.10688904088027097,Low,False,,,,
"RF_Clermont County, OH_3202",6561 Main Rd,False,0.10687363199831738,Low,False,,,,
"RF_Clermont County, OH_3167",597 Cedar St,False,0.10686812849972854,Low,False,,,,
"RF_Clermont County, OH_4230",1875 Cedar Blvd,False,0.10686218238484939,Low,False,,,,
"RF_Clermont County, OH_4864",8214 Maple Ave,False,0.10685723384170583,Low,False,,,,
"RF_Clermont County, OH_4646",4451 Cedar Ave,False,0.10682818176811344,Low,False,,,,
"RF_Clermont County, OH_0846",7361 Main Ave,False,0.10680799109979007,Low,False,,,,
"RF_Clermont County, OH_4201",3380 Oak Rd,False,0.10673851684613919,Low,False,,,,
"RF_Clermont County, OH_0548",4220 Oak Ave,False,0.10673634092759557,Low,False,,,,
"RF_Clermont County, OH_0839",2248 Maple St,False,0.1067336671666887,Low,True,2024-11-17 23:57:41.150727,163.0,412463.0,474163.0
"RF_Clermont County, OH_1805",7053 Main Rd,False,0.10673156900910159,Low,False,,,,
"RF_Clermont County, OH_2790",7565 Maple Ave,False,0.10669131246258787,Low,False,,,,
"RF_Clermont County, OH_3316",511 Main Blvd,False,0.1066595233987046,Low,True,2024-12-26 23:57:41.150727,151.0,573784.0,365293.0
"RF_Clermont County, OH_0225",1135 Pine St,False,0.10664528475602457,Low,False,,,,
"RF_Clermont County, OH_1042",9039 Maple Ave,False,0.1066288250466844,Low,False,,,,
"RF_Clermont County, OH_3605",4398 Pine St,False,0.10659349051206563,Low,True,2024-08-09 23:57:41.150727,151.0,273758.0,495889.0
"RF_Clermont County, OH_1530",361 Pine Blvd,False,0.10659283134418887,Low,False,,,,
"RF_Clermont County, OH_3485",1459 Pine Ave,False,0.10655360143707931,Low,False,,,,
"RF_Clermont County, OH_0724",1119 Main Rd,False,0.10653492514656002,Low,False,,,,
"RF_Clermont County, OH_0295",4544 Cedar Blvd,False,0.10652508866258925,Low,False,,,,
"RF_Clermont County, OH_1614",8259 Pine Rd,False,0.10652108793045792,Low,False,,,,
"RF_Clermont County, OH_1262",7709 Cedar Ave,False,0.10652007931791675,Low,False,,,,
"RF_Clermont County, OH_3403",1319 Pine Ave,False,0.10651583288760165,Low,False,,,,
"RF_Clermont County, OH_2069",4125 Maple Blvd,False,0.10651285356452658,Low,False,,,,
"RF_Clermont County, OH_1664",7128 Oak Ave,False,0.10650749841859715,Low,False,,,,
"RF_Clermont County, OH_4985",9575 Cedar Blvd,False,0.10648472748242038,Low,False,,,,
"RF_Clermont County, OH_3172",7434 Cedar Blvd,False,0.10647047102285588,Low,False,,,,
"RF_Clermont County, OH_4018",7171 Oak Ave,False,0.10647041648095039,Low,False,,,,
"RF_Clermont County, OH_0219",3395 Oak St,False,0.10644651143420077,Low,False,,,,
"RF_Clermont County, OH_0859",5988 Maple Rd,False,0.10643223522458403,Low,False,,,,
"RF_Clermont County, OH_1975",6893 Oak Rd,False,0.10643187726975319,Low,True,2025-07-02 23:57:41.150727,153.0,460182.0,168868.0
"RF_Clermont County, OH_1674",248 Oak Rd,False,0.1063932502547879,Low,False,,,,
"RF_Clermont County, OH_0566",4125 Cedar Rd,False,0.1063916463215863,Low,False,,,,
"RF_Clermont County, OH_0527",5660 Pine St,False,0.1063513874312435,Low,False,,,,
"RF_Clermont County, OH_1272",4236 Pine St,False,0.10634644807996073,Low,False,,,,
"RF_Clermont County, OH_4184",4780 Main Blvd,False,0.10633827766469175,Low,False,,,,
"RF_Clermont County, OH_4512",9837 Cedar St,False,0.10633017773939793,Low,False,,,,
"RF_Clermont County, OH_1590",4053 Oak Ave,False,0.10631968749031222,Low,True,2025-04-17 23:57:41.150727,31.0,200913.0,491559.0
"RF_Clermont County, OH_4959",1897 Main Ave,False,0.10630141192589139,Low,False,,,,
"RF_Clermont County, OH_4651",230 Pine Ave,False,0.10625499776901219,Low,False,,,,
"RF_Clermont County, OH_1748",1300 Oak Blvd,False,0.10621399766828764,Low,False,,,,
"RF_Clermont County, OH_2936",2543 Maple St,False,0.10619228373293456,Low,False,,,,
"RF_Clermont County, OH_2719",2336 Main St,False,0.10618326510674789,Low,True,2024-12-30 23:57:41.150727,50.0,457961.0,793248.0
"RF_Clermont County, OH_1567",1382 Cedar Ave,False,0.10617264855912603,Low,False,,,,
"RF_Clermont County, OH_4799",520 Pine Ave,False,0.10614415547831989,Low,False,,,,
"RF_Clermont County, OH_3900",3071 Oak Rd,False,0.10612604218273386,Low,False,,,,
"RF_Clermont County, OH_3741",5112 Pine St,False,0.10611382255191931,Low,False,,,,
"RF_Clermont County, OH_4669",6731 Cedar Blvd,False,0.10608571346885386,Low,True,2024-12-23 23:57:41.150727,52.0,256007.0,603025.0
"RF_Clermont County, OH_4776",3331 Main Blvd,False,0.10604041772233559,Low,False,,,,
"RF_Clermont County, OH_3788",6010 Maple Blvd,False,0.10603967317971709,Low,False,,,,
"RF_Clermont County, OH_1324",9015 Main Blvd,False,0.10603941642207096,Low,False,,,,
"RF_Clermont County, OH_0771",4625 Cedar Ave,False,0.1060129507213776,Low,False,,,,
"RF_Clermont County, OH_3539",4663 Cedar Ave,False,0.10600201064335904,Low,False,,,,
"RF_Clermont County, OH_0063",7218 Main Blvd,False,0.10597932768590955,Low,False,,,,
"RF_Clermont County, OH_1283",2516 Pine Ave,False,0.10597259589617206,Low,False,,,,
"RF_Clermont County, OH_1107",281 Maple St,False,0.10596659258677969,Low,False,,,,
"RF_Clermont County, OH_1310",4611 Pine Rd,False,0.10595726685148832,Low,False,,,,
"RF_Clermont County, OH_2433",4377 Main Blvd,False,0.10593381954551469,Low,False,,,,
"RF_Clermont County, OH_0095",9011 Main Blvd,False,0.10590756599732261,Low,False,,,,
"RF_Clermont County, OH_2783",2459 Main Blvd,False,0.10587327373912514,Low,False,,,,
"RF_Clermont County, OH_2479",3498 Main Rd,False,0.10585634666985551,Low,False,,,,
"RF_Clermont County, OH_1644",9258 Cedar Blvd,False,0.10584486228146758,Low,False,,,,
"RF_Clermont County, OH_0009",7855 Main Ave,False,0.10582740498891273,Low,False,,,,
"RF_Clermont County, OH_0758",5866 Main St,False,0.10581516300993454,Low,False,,,,
"RF_Clermont County, OH_0245",1407 Main Blvd,False,0.1057775515311872,Low,False,,,,
"RF_Clermont County, OH_4131",7231 Oak Ave,False,0.10575509682229317,Low,True,2024-10-26 23:57:41.150727,156.0,257650.0,660920.0
"RF_Clermont County, OH_1860",2626 Cedar Ave,False,0.10570977439348551,Low,False,,,,
"RF_Clermont County, OH_0720",9740 Oak Rd,False,0.10569179678859145,Low,False,,,,
"RF_Clermont County, OH_2330",223 Cedar St,False,0.10569002223564741,Low,False,,,,
"RF_Clermont County, OH_3451",568 Pine St,False,0.10567543117160026,Low,False,,,,
"RF_Clermont County, OH_4624",4196 Main Blvd,False,0.105675422026984,Low,False,,,,
"RF_Clermont County, OH_4090",3008 Main Ave,False,0.10567137755519737,Low,False,,,,
"RF_Clermont County, OH_1371",1027 Maple Blvd,False,0.10566109308923076,Low,False,,,,
"RF_Clermont County, OH_1445",9563 Pine Rd,False,0.10564923029019,Low,False,,,,
"RF_Clermont County, OH_4759",6150 Oak Ave,False,0.10563171336017521,Low,False,,,,
"RF_Clermont County, OH_0978",9544 Pine Ave,False,0.105609311174879,Low,False,,,,
"RF_Clermont County, OH_2647",512 Main Blvd,False,0.10560080470927682,Low,False,,,,
"RF_Clermont County, OH_1075",1217 Main Ave,False,0.10559997255061343,Low,False,,,,
"RF_Clermont County, OH_2304",1698 Oak Blvd,False,0.10559980656290736,Low,False,,,,
"RF_Clermont County, OH_3675",1587 Pine St,False,0.10558309622426429,Low,False,,,,
"RF_Clermont County, OH_2720",9428 Main Rd,False,0.1055591908431014,Low,True,2025-06-23 23:57:41.150727,88.0,413029.0,570606.0
"RF_Clermont County, OH_2612",3192 Oak Blvd,False,0.10554922477760223,Low,False,,,,
"RF_Clermont County, OH_4951",2371 Maple Blvd,False,0.10552412342599166,Low,False,,,,
"RF_Clermont County, OH_1470",7120 Main Ave,False,0.10550306561826236,Low,False,,,,
"RF_Clermont County, OH_1489",3605 Pine Rd,False,0.10549849125469295,Low,False,,,,
"RF_Clermont County, OH_2883",6065 Maple Rd,False,0.10548695930907055,Low,True,2025-05-15 23:57:41.150727,90.0,686782.0,501246.0
"RF_Clermont County, OH_0377",1214 Cedar Ave,False,0.10547095738802616,Low,False,,,,
"RF_Clermont County, OH_0732",2276 Main Rd,False,0.10545060838942888,Low,False,,,,
"RF_Clermont County, OH_1363",5492 Cedar Blvd,False,0.10544875681360005,Low,False,,,,
"RF_Clermont County, OH_3125",8054 Cedar Rd,False,0.10541633503633883,Low,False,,,,
"RF_Clermont County, OH_2739",6658 Pine Rd,False,0.10541593517809551,Low,False,,,,
"RF_Clermont County, OH_1007",1673 Cedar Ave,False,0.10541074978819893,Low,False,,,,
"RF_Clermont County, OH_0836",7868 Main Blvd,False,0.10539345308990405,Low,False,,,,
"RF_Clermont County, OH_1186",6602 Pine Rd,False,0.10538364808665909,Low,False,,,,
"RF_Clermont County, OH_2750",318 Cedar Rd,False,0.10537947734710426,Low,False,,,,
"RF_Clermont County, OH_3319",1685 Maple Blvd,False,0.10535889848972584,Low,False,,,,
"RF_Clermont County, OH_3160",683 Oak Rd,False,0.10534180389188967,Low,False,,,,
"RF_Clermont County, OH_1135",1557 Main Blvd,False,0.1053411348382505,Low,False,,,,
"RF_Clermont County, OH_1156",6180 Maple Blvd,False,0.10533806756058206,Low,False,,,,
"RF_Clermont County, OH_2614",616 Maple Blvd,False,0.10532674408286904,Low,True,2025-02-22 23:57:41.150727,162.0,688325.0,640947.0
"RF_Clermont County, OH_2375",7803 Main Ave,False,0.10531052545940896,Low,False,,,,
"RF_Clermont County, OH_4165",2646 Maple Rd,False,0.10530662354952149,Low,False,,,,
"RF_Clermont County, OH_0970",4014 Pine St,False,0.10529231062651011,Low,False,,,,
"RF_Clermont County, OH_0390",988 Main St,False,0.10529078327813457,Low,False,,,,
"RF_Clermont County, OH_4614",7294 Oak St,False,0.10528054630849441,Low,False,,,,
"RF_Clermont County, OH_0546",3617 Pine St,False,0.10527729246784195,Low,False,,,,
"RF_Clermont County, OH_3054",475 Maple Ave,False,0.10525059493568595,Low,False,,,,
"RF_Clermont County, OH_3918",3032 Pine Blvd,False,0.10525017814087513,Low,False,,,,
"RF_Clermont County, OH_3507",2353 Maple Ave,False,0.10523902656733948,Low,False,,,,
"RF_Clermont County, OH_2970",9290 Main Ave,False,0.10523834488806244,Low,False,,,,
"RF_Clermont County, OH_4359",9699 Pine Ave,False,0.1052073546489196,Low,False,,,,
"RF_Clermont County, OH_2067",3595 Oak Ave,False,0.10519621303020908,Low,False,,,,
"RF_Clermont County, OH_1468",4650 Pine Blvd,False,0.10518327875710282,Low,False,,,,
"RF_Clermont County, OH_0889",3928 Maple Rd,False,0.10517744132576837,Low,True,2025-03-27 23:57:41.150727,100.0,785722.0,288080.0
"RF_Clermont County, OH_1879",7979 Maple St,False,0.1051168890644338,Low,False,,,,
"RF_Clermont County, OH_3584",8874 Pine St,False,0.10511266806668514,Low,False,,,,
"RF_Clermont County, OH_2731",2617 Oak Blvd,False,0.1050933716458641,Low,True,2025-05-12 23:57:41.150727,58.0,527515.0,560875.0
"RF_Clermont County, OH_1841",2926 Main St,False,0.10506543087492783,Low,False,,,,
"RF_Clermont County, OH_1959",3969 Cedar St,False,0.10502116663966589,Low,False,,,,
"RF_Clermont County, OH_2580",586 Oak Ave,False,0.10500973197419473,Low,True,2024-07-31 23:57:41.150727,66.0,458376.0,395354.0
"RF_Clermont County, OH_3868",322 Oak Ave,False,0.10496590336936953,Low,False,,,,
"RF_Clermont County, OH_4695",6535 Main Ave,False,0.10492054251243987,Low,False,,,,
"RF_Clermont County, OH_1719",4584 Maple Ave,False,0.1048856301057202,Low,False,,,,
"RF_Clermont County, OH_2916",8823 Maple Rd,False,0.10487766345713805,Low,False,,,,
"RF_Clermont County, OH_0936",7255 Main Rd,False,0.10486755506677735,Low,False,,,,
"RF_Clermont County, OH_0622",4617 Oak Ave,False,0.104859469585715,Low,False,,,,
"RF_Clermont County, OH_3357",6175 Maple Rd,False,0.10484731979782798,Low,False,,,,
"RF_Clermont County, OH_3331",3944 Maple Ave,False,0.10483854387850469,Low,False,,,,
"RF_Clermont County, OH_3810",393 Pine Rd,False,0.10482753544891003,Low,False,,,,
"RF_Clermont County, OH_1648",673 Oak St,False,0.10480405568510943,Low,False,,,,
"RF_Clermont County, OH_2099",8438 Main Ave,False,0.10479122665837867,Low,False,,,,
"RF_Clermont County, OH_2800",7762 Main St,False,0.10478189672118224,Low,False,,,,
"RF_Clermont County, OH_3233",963 Pine St,False,0.10474646779443028,Low,False,,,,
"RF_Clermont County, OH_2156",8151 Main Blvd,False,0.10472341837668435,Low,False,,,,
"RF_Clermont County, OH_0845",8837 Oak St,False,0.10468865202214375,Low,True,2025-01-22 23:57:41.150727,30.0,517112.0,539560.0
"RF_Clermont County, OH_1143",3453 Maple Ave,False,0.10465960454415088,Low,False,,,,
"RF_Clermont County, OH_4550",623 Oak Blvd,False,0.10464626067355799,Low,False,,,,
"RF_Clermont County, OH_2163",3967 Maple Rd,False,0.1046039728949975,Low,True,2025-03-29 23:57:41.150727,30.0,199195.0,551024.0
"RF_Clermont County, OH_3401",4695 Maple Rd,False,0.10452731867558133,Low,False,,,,
"RF_Clermont County, OH_0418",2954 Cedar Blvd,False,0.10452172327288245,Low,False,,,,
"RF_Clermont County, OH_1747",3602 Maple Ave,False,0.1045134436756359,Low,False,,,,
"RF_Clermont County, OH_4129",5767 Pine Rd,False,0.10447479944167261,Low,False,,,,
"RF_Clermont County, OH_2272",2184 Pine St,False,0.10445823840761649,Low,True,2025-04-08 23:57:41.150727,161.0,586655.0,563500.0
"RF_Clermont County, OH_2491",4710 Pine Rd,False,0.10444486356563654,Low,False,,,,
"RF_Clermont County, OH_3480",3240 Pine Ave,False,0.10444382969164405,Low,False,,,,
"RF_Clermont County, OH_2405",3225 Cedar Blvd,False,0.10444122860598111,Low,False,,,,
"RF_Clermont County, OH_3822",2471 Main St,False,0.1044331020815228,Low,False,,,,
"RF_Clermont County, OH_2379",8418 Cedar Rd,False,0.10442164322037771,Low,False,,,,
"RF_Clermont County, OH_2994",1808 Cedar Rd,False,0.10438816479570756,Low,True,2024-11-29 23:57:41.150727,102.0,645106.0,345842.0
"RF_Clermont County, OH_2284",9026 Maple Blvd,False,0.10437967516276823,Low,False,,,,
"RF_Clermont County, OH_0585",4672 Pine St,False,0.10437670628256131,Low,False,,,,
"RF_Clermont County, OH_2954",2053 Main St,False,0.10434353601505049,Low,False,,,,
"RF_Clermont County, OH_3148",8248 Main Blvd,False,0.10433806510281693,Low,False,,,,
"RF_Clermont County, OH_2896",9024 Oak Ave,False,0.10433334009835181,Low,False,,,,
"RF_Clermont County, OH_1289",9811 Maple Blvd,False,0.10433080258801304,Low,False,,,,
"RF_Clermont County, OH_1461",5957 Oak Ave,False,0.1043012189065588,Low,False,,,,
"RF_Clermont County, OH_1031",367 Pine St,False,0.10429579616656047,Low,False,,,,
"RF_Clermont County, OH_4188",4122 Main Blvd,False,0.10425189087782655,Low,False,,,,
"RF_Clermont County, OH_2382",7709 Cedar Ave,False,0.10423385539615183,Low,False,,,,
"RF_Clermont County, OH_4270",6462 Main Ave,False,0.10422713054495555,Low,False,,,,
"RF_Clermont County, OH_0831",4288 Main St,False,0.10421826436772559,Low,False,,,,
"RF_Clermont County, OH_1649",346 Cedar Blvd,False,0.10420522725572377,Low,False,,,,
"RF_Clermont County, OH_3564",5758 Main St,False,0.10420093016185207,Low,False,,,,
"RF_Clermont County, OH_0123",6600 Cedar Blvd,False,0.10416412473076166,Low,False,,,,
"RF_Clermont County, OH_4052",6835 Maple Ave,False,0.1041581944684276,Low,True,2025-04-07 23:57:41.150727,111.0,534795.0,272082.0
"RF_Clermont County, OH_4183",4614 Cedar Rd,False,0.104144485211859,Low,False,,,,
"RF_Clermont County, OH_2623",1227 Main Ave,False,0.1041159420458946,Low,False,,,,
"RF_Clermont County, OH_0742",6275 Oak St,False,0.10411498289061091,Low,False,,,,
"RF_Clermont County, OH_2028",2796 Oak Ave,False,0.10408897969558557,Low,False,,,,
"RF_Clermont County, OH_3992",6559 Oak Rd,False,0.10408813738908514,Low,False,,,,
"RF_Clermont County, OH_3400",4530 Cedar Ave,False,0.10408811792222948,Low,False,,,,
"RF_Clermont County, OH_2753",9630 Pine Rd,False,0.1040874689154784,Low,False,,,,
"RF_Clermont County, OH_1244",7195 Oak Blvd,False,0.10402385906358004,Low,True,2024-12-09 23:57:41.150727,150.0,483910.0,213770.0
"RF_Clermont County, OH_1400",2442 Maple St,False,0.10402365721670964,Low,False,,,,
"RF_Clermont County, OH_3886",2833 Cedar Ave,False,0.10402344919417474,Low,False,,,,
"RF_Clermont County, OH_2459",8404 Cedar St,False,0.10401670368395399,Low,False,,,,
"RF_Clermont County, OH_3461",9608 Oak Ave,False,0.10398872786946747,Low,False,,,,
"RF_Clermont County, OH_1575",1719 Maple Ave,False,0.10398042003803035,Low,False,,,,
"RF_Clermont County, OH_3230",7744 Pine Blvd,False,0.10394758403155714,Low,False,,,,
"RF_Clermont County, OH_1055",9243 Main Blvd,False,0.10394281878216978,Low,True,2024-09-22 23:57:41.150727,151.0,532043.0,662529.0
"RF_Clermont County, OH_2771",5092 Oak Blvd,False,0.10392033890200955,Low,False,,,,
"RF_Clermont County, OH_4843",1648 Pine Rd,False,0.10391678116502986,Low,False,,,,
"RF_Clermont County, OH_4777",3185 Main St,False,0.10388805084725761,Low,False,,,,
"RF_Clermont County, OH_3046",152 Cedar Rd,False,0.10386952502301379,Low,False,,,,
"RF_Clermont County, OH_3329",2980 Pine St,False,0.10381567759593069,Low,False,,,,
"RF_Clermont County, OH_2864",4252 Main St,False,0.10379547317131826,Low,False,,,,
"RF_Clermont County, OH_4662",3492 Oak Ave,False,0.1037916678348734,Low,False,,,,
"RF_Clermont County, OH_0137",7001 Pine Blvd,False,0.10370086164949757,Low,False,,,,
"RF_Clermont County, OH_0305",1571 Pine Rd,False,0.10369385443029827,Low,False,,,,
"RF_Clermont County, OH_3759",7016 Main St,False,0.10368510139704383,Low,False,,,,
"RF_Clermont County, OH_3057",2667 Main St,False,0.10366354034215111,Low,False,,,,
"RF_Clermont County, OH_1787",6686 Cedar Blvd,False,0.10365781344747388,Low,False,,,,
"RF_Clermont County, OH_2700",9466 Cedar Blvd,False,0.10363500619021425,Low,False,,,,
"RF_Clermont County, OH_1799",874 Main Blvd,False,0.10363016344669641,Low,False,,,,
"RF_Clermont County, OH_3677",4896 Cedar Blvd,False,0.10362661894142512,Low,False,,,,
"RF_Clermont County, OH_4436",3843 Main Rd,False,0.10362277922017407,Low,False,,,,
"RF_Clermont County, OH_3494",1795 Oak Rd,False,0.1036039386056681,Low,False,,,,
"RF_Clermont County, OH_0938",4577 Maple Rd,False,0.10357609700347573,Low,False,,,,
"RF_Clermont County, OH_4209",838 Cedar Rd,False,0.10356751182018951,Low,False,,,,
"RF_Clermont County, OH_1037",6174 Oak Ave,False,0.10355268561047731,Low,False,,,,
"RF_Clermont County, OH_3601",838 Cedar Rd,False,0.10352023863206994,Low,False,,,,
"RF_Clermont County, OH_4929",6891 Pine Blvd,False,0.10350238887989335,Low,False,,,,
"RF_Clermont County, OH_3222",249 Oak St,False,0.10349761948388032,Low,False,,,,
"RF_Clermont County, OH_2996",8823 Oak St,False,0.10349604016153292,Low,False,,,,
"RF_Clermont County, OH_4035",5743 Main Rd,False,0.1034470929500296,Low,True,2025-05-15 23:57:41.150727,72.0,678633.0,381378.0
"RF_Clermont County, OH_4605",7540 Main Rd,False,0.1034403038363559,Low,False,,,,
"RF_Clermont County, OH_2342",7345 Maple Blvd,False,0.10343688422921464,Low,True,2025-06-10 23:57:41.150727,19.0,489353.0,312867.0
"RF_Clermont County, OH_1954",9511 Cedar Ave,False,0.10340367632811626,Low,False,,,,
"RF_Clermont County, OH_3352",7894 Main Rd,False,0.10338830951106547,Low,False,,,,
"RF_Clermont County, OH_3477",6577 Main Rd,False,0.10337877108273283,Low,False,,,,
"RF_Clermont County, OH_2335",2550 Pine Ave,False,0.10337007616882916,Low,False,,,,
"RF_Clermont County, OH_2987",1470 Main St,False,0.10336418639615393,Low,False,,,,
"RF_Clermont County, OH_1021",1338 Oak St,False,0.10333260153495222,Low,True,2024-12-28 23:57:41.150727,99.0,390147.0,480471.0
"RF_Clermont County, OH_1523",3402 Oak St,False,0.10331535067788178,Low,False,,,,
"RF_Clermont County, OH_0349",7009 Pine Rd,False,0.10330359251173325,Low,False,,,,
"RF_Clermont County, OH_2056",9317 Oak Blvd,False,0.10328506198200771,Low,False,,,,
"RF_Clermont County, OH_1976",1226 Maple Ave,False,0.10325569969111491,Low,False,,,,
"RF_Clermont County, OH_4404",8991 Oak Rd,False,0.10325034742753122,Low,False,,,,
"RF_Clermont County, OH_3336",7318 Maple Rd,False,0.10324999129304867,Low,False,,,,
"RF_Clermont County, OH_2046",9295 Pine St,False,0.10324466008498252,Low,False,,,,
"RF_Clermont County, OH_1958",2608 Pine Rd,False,0.10322303160925811,Low,False,,,,
"RF_Clermont County, OH_1580",9437 Main Rd,False,0.10322047432185782,Low,False,,,,
"RF_Clermont County, OH_2501",5106 Main Rd,False,0.10320314277287398,Low,False,,,,
"RF_Clermont County, OH_0236",1525 Maple Blvd,False,0.10315721316516195,Low,False,,,,
"RF_Clermont County, OH_1364",958 Pine Ave,False,0.10314004363955034,Low,False,,,,
"RF_Clermont County, OH_2575",6570 Cedar Blvd,False,0.1031242935063937,Low,False,,,,
"RF_Clermont County, OH_0894",3169 Cedar St,False,0.10312233780937989,Low,True,2024-09-18 23:57:41.150727,143.0,663738.0,254150.0
"RF_Clermont County, OH_0410",2852 Pine Blvd,False,0.10311679672726246,Low,False,,,,
"RF_Clermont County, OH_1346",5899 Main Ave,False,0.10310415699885521,Low,False,,,,
"RF_Clermont County, OH_2120",3273 Maple Blvd,False,0.10309063396842272,Low,False,,,,
"RF_Clermont County, OH_0209",7408 Oak St,False,0.10308563691741615,Low,False,,,,
"RF_Clermont County, OH_0234",1351 Cedar St,False,0.10308344136248652,Low,False,,,,
"RF_Clermont County, OH_1988",9069 Maple Ave,False,0.10306323184636838,Low,False,,,,
"RF_Clermont County, OH_4565",2883 Oak Ave,False,0.10305881609262182,Low,False,,,,
"RF_Clermont County, OH_3681",382 Pine St,False,0.10303115472333758,Low,False,,,,
"RF_Clermont County, OH_4996",5072 Cedar Blvd,False,0.10301617510144381,Low,False,,,,
"RF_Clermont County, OH_1822",1195 Pine Rd,False,0.1030129284633364,Low,False,,,,
"RF_Clermont County, OH_1745",7412 Cedar St,False,0.10297320137769853,Low,False,,,,
"RF_Clermont County, OH_1623",3089 Pine St,False,0.10296609029566083,Low,True,2024-12-10 23:57:41.150727,133.0,313730.0,522048.0
"RF_Clermont County, OH_2429",2674 Cedar Ave,False,0.10292921117828464,Low,False,,,,
"RF_Clermont County, OH_2233",7012 Cedar Ave,False,0.10292099969760982,Low,False,,,,
"RF_Clermont County, OH_1267",7453 Cedar Blvd,False,0.10289197164938337,Low,False,,,,
"RF_Clermont County, OH_2545",5347 Maple Rd,False,0.10282395909875677,Low,False,,,,
"RF_Clermont County, OH_2048",3944 Maple Blvd,False,0.10280344744100073,Low,False,,,,
"RF_Clermont County, OH_4001",4542 Pine Blvd,False,0.10280058091653288,Low,False,,,,
"RF_Clermont County, OH_4599",8090 Oak St,False,0.10277473843769849,Low,False,,,,
"RF_Clermont County, OH_2508",981 Oak St,False,0.10276573253129284,Low,False,,,,
"RF_Clermont County, OH_0014",9940 Pine Blvd,False,0.10276072319042748,Low,True,2025-03-09 23:57:41.150727,163.0,255410.0,325400.0
"RF_Clermont County, OH_3802",8897 Maple Blvd,False,0.1027578388083346,Low,False,,,,
"RF_Clermont County, OH_0099",3238 Main Blvd,False,0.10274904126436145,Low,True,2025-01-26 23:57:41.150727,67.0,163936.0,719649.0
"RF_Clermont County, OH_0785",9949 Cedar Ave,False,0.1027213127192596,Low,False,,,,
"RF_Clermont County, OH_0601",8891 Pine Rd,False,0.10272031975608306,Low,False,,,,
"RF_Clermont County, OH_2235",8619 Maple Ave,False,0.10270162860156641,Low,True,2025-04-10 23:57:41.150727,36.0,502890.0,700728.0
"RF_Clermont County, OH_0867",7791 Pine St,False,0.10270079312965935,Low,False,,,,
"RF_Clermont County, OH_2400",7231 Main St,False,0.10267013294682349,Low,False,,,,
"RF_Clermont County, OH_1897",4792 Main St,False,0.10262623207581578,Low,False,,,,
"RF_Clermont County, OH_0350",719 Main Ave,False,0.10262159151678044,Low,False,,,,
"RF_Clermont County, OH_4190",6021 Maple Blvd,False,0.10261850285685906,Low,False,,,,
"RF_Clermont County, OH_2654",2181 Oak Blvd,False,0.10258240719331091,Low,True,2025-05-10 23:57:41.150727,120.0,683087.0,648732.0
"RF_Clermont County, OH_4288",5443 Pine Blvd,False,0.10258062888041591,Low,False,,,,
"RF_Clermont County, OH_0779",2494 Cedar Ave,False,0.10257923836337451,Low,False,,,,
"RF_Clermont County, OH_3626",6039 Maple Blvd,False,0.10256774448196432,Low,True,2025-02-05 23:57:41.150727,137.0,545613.0,303462.0
"RF_Clermont County, OH_3133",1857 Pine Blvd,False,0.10256131235197231,Low,False,,,,
"RF_Clermont County, OH_0360",3109 Cedar St,False,0.10253503312394775,Low,True,2024-08-04 23:57:41.150727,122.0,495162.0,339701.0
"RF_Clermont County, OH_2850",8096 Cedar Ave,False,0.10251409912393869,Low,True,2025-05-20 23:57:41.150727,138.0,648600.0,282405.0
"RF_Clermont County, OH_3943",6538 Maple Rd,False,0.10251378124444324,Low,False,,,,
"RF_Clermont County, OH_4582",1803 Main Ave,False,0.1024770504155914,Low,False,,,,
"RF_Clermont County, OH_3611",1114 Oak Blvd,False,0.10247527207102244,Low,False,,,,
"RF_Clermont County, OH_4505",3785 Main St,False,0.10244450256761727,Low,True,2025-06-17 23:57:41.150727,157.0,505909.0,716611.0
"RF_Clermont County, OH_3032",2372 Pine Blvd,False,0.10244409808167997,Low,False,,,,
"RF_Clermont County, OH_0594",6996 Oak St,False,0.10242146891697367,Low,False,,,,
"RF_Clermont County, OH_4823",7907 Main Ave,False,0.10240798994271422,Low,False,,,,
"RF_Clermont County, OH_0801",4192 Pine St,False,0.1024040618110348,Low,False,,,,
"RF_Clermont County, OH_2734",2470 Main Ave,False,0.1023846046405225,Low,False,,,,
"RF_Clermont County, OH_4667",2835 Pine St,False,0.10237933816592314,Low,False,,,,
"RF_Clermont County, OH_0047",9109 Cedar Blvd,False,0.10234868445534785,Low,False,,,,
"RF_Clermont County, OH_3657",8629 Pine Rd,False,0.10234468318992856,Low,False,,,,
"RF_Clermont County, OH_4222",6202 Cedar Rd,False,0.10230257599022505,Low,False,,,,
"RF_Clermont County, OH_2803",6655 Maple Rd,False,0.10225811044366886,Low,False,,,,
"RF_Clermont County, OH_3166",8658 Maple Ave,False,0.10225216063553688,Low,False,,,,
"RF_Clermont County, OH_0854",4239 Cedar Rd,False,0.10224836576426413,Low,False,,,,
"RF_Clermont County, OH_3121",8816 Oak Blvd,False,0.10224761605763132,Low,False,,,,
"RF_Clermont County, OH_0987",3746 Main Rd,False,0.10222869025516935,Low,False,,,,
"RF_Clermont County, OH_0608",6729 Oak Ave,False,0.10222344266667523,Low,False,,,,
"RF_Clermont County, OH_4597",723 Main Ave,False,0.10222298115506845,Low,False,,,,
"RF_Clermont County, OH_0835",1354 Oak Ave,False,0.10220893975288482,Low,False,,,,
"RF_Clermont County, OH_2759",1635 Main Rd,False,0.10219527740376023,Low,False,,,,
"RF_Clermont County, OH_2937",1544 Maple St,False,0.10218536797077596,Low,False,,,,
"RF_Clermont County, OH_1418",9756 Pine Rd,False,0.10214683168281181,Low,False,,,,
"RF_Clermont County, OH_3371",9772 Main St,False,0.1021418424878883,Low,False,,,,
"RF_Clermont County, OH_2071",8465 Main Blvd,False,0.10213856530971423,Low,False,,,,
"RF_Clermont County, OH_1918",1273 Oak Blvd,False,0.10212637911848847,Low,False,,,,
"RF_Clermont County, OH_4627",9120 Maple Blvd,False,0.10211393646450638,Low,False,,,,
"RF_Clermont County, OH_4047",182 Cedar Blvd,False,0.10210333679649983,Low,False,,,,
"RF_Clermont County, OH_4261",242 Oak Ave,False,0.1020970097781125,Low,False,,,,
"RF_Clermont County, OH_2693",8256 Cedar Blvd,False,0.10209354220727647,Low,False,,,,
"RF_Clermont County, OH_0761",9585 Maple Ave,False,0.10209080227091889,Low,True,2025-06-16 23:57:41.150727,44.0,286094.0,764650.0
"RF_Clermont County, OH_4144",9945 Maple Blvd,False,0.1020892080529971,Low,False,,,,
"RF_Clermont County, OH_0931",2413 Oak Blvd,False,0.10208857363998027,Low,False,,,,
"RF_Clermont County, OH_1663",4788 Pine Rd,False,0.10207548424170129,Low,False,,,,
"RF_Clermont County, OH_2815",6750 Oak Ave,False,0.1020680401620582,Low,False,,,,
"RF_Clermont County, OH_2551",3055 Maple Rd,False,0.10204374787535682,Low,False,,,,
"RF_Clermont County, OH_0213",2712 Cedar Rd,False,0.10201602242200251,Low,False,,,,
"RF_Clermont County, OH_1722",7622 Pine Ave,False,0.10197078409087637,Low,False,,,,
"RF_Clermont County, OH_1064",445 Main Blvd,False,0.10195231166475412,Low,False,,,,
"RF_Clermont County, OH_1963",469 Maple Rd,False,0.10193276182768994,Low,False,,,,
"RF_Clermont County, OH_3709",1566 Main Rd,False,0.10192293580951022,Low,False,,,,
"RF_Clermont County, OH_0648",2443 Pine Blvd,False,0.10191587171830985,Low,False,,,,
"RF_Clermont County, OH_3790",8709 Main Rd,False,0.10190590906833885,Low,False,,,,
"RF_Clermont County, OH_1894",8765 Oak Blvd,False,0.10190151385085051,Low,False,,,,
"RF_Clermont County, OH_4588",6245 Cedar St,False,0.10187287781165905,Low,False,,,,
"RF_Clermont County, OH_4106",1058 Oak St,False,0.10186846367927141,Low,False,,,,
"RF_Clermont County, OH_3846",4702 Maple Rd,False,0.10186318741608431,Low,False,,,,
"RF_Clermont County, OH_1621",2611 Cedar Blvd,False,0.10181488011135169,Low,False,,,,
"RF_Clermont County, OH_4403",4743 Maple St,False,0.10179354643409701,Low,False,,,,
"RF_Clermont County, OH_3243",4290 Oak Blvd,False,0.10179234063677758,Low,True,2025-03-17 23:57:41.150727,155.0,314387.0,228633.0
"RF_Clermont County, OH_1437",4219 Main Blvd,False,0.10176354102778026,Low,True,2025-02-12 23:57:41.150727,94.0,700480.0,481814.0
"RF_Clermont County, OH_2822",4527 Maple Blvd,False,0.10176009354902187,Low,False,,,,
"RF_Clermont County, OH_3614",7401 Pine Ave,False,0.1017501674396651,Low,False,,,,
"RF_Clermont County, OH_1154",1797 Main Ave,False,0.10173891711177277,Low,False,,,,
"RF_Clermont County, OH_0232",3699 Maple Rd,False,0.10171795699233627,Low,False,,,,
"RF_Clermont County, OH_4096",3901 Oak Rd,False,0.10170785859174929,Low,False,,,,
"RF_Clermont County, OH_1426",4452 Oak Rd,False,0.10168769938024051,Low,False,,,,
"RF_Clermont County, OH_3603",516 Pine St,False,0.10168226927418428,Low,False,,,,
"RF_Clermont County, OH_4555",2523 Main Ave,False,0.10167552756280793,Low,False,,,,
"RF_Clermont County, OH_4534",4550 Cedar Rd,False,0.10167537349397338,Low,False,,,,
"RF_Clermont County, OH_0961",8686 Cedar Rd,False,0.10167395378987128,Low,False,,,,
"RF_Clermont County, OH_3178",8207 Cedar Blvd,False,0.10167227310059744,Low,False,,,,
"RF_Clermont County, OH_0117",6230 Maple Blvd,False,0.10165025029925465,Low,False,,,,
"RF_Clermont County, OH_2098",6501 Cedar Blvd,False,0.10161758634019165,Low,False,,,,
"RF_Clermont County, OH_4170",3458 Cedar Blvd,False,0.10159996206055306,Low,False,,,,
"RF_Clermont County, OH_4114",656 Oak Ave,False,0.10158940382161942,Low,False,,,,
"RF_Clermont County, OH_2051",2356 Pine Blvd,False,0.10158385236237585,Low,False,,,,
"RF_Clermont County, OH_4670",8588 Main Blvd,False,0.10157126401156505,Low,False,,,,
"RF_Clermont County, OH_4852",2173 Maple Rd,False,0.10156600150235813,Low,False,,,,
"RF_Clermont County, OH_1895",2985 Oak Rd,False,0.10155451622981164,Low,False,,,,
"RF_Clermont County, OH_2371",4041 Oak Blvd,False,0.10154197733714612,Low,False,,,,
"RF_Clermont County, OH_4068",8419 Cedar Ave,False,0.1015336725171202,Low,False,,,,
"RF_Clermont County, OH_2411",5394 Main Ave,False,0.10151509366404263,Low,False,,,,
"RF_Clermont County, OH_4618",7275 Cedar St,False,0.10151177275862677,Low,False,,,,
"RF_Clermont County, OH_0271",9577 Oak Rd,False,0.10149963820280525,Low,False,,,,
"RF_Clermont County, OH_1724",6400 Cedar Blvd,False,0.10149782598456344,Low,False,,,,
"RF_Clermont County, OH_2052",8857 Cedar Blvd,False,0.10148329528150547,Low,False,,,,
"RF_Clermont County, OH_2353",912 Pine St,False,0.10147767801786595,Low,False,,,,
"RF_Clermont County, OH_1851",5252 Oak Ave,False,0.10146619124030468,Low,False,,,,
"RF_Clermont County, OH_3620",9641 Oak Blvd,False,0.10146322504387226,Low,False,,,,
"RF_Clermont County, OH_4022",9776 Cedar Blvd,False,0.10146076553319872,Low,False,,,,
"RF_Clermont County, OH_0582",5036 Main Rd,False,0.10145393637377885,Low,False,,,,
"RF_Clermont County, OH_0362",8437 Cedar Ave,False,0.10145301304726655,Low,False,,,,
"RF_Clermont County, OH_3093",2587 Maple Ave,False,0.1014141173401943,Low,False,,,,
"RF_Clermont County, OH_0097",5695 Pine Rd,False,0.10139882758134604,Low,False,,,,
"RF_Clermont County, OH_0401",4704 Cedar Blvd,False,0.10137232579289007,Low,False,,,,
"RF_Clermont County, OH_1397",5464 Oak Rd,False,0.1013591930779449,Low,False,,,,
"RF_Clermont County, OH_0262",5013 Pine Ave,False,0.1013565569192644,Low,False,,,,
"RF_Clermont County, OH_3608",3324 Pine Ave,False,0.10134498266008489,Low,False,,,,
"RF_Clermont County, OH_3508",9254 Oak Rd,False,0.10133774008443733,Low,False,,,,
"RF_Clermont County, OH_4135",9468 Maple Ave,False,0.10133306672668403,Low,False,,,,
"RF_Clermont County, OH_2873",7757 Pine St,False,0.10132756558285037,Low,False,,,,
"RF_Clermont County, OH_1753",8705 Maple Rd,False,0.1013174673069998,Low,False,,,,
"RF_Clermont County, OH_1387",7219 Cedar Ave,False,0.10130493154399059,Low,False,,,,
"RF_Clermont County, OH_0007",6485 Main Rd,False,0.10129446760007778,Low,False,,,,
"RF_Clermont County, OH_1242",2011 Pine St,False,0.10122894712422813,Low,False,,,,
"RF_Clermont County, OH_2640",2136 Oak Blvd,False,0.10122826298469853,Low,True,2024-09-27 23:57:41.150727,117.0,551247.0,427555.0
"RF_Clermont County, OH_0239",330 Cedar Blvd,False,0.10120214032883784,Low,False,,,,
"RF_Clermont County, OH_2087",362 Pine Blvd,False,0.10119425827218222,Low,False,,,,
"RF_Clermont County, OH_4850",2841 Pine St,False,0.10118767938106582,Low,False,,,,
"RF_Clermont County, OH_4840",9080 Maple St,False,0.10114495276540902,Low,False,,,,
"RF_Clermont County, OH_4480",8710 Main Blvd,False,0.10113500454320583,Low,True,2024-11-29 23:57:41.150727,140.0,340636.0,485651.0
"RF_Clermont County, OH_3321",869 Cedar St,False,0.10113162460379951,Low,False,,,,
"RF_Clermont County, OH_1046",7450 Cedar Ave,False,0.1011119204045363,Low,False,,,,
"RF_Clermont County, OH_3845",9963 Cedar Rd,False,0.10109572389614811,Low,False,,,,
"RF_Clermont County, OH_2829",1978 Pine St,False,0.1010886129876857,Low,False,,,,
"RF_Clermont County, OH_2569",5835 Pine Blvd,False,0.10108759175327037,Low,False,,,,
"RF_Clermont County, OH_1645",2653 Main Ave,False,0.10106289093649978,Low,False,,,,
"RF_Clermont County, OH_4472",5460 Oak St,False,0.10105662751010051,Low,False,,,,
"RF_Clermont County, OH_0132",3224 Cedar Rd,False,0.1010093904515304,Low,False,,,,
"RF_Clermont County, OH_3405",6549 Pine St,False,0.10100385826300427,Low,False,,,,
"RF_Clermont County, OH_1951",9985 Oak Blvd,False,0.10100081043975839,Low,False,,,,
"RF_Clermont County, OH_3397",2891 Main Rd,False,0.10098993794977473,Low,False,,,,
"RF_Clermont County, OH_0319",9736 Maple St,False,0.10097814479990389,Low,False,,,,
"RF_Clermont County, OH_3389",3800 Maple Rd,False,0.1009779749394389,Low,False,,,,
"RF_Clermont County, OH_0481",654 Maple St,False,0.1009484704726087,Low,False,,,,
"RF_Clermont County, OH_0908",6626 Oak Ave,False,0.10094801231806427,Low,False,,,,
"RF_Clermont County, OH_0800",2203 Main St,False,0.10093565082711763,Low,True,2025-02-22 23:57:41.150727,55.0,763359.0,159288.0
"RF_Clermont County, OH_3617",3198 Main St,False,0.10091088245506533,Low,False,,,,
"RF_Clermont County, OH_4991",7006 Oak St,False,0.10088291742792775,Low,False,,,,
"RF_Clermont County, OH_3168",4821 Cedar Ave,False,0.10088139571793711,Low,False,,,,
"RF_Clermont County, OH_0840",514 Main Rd,False,0.10083830323185419,Low,True,2025-02-23 23:57:41.150727,168.0,797910.0,332615.0
"RF_Clermont County, OH_2559",7559 Pine Blvd,False,0.10083260499886332,Low,True,2024-09-30 23:57:41.150727,169.0,329247.0,389077.0
"RF_Clermont County, OH_0561",5551 Main Rd,False,0.10080820719620501,Low,False,,,,
"RF_Clermont County, OH_4034",2975 Maple Blvd,False,0.100798569655727,Low,False,,,,
"RF_Clermont County, OH_0304",5481 Oak St,False,0.1007946475734162,Low,False,,,,
"RF_Clermont County, OH_3971",9871 Cedar Ave,False,0.10079154889768453,Low,False,,,,
"RF_Clermont County, OH_0863",9596 Main Ave,False,0.10075127041348422,Low,False,,,,
"RF_Clermont County, OH_4477",5489 Oak St,False,0.1007481177081301,Low,False,,,,
"RF_Clermont County, OH_3246",8612 Pine Blvd,False,0.10074727427430906,Low,False,,,,
"RF_Clermont County, OH_1643",4887 Main St,False,0.10072547873444827,Low,False,,,,
"RF_Clermont County, OH_3919",7925 Oak Ave,False,0.10070276308349696,Low,True,2025-04-30 23:57:41.150727,137.0,408083.0,757921.0
"RF_Clermont County, OH_0675",5024 Cedar Blvd,False,0.1006997105608053,Low,False,,,,
"RF_Clermont County, OH_1625",4036 Pine Rd,False,0.10069393746747224,Low,False,,,,
"RF_Clermont County, OH_2173",1167 Cedar St,False,0.10065815299238907,Low,False,,,,
"RF_Clermont County, OH_0298",1395 Oak St,False,0.10064346758760194,Low,False,,,,
"RF_Clermont County, OH_4211",8501 Cedar Rd,False,0.1006305690220352,Low,False,,,,
"RF_Clermont County, OH_3946",5404 Cedar Blvd,False,0.10062225321819164,Low,False,,,,
"RF_Clermont County, OH_4622",3345 Maple Ave,False,0.1006108468440188,Low,True,2025-05-11 23:57:41.150727,147.0,173313.0,419378.0
"RF_Clermont County, OH_0428",5554 Pine Rd,False,0.10060543227567455,Low,False,,,,
"RF_Clermont County, OH_2349",5038 Main St,False,0.10059397078485191,Low,False,,,,
"RF_Clermont County, OH_3697",9143 Main Rd,False,0.10053927612096669,Low,True,2025-01-25 23:57:41.150727,87.0,639471.0,522395.0
"RF_Clermont County, OH_3207",7768 Cedar St,False,0.10051388221928696,Low,False,,,,
"RF_Clermont County, OH_1607",8015 Cedar St,False,0.10050889777762614,Low,False,,,,
"RF_Clermont County, OH_3188",3403 Pine St,False,0.10049195467091267,Low,False,,,,
"RF_Clermont County, OH_3493",3538 Pine Rd,False,0.10043235178044252,Low,False,,,,
"RF_Clermont County, OH_3639",4555 Maple Rd,False,0.10040755025024956,Low,False,,,,
"RF_Clermont County, OH_2185",5984 Cedar Ave,False,0.1003811998941323,Low,True,2025-04-28 23:57:41.150727,88.0,551673.0,206127.0
"RF_Clermont County, OH_1758",5417 Cedar Rd,False,0.10033894088187696,Low,True,2025-05-16 23:57:41.150727,35.0,554519.0,290340.0
"RF_Clermont County, OH_4422",2873 Cedar St,False,0.10029102645282063,Low,False,,,,
"RF_Clermont County, OH_1872",5014 Maple St,False,0.10028126936482028,Low,False,,,,
"RF_Clermont County, OH_2462",3609 Maple Ave,False,0.10025404364806356,Low,False,,,,
"RF_Clermont County, OH_4109",4163 Pine Blvd,False,0.10025223708444106,Low,False,,,,
"RF_Clermont County, OH_1604",3904 Cedar Rd,False,0.100248518282108,Low,False,,,,
"RF_Clermont County, OH_1882",166 Main Rd,False,0.10023756052855307,Low,False,,,,
"RF_Clermont County, OH_1751",2662 Main Blvd,False,0.10023383703325893,Low,False,,,,
"RF_Clermont County, OH_2563",6790 Maple Blvd,False,0.1002290801212385,Low,False,,,,
"RF_Clermont County, OH_1182",2939 Main St,False,0.10020802751490278,Low,False,,,,
"RF_Clermont County, OH_0552",5759 Maple St,False,0.10020255764821209,Low,False,,,,
"RF_Clermont County, OH_0483",1386 Cedar St,False,0.10020237056580157,Low,True,2025-05-18 23:57:41.150727,79.0,154985.0,324247.0
"RF_Clermont County, OH_0980",294 Cedar Rd,False,0.100195107151931,Low,False,,,,
"RF_Clermont County, OH_4760",4387 Pine St,False,0.1001888986044835,Low,True,2024-11-19 23:57:41.150727,49.0,515628.0,307226.0
"RF_Clermont County, OH_4300",4723 Pine Blvd,False,0.10018027865504585,Low,False,,,,
"RF_Clermont County, OH_0930",7734 Maple St,False,0.10015564352810857,Low,False,,,,
"RF_Clermont County, OH_3236",4897 Oak Blvd,False,0.10015061353188037,Low,False,,,,
"RF_Clermont County, OH_4547",4652 Pine Rd,False,0.1000886652755078,Low,True,2025-02-24 23:57:41.150727,87.0,751453.0,762184.0
"RF_Clermont County, OH_0432",8373 Pine Ave,False,0.10008444159669515,Low,False,,,,
"RF_Clermont County, OH_1495",2146 Maple Blvd,False,0.10008302474446662,Low,False,,,,
"RF_Clermont County, OH_1806",7895 Pine Blvd,False,0.10007722655434953,Low,True,2025-05-28 23:57:41.150727,45.0,155162.0,326846.0
"RF_Clermont County, OH_3008",1968 Main Ave,False,0.10007400243512156,Low,True,2024-07-30 23:57:41.150727,80.0,429895.0,254275.0
"RF_Clermont County, OH_0008",6021 Main Rd,False,0.10006173347562619,Low,False,,,,
"RF_Clermont County, OH_1300",2509 Oak St,False,0.1000456338503435,Low,False,,,,
"RF_Clermont County, OH_2897",2839 Maple Blvd,False,0.10004410882998994,Low,False,,,,
"RF_Clermont County, OH_4202",6972 Pine Ave,False,0.10001144170408202,Low,True,2025-05-31 23:57:41.150727,93.0,260619.0,641332.0
"RF_Clermont County, OH_2885",1895 Maple Ave,False,0.09996780183642318,Low,True,2025-07-13 23:57:41.150727,147.0,191147.0,194613.0
"RF_Clermont County, OH_2358",1632 Oak Blvd,False,0.09996106782592433,Low,True,2025-06-12 23:57:41.150727,37.0,566927.0,799142.0
"RF_Clermont County, OH_1880",1206 Pine St,False,0.09991027242456685,Low,False,,,,
"RF_Clermont County, OH_1027",4548 Pine Blvd,False,0.09988399729628163,Low,False,,,,
"RF_Clermont County, OH_0331",444 Maple Rd,False,0.09988041000020242,Low,False,,,,
"RF_Clermont County, OH_2768",9588 Main St,False,0.09986248266046081,Low,False,,,,
"RF_Clermont County, OH_2026",5234 Oak St,False,0.09983985712411904,Low,False,,,,
"RF_Clermont County, OH_2393",2735 Cedar Ave,False,0.09981741139227227,Low,False,,,,
"RF_Clermont County, OH_2061",5551 Oak Rd,False,0.09979765228067934,Low,False,,,,
"RF_Clermont County, OH_4235",1313 Pine Blvd,False,0.0997868730600531,Low,False,,,,
"RF_Clermont County, OH_1494",3453 Maple Ave,False,0.09978604790318027,Low,False,,,,
"RF_Clermont County, OH_4227",964 Pine Ave,False,0.09977750798550955,Low,False,,,,
"RF_Clermont County, OH_0253",3975 Oak St,False,0.09977208949484223,Low,False,,,,
"RF_Clermont County, OH_3006",4823 Main Blvd,False,0.09976566092132069,Low,True,2024-08-31 23:57:41.150727,27.0,465931.0,547341.0
"RF_Clermont County, OH_1792",2942 Maple Rd,False,0.09974177251725551,Low,False,,,,
"RF_Clermont County, OH_4787",1410 Oak Ave,False,0.09969582419523192,Low,False,,,,
"RF_Clermont County, OH_3604",3291 Main St,False,0.09967797965915995,Low,False,,,,
"RF_Clermont County, OH_2328",5407 Maple Rd,False,0.09965295252057911,Low,False,,,,
"RF_Clermont County, OH_1705",8386 Pine Rd,False,0.09964280780477408,Low,False,,,,
"RF_Clermont County, OH_3576",5564 Maple Blvd,False,0.09960796555771233,Low,False,,,,
"RF_Clermont County, OH_4105",7768 Main St,False,0.0996068102037287,Low,False,,,,
"RF_Clermont County, OH_1197",8071 Maple Blvd,False,0.0996064668192248,Low,False,,,,
"RF_Clermont County, OH_3315",8598 Oak Blvd,False,0.09960180174292929,Low,False,,,,
"RF_Clermont County, OH_2583",7618 Maple Blvd,False,0.09957963505122572,Low,False,,,,
"RF_Clermont County, OH_0003",7444 Pine Rd,False,0.09957803105541703,Low,False,,,,
"RF_Clermont County, OH_0538",2179 Main Blvd,False,0.0995721267888212,Low,False,,,,
"RF_Clermont County, OH_1172",3627 Oak Rd,False,0.09956370318285261,Low,False,,,,
"RF_Clermont County, OH_4564",5240 Cedar Ave,False,0.09954007681283619,Low,True,2025-02-11 23:57:41.150727,112.0,691943.0,486012.0
"RF_Clermont County, OH_0589",1193 Main St,False,0.09953001641355502,Low,False,,,,
"RF_Clermont County, OH_3273",7352 Oak Rd,False,0.09952550799003894,Low,True,2025-05-24 23:57:41.150727,102.0,289474.0,742526.0
"RF_Clermont County, OH_4387",3475 Pine St,False,0.09951169652994726,Low,False,,,,
"RF_Clermont County, OH_0995",7449 Main Ave,False,0.09951154933275266,Low,False,,,,
"RF_Clermont County, OH_4119",7872 Oak St,False,0.09949974329499295,Low,False,,,,
"RF_Clermont County, OH_0739",9470 Oak Ave,False,0.0994710038665052,Low,False,,,,
"RF_Clermont County, OH_0972",8309 Cedar St,False,0.09944706949938255,Low,False,,,,
"RF_Clermont County, OH_2286",4433 Cedar Ave,False,0.09943414589456238,Low,False,,,,
"RF_Clermont County, OH_1723",6633 Oak St,False,0.09939695282580932,Low,False,,,,
"RF_Clermont County, OH_2841",1945 Oak Blvd,False,0.0993617604484482,Low,False,,,,
"RF_Clermont County, OH_4998",3868 Oak St,False,0.09935613661859521,Low,False,,,,
"RF_Clermont County, OH_1647",9666 Pine Ave,False,0.09934679416327755,Low,False,,,,
"RF_Clermont County, OH_3962",6523 Main Ave,False,0.0993454318962642,Low,False,,,,
"RF_Clermont County, OH_1163",6636 Oak Ave,False,0.0993449910737398,Low,False,,,,
"RF_Clermont County, OH_1505",360 Main Ave,False,0.09934160603733445,Low,False,,,,
"RF_Clermont County, OH_3862",4074 Oak St,False,0.0993365011178726,Low,False,,,,
"RF_Clermont County, OH_2106",3817 Oak St,False,0.09933631130573743,Low,False,,,,
"RF_Clermont County, OH_4729",5645 Oak St,False,0.09932048390780596,Low,False,,,,
"RF_Clermont County, OH_2730",412 Cedar Ave,False,0.09931045761557968,Low,False,,,,
"RF_Clermont County, OH_0935",3082 Cedar Blvd,False,0.09930975133456241,Low,False,,,,
"RF_Clermont County, OH_3914",2035 Main Blvd,False,0.09927924887370247,Low,False,,,,
"RF_Clermont County, OH_1041",7407 Cedar Blvd,False,0.09926703431697068,Low,False,,,,
"RF_Clermont County, OH_3794",3613 Cedar Rd,False,0.09924174924679324,Low,False,,,,
"RF_Clermont County, OH_2758",8526 Pine St,False,0.09922041114177887,Low,False,,,,
"RF_Clermont County, OH_0299",2730 Maple Rd,False,0.09918529074968294,Low,False,,,,
"RF_Clermont County, OH_3824",439 Maple Rd,False,0.0991748685752623,Low,False,,,,
"RF_Clermont County, OH_3656",5243 Cedar St,False,0.09916793905143638,Low,False,,,,
"RF_Clermont County, OH_3341",5822 Main Blvd,False,0.0991620460313949,Low,False,,,,
"RF_Clermont County, OH_4138",6116 Maple Rd,False,0.09915954997321903,Low,False,,,,
"RF_Clermont County, OH_3821",9449 Pine Rd,False,0.09914112841571075,Low,False,,,,
"RF_Clermont County, OH_3291",4734 Oak Blvd,False,0.09912503488558987,Low,False,,,,
"RF_Clermont County, OH_3645",5503 Cedar St,False,0.09911937640710385,Low,False,,,,
"RF_Clermont County, OH_0821",1098 Cedar Ave,False,0.09911540119650696,Low,False,,,,
"RF_Clermont County, OH_2791",5373 Main Ave,False,0.0991053281224051,Low,True,2025-02-26 23:57:41.150727,44.0,553304.0,784010.0
"RF_Clermont County, OH_1054",8410 Cedar St,False,0.09910492035819359,Low,False,,,,
"RF_Clermont County, OH_1596",1373 Pine Rd,False,0.09907854796420383,Low,False,,,,
"RF_Clermont County, OH_0875",6131 Maple Rd,False,0.09907406627320468,Low,False,,,,
"RF_Clermont County, OH_4644",9456 Pine St,False,0.09906569810540856,Low,False,,,,
"RF_Clermont County, OH_3781",3087 Main Blvd,False,0.09905646251945088,Low,False,,,,
"RF_Clermont County, OH_0356",6191 Cedar St,False,0.09902206275454856,Low,False,,,,
"RF_Clermont County, OH_3312",7933 Oak St,False,0.09900769438347737,Low,False,,,,
"RF_Clermont County, OH_0496",1951 Main Blvd,False,0.09899539977416988,Low,False,,,,
"RF_Clermont County, OH_0178",7438 Pine St,False,0.09898734813230863,Low,False,,,,
"RF_Clermont County, OH_2772",4784 Main Ave,False,0.09897426033894925,Low,False,,,,
"RF_Clermont County, OH_4548",6981 Main Blvd,False,0.0989597149769735,Low,False,,,,
"RF_Clermont County, OH_2398",810 Pine Rd,False,0.09895081028897289,Low,False,,,,
"RF_Clermont County, OH_0598",8646 Pine Rd,False,0.09893661347481932,Low,False,,,,
"RF_Clermont County, OH_3280",7743 Oak Ave,False,0.09893192154211747,Low,False,,,,
"RF_Clermont County, OH_1981",6994 Maple Rd,False,0.09892275460068355,Low,False,,,,
"RF_Clermont County, OH_4690",2680 Cedar Ave,False,0.09891671835323891,Low,False,,,,
"RF_Clermont County, OH_0365",1566 Main St,False,0.09891020255281392,Low,True,2024-09-28 23:57:41.150727,162.0,350282.0,463261.0
"RF_Clermont County, OH_2277",3738 Oak Rd,False,0.0989090507928433,Low,False,,,,
"RF_Clermont County, OH_4101",8447 Oak Ave,False,0.098893191613563,Low,False,,,,
"RF_Clermont County, OH_4704",1870 Maple Blvd,False,0.09888810305707928,Low,False,,,,
"RF_Clermont County, OH_4859",4569 Maple St,False,0.0988851153022395,Low,True,2024-09-26 23:57:41.150727,39.0,265116.0,282753.0
"RF_Clermont County, OH_0134",1253 Cedar Blvd,False,0.09887117652010186,Low,False,,,,
"RF_Clermont County, OH_1956",673 Maple Blvd,False,0.09883019086272864,Low,False,,,,
"RF_Clermont County, OH_4623",655 Cedar Rd,False,0.09880797370128246,Low,False,,,,
"RF_Clermont County, OH_1446",2663 Main Rd,False,0.09880223828841075,Low,False,,,,
"RF_Clermont County, OH_1863",3607 Cedar Rd,False,0.09878570107163546,Low,False,,,,
"RF_Clermont County, OH_0965",6955 Pine Rd,False,0.09878134623741727,Low,False,,,,
"RF_Clermont County, OH_0050",7066 Pine St,False,0.09876803748872842,Low,False,,,,
"RF_Clermont County, OH_2666",5391 Pine St,False,0.09876427035571338,Low,False,,,,
"RF_Clermont County, OH_4600",9468 Maple Rd,False,0.09876382078116422,Low,False,,,,
"RF_Clermont County, OH_4247",1941 Cedar St,False,0.09876085277410596,Low,False,,,,
"RF_Clermont County, OH_0136",9632 Oak Ave,False,0.09875959791499182,Low,False,,,,
"RF_Clermont County, OH_4559",3898 Cedar Ave,False,0.09873537720273431,Low,False,,,,
"RF_Clermont County, OH_2622",8510 Main Blvd,False,0.09873498289091626,Low,False,,,,
"RF_Clermont County, OH_2399",3085 Maple St,False,0.09872935310425289,Low,False,,,,
"RF_Clermont County, OH_2460",6181 Maple St,False,0.09872447598658599,Low,False,,,,
"RF_Clermont County, OH_0186",3258 Main Blvd,False,0.09870767074165271,Low,False,,,,
"RF_Clermont County, OH_0870",9869 Pine St,False,0.09869406478918162,Low,False,,,,
"RF_Clermont County, OH_2564",8484 Maple Blvd,False,0.09869172186709767,Low,False,,,,
"RF_Clermont County, OH_4577",2559 Pine Blvd,False,0.09866106621537508,Low,False,,,,
"RF_Clermont County, OH_0866",6889 Pine St,False,0.09864581396446348,Low,False,,,,
"RF_Clermont County, OH_1234",1082 Pine Blvd,False,0.09863255855786673,Low,True,2025-06-13 23:57:41.150727,125.0,235536.0,648798.0
"RF_Clermont County, OH_3399",9162 Main Blvd,False,0.09860626042400103,Low,False,,,,
"RF_Clermont County, OH_2518",2184 Main Ave,False,0.09860603611007487,Low,False,,,,
"RF_Clermont County, OH_2332",5628 Cedar Ave,False,0.09860577352110102,Low,False,,,,
"RF_Clermont County, OH_2083",3589 Pine St,False,0.0985922653155687,Low,False,,,,
"RF_Clermont County, OH_0265",9685 Maple Rd,False,0.09858187557675992,Low,False,,,,
"RF_Clermont County, OH_0639",9655 Pine Blvd,False,0.09854958983070103,Low,False,,,,
"RF_Clermont County, OH_4463",9777 Oak St,False,0.09854945965805001,Low,False,,,,
"RF_Clermont County, OH_3690",6904 Pine St,False,0.09854574062765252,Low,True,2025-03-16 23:57:41.150727,168.0,179610.0,705988.0
"RF_Clermont County, OH_3060",3266 Main Blvd,False,0.09852269420983976,Low,False,,,,
"RF_Clermont County, OH_3678",3200 Main Ave,False,0.09850239480308658,Low,False,,,,
"RF_Clermont County, OH_3255",9024 Oak Rd,False,0.09848217177279625,Low,False,,,,
"RF_Clermont County, OH_3873",791 Main Blvd,False,0.09847949680678118,Low,False,,,,
"RF_Clermont County, OH_2751",6303 Oak Ave,False,0.09847803997256503,Low,False,,,,
"RF_Clermont County, OH_2536",1247 Pine Rd,False,0.0984681937013331,Low,False,,,,
"RF_Clermont County, OH_0447",2159 Maple Blvd,False,0.09846617853485172,Low,False,,,,
"RF_Clermont County, OH_4320",9710 Maple Rd,False,0.09845526772833613,Low,False,,,,
"RF_Clermont County, OH_2374",2165 Cedar Rd,False,0.09843427126942328,Low,False,,,,
"RF_Clermont County, OH_3463",4398 Maple Blvd,False,0.09841475168160362,Low,False,,,,
"RF_Clermont County, OH_3470",9522 Cedar St,False,0.09840776763409746,Low,False,,,,
"RF_Clermont County, OH_2602",5707 Maple St,False,0.09838296728906165,Low,False,,,,
"RF_Clermont County, OH_0989",2428 Maple St,False,0.09837665826785093,Low,False,,,,
"RF_Clermont County, OH_0571",7862 Maple Rd,False,0.09835837895205406,Low,True,2025-06-15 23:57:41.150727,87.0,269521.0,195382.0
"RF_Clermont County, OH_1181",724 Oak Rd,False,0.09833941893796937,Low,False,,,,
"RF_Clermont County, OH_3138",3656 Main St,False,0.09829853709274718,Low,False,,,,
"RF_Clermont County, OH_3149",3525 Oak St,False,0.09829566442845829,Low,False,,,,
"RF_Clermont County, OH_2352",3301 Oak Blvd,False,0.09829249242683687,Low,False,,,,
"RF_Clermont County, OH_0201",1048 Oak Rd,False,0.09828549660054146,Low,False,,,,
"RF_Clermont County, OH_2455",5424 Oak Blvd,False,0.09827169212492358,Low,False,,,,
"RF_Clermont County, OH_3002",8907 Cedar Ave,False,0.09826736847765159,Low,False,,,,
"RF_Clermont County, OH_2039",7152 Oak St,False,0.09823355654844755,Low,False,,,,
"RF_Clermont County, OH_0865",5827 Oak Blvd,False,0.09823009784458127,Low,False,,,,
"RF_Clermont County, OH_3938",4189 Cedar Ave,False,0.09816867983722308,Low,False,,,,
"RF_Clermont County, OH_0078",7612 Main St,False,0.09815820820894249,Low,False,,,,
"RF_Clermont County, OH_1424",1827 Main Rd,False,0.09815608601853364,Low,False,,,,
"RF_Clermont County, OH_0462",5657 Oak Blvd,False,0.09813223356039767,Low,False,,,,
"RF_Clermont County, OH_1818",5643 Oak St,False,0.09813133333003428,Low,False,,,,
"RF_Clermont County, OH_3384",7040 Oak St,False,0.09812537746288368,Low,False,,,,
"RF_Clermont County, OH_1395",7575 Maple Rd,False,0.09812211314517306,Low,False,,,,
"RF_Clermont County, OH_4471",2195 Maple Ave,False,0.09812045960308002,Low,False,,,,
"RF_Clermont County, OH_2011",4494 Oak Rd,False,0.0980852614725833,Low,False,,,,
"RF_Clermont County, OH_3688",8159 Maple Rd,False,0.09808046293834333,Low,False,,,,
"RF_Clermont County, OH_3144",9251 Main Blvd,False,0.09807739655022928,Low,True,2024-10-21 23:57:41.150727,122.0,638567.0,606923.0
"RF_Clermont County, OH_1246",3445 Pine Rd,False,0.09806935785770157,Low,False,,,,
"RF_Clermont County, OH_3587",8303 Main Ave,False,0.09804281588224979,Low,True,2025-01-11 23:57:41.150727,175.0,696644.0,279239.0
"RF_Clermont County, OH_3764",2230 Maple Blvd,False,0.09803757987792662,Low,False,,,,
"RF_Clermont County, OH_2990",3449 Oak Rd,False,0.09803696705555309,Low,False,,,,
"RF_Clermont County, OH_1606",2790 Oak Blvd,False,0.0980252134498637,Low,False,,,,
"RF_Clermont County, OH_0031",4305 Oak St,False,0.09801920665943674,Low,False,,,,
"RF_Clermont County, OH_3712",4743 Oak Ave,False,0.09798699863323891,Low,False,,,,
"RF_Clermont County, OH_1369",1154 Main St,False,0.09798189810529746,Low,True,2025-05-25 23:57:41.150727,43.0,150821.0,619424.0
"RF_Clermont County, OH_4388",1625 Maple Blvd,False,0.09798136722280609,Low,False,,,,
"RF_Clermont County, OH_0004",3221 Oak Rd,False,0.09796730087115878,Low,False,,,,
"RF_Clermont County, OH_2867",2383 Maple Ave,False,0.09796232845014427,Low,True,2025-04-06 23:57:41.150727,169.0,187855.0,720162.0
"RF_Clermont County, OH_4115",5122 Pine Rd,False,0.09795374352625612,Low,True,2025-05-02 23:57:41.150727,151.0,438505.0,464020.0
"RF_Clermont County, OH_2847",5024 Cedar Ave,False,0.09795322382406407,Low,True,2025-06-28 23:57:41.150727,57.0,204920.0,599996.0
"RF_Clermont County, OH_0069",1270 Main Blvd,False,0.0979422588068501,Low,False,,,,
"RF_Clermont County, OH_2351",425 Pine St,False,0.09793794599688853,Low,False,,,,
"RF_Clermont County, OH_3229",6139 Maple Blvd,False,0.09792328621017657,Low,False,,,,
"RF_Clermont County, OH_2989",6376 Oak Blvd,False,0.09783821588148121,Low,False,,,,
"RF_Clermont County, OH_1312",1845 Maple St,False,0.09782452307273658,Low,False,,,,
"RF_Clermont County, OH_2930",791 Pine Rd,False,0.0978171321392791,Low,True,2025-04-19 23:57:41.150727,163.0,387370.0,715650.0
"RF_Clermont County, OH_0975",425 Oak Rd,False,0.09780691797870551,Low,False,,,,
"RF_Clermont County, OH_0579",9798 Maple Rd,False,0.09779752946990394,Low,False,,,,
"RF_Clermont County, OH_0710",6397 Cedar Rd,False,0.09778458588356119,Low,False,,,,
"RF_Clermont County, OH_2769",4315 Pine Ave,False,0.0977829883220737,Low,False,,,,
"RF_Clermont County, OH_0247",5527 Cedar St,False,0.09774666851344681,Low,False,,,,
"RF_Clermont County, OH_1051",9664 Cedar Rd,False,0.09773213481337525,Low,False,,,,
"RF_Clermont County, OH_2960",8169 Main Ave,False,0.097727811966614,Low,False,,,,
"RF_Clermont County, OH_2552",7570 Maple Rd,False,0.09771830502182807,Low,False,,,,
"RF_Clermont County, OH_0093",2005 Oak Rd,False,0.09771557320982886,Low,False,,,,
"RF_Clermont County, OH_1115",5061 Oak Blvd,False,0.09770694242638864,Low,False,,,,
"RF_Clermont County, OH_2540",524 Oak Ave,False,0.0976960796605346,Low,False,,,,
"RF_Clermont County, OH_2835",5481 Pine Blvd,False,0.09767042105769498,Low,False,,,,
"RF_Clermont County, OH_0744",2618 Main St,False,0.09764520210482365,Low,False,,,,
"RF_Clermont County, OH_3366",5726 Main Ave,False,0.09764398240626475,Low,False,,,,
"RF_Clermont County, OH_2941",8643 Pine Blvd,False,0.09764181243736837,Low,False,,,,
"RF_Clermont County, OH_0427",3852 Pine Blvd,False,0.09764075493356375,Low,False,,,,
"RF_Clermont County, OH_0734",3328 Main Ave,False,0.09762740636512976,Low,False,,,,
"RF_Clermont County, OH_0036",9561 Maple Blvd,False,0.09761901297574867,Low,False,,,,
"RF_Clermont County, OH_4155",9017 Pine St,False,0.09761721059812455,Low,False,,,,
"RF_Clermont County, OH_1469",9068 Cedar St,False,0.09760875492449128,Low,False,,,,
"RF_Clermont County, OH_0856",8970 Oak Ave,False,0.09760791292670441,Low,True,2025-01-25 23:57:41.150727,33.0,546691.0,583207.0
"RF_Clermont County, OH_4267",824 Pine St,False,0.09760489189476351,Low,False,,,,
"RF_Clermont County, OH_3164",1199 Cedar St,False,0.09757400524243269,Low,False,,,,
"RF_Clermont County, OH_0303",4110 Cedar Rd,False,0.09755333985801011,Low,False,,,,
"RF_Clermont County, OH_0954",434 Maple Ave,False,0.09754550071549531,Low,False,,,,
"RF_Clermont County, OH_1471",7471 Pine Rd,False,0.09752499261280348,Low,False,,,,
"RF_Clermont County, OH_1781",2670 Oak St,False,0.09751457113252321,Low,False,,,,
"RF_Clermont County, OH_3304",1204 Maple Rd,False,0.09748994825246625,Low,False,,,,
"RF_Clermont County, OH_2865",6152 Pine Blvd,False,0.0974807192743919,Low,False,,,,
"RF_Clermont County, OH_3208",3978 Oak Ave,False,0.0974595737644717,Low,False,,,,
"RF_Clermont County, OH_2662",5146 Pine Rd,False,0.09744530845946443,Low,False,,,,
"RF_Clermont County, OH_2828",1712 Cedar Ave,False,0.09744001507303618,Low,False,,,,
"RF_Clermont County, OH_4291",3163 Cedar Ave,False,0.09741258742266451,Low,False,,,,
"RF_Clermont County, OH_1232",9180 Main St,False,0.09738072889435745,Low,False,,,,
"RF_Clermont County, OH_0803",729 Maple St,False,0.09735570820208495,Low,False,,,,
"RF_Clermont County, OH_3045",394 Maple Rd,False,0.09733398573321797,Low,False,,,,
"RF_Clermont County, OH_3684",8127 Cedar Blvd,False,0.09732828526504994,Low,False,,,,
"RF_Clermont County, OH_1255",3339 Oak Blvd,False,0.09732428569524555,Low,False,,,,
"RF_Clermont County, OH_0368",5434 Oak Ave,False,0.09725063277465237,Low,True,2024-12-14 23:57:41.150727,96.0,726830.0,376309.0
"RF_Clermont County, OH_1354",8750 Main Rd,False,0.09724269583441485,Low,False,,,,
"RF_Clermont County, OH_1584",3492 Oak Ave,False,0.09721936101714494,Low,False,,,,
"RF_Clermont County, OH_0244",5323 Oak Ave,False,0.09721894550913307,Low,False,,,,
"RF_Clermont County, OH_3710",6862 Cedar Blvd,False,0.097218402626863,Low,False,,,,
"RF_Clermont County, OH_0711",2619 Main St,False,0.0972120016214463,Low,True,2025-05-06 23:57:41.150727,146.0,527641.0,781187.0
"RF_Clermont County, OH_3880",7631 Cedar Rd,False,0.09720793596954604,Low,False,,,,
"RF_Clermont County, OH_2490",8196 Cedar Ave,False,0.09717684063270794,Low,False,,,,
"RF_Clermont County, OH_2365",8407 Oak Rd,False,0.09714477211602386,Low,False,,,,
"RF_Clermont County, OH_2554",6792 Main Rd,False,0.09713031352328894,Low,False,,,,
"RF_Clermont County, OH_4266",8312 Cedar Rd,False,0.09710130923535172,Low,False,,,,
"RF_Clermont County, OH_0387",363 Maple Ave,False,0.09708717117996583,Low,False,,,,
"RF_Clermont County, OH_3530",2184 Maple St,False,0.09708174692934923,Low,False,,,,
"RF_Clermont County, OH_1807",3086 Cedar Blvd,False,0.09705174098185543,Low,False,,,,
"RF_Clermont County, OH_1563",3930 Cedar Ave,False,0.0970504887584511,Low,False,,,,
"RF_Clermont County, OH_0420",497 Pine Blvd,False,0.09704995430994158,Low,False,,,,
"RF_Clermont County, OH_4815",9553 Main Rd,False,0.09704092923356367,Low,True,2025-02-10 23:57:41.150727,51.0,701525.0,188197.0
"RF_Clermont County, OH_3523",951 Cedar St,False,0.09703999121163019,Low,False,,,,
"RF_Clermont County, OH_4253",5495 Maple Blvd,False,0.09703292932447366,Low,False,,,,
"RF_Clermont County, OH_3863",4774 Main Rd,False,0.09703097434812194,Low,False,,,,
"RF_Clermont County, OH_2504",6723 Main Rd,False,0.09699882924332916,Low,False,,,,
"RF_Clermont County, OH_3379",4456 Cedar St,False,0.09697610937232291,Low,False,,,,
"RF_Clermont County, OH_2890",1918 Oak Ave,False,0.09693458317258592,Low,False,,,,
"RF_Clermont County, OH_2217",7086 Maple Rd,False,0.09692659094120977,Low,False,,,,
"RF_Clermont County, OH_2875",111 Pine Rd,False,0.09691153178086709,Low,False,,,,
"RF_Clermont County, OH_3096",7728 Main Blvd,False,0.09690257029197512,Low,False,,,,
"RF_Clermont County, OH_3638",4465 Pine Blvd,False,0.09689892883023497,Low,False,,,,
"RF_Clermont County, OH_1273",1156 Maple Rd,False,0.09689494342411786,Low,False,,,,
"RF_Clermont County, OH_0199",1967 Cedar St,False,0.09687676414153357,Low,False,,,,
"RF_Clermont County, OH_0599",6779 Main Blvd,False,0.09687043964026061,Low,False,,,,
"RF_Clermont County, OH_4692",1732 Pine St,False,0.09685091556753321,Low,False,,,,
"RF_Clermont County, OH_0344",3027 Cedar Rd,False,0.09684821245284433,Low,False,,,,
"RF_Clermont County, OH_3458",6414 Cedar Rd,False,0.09684815707077878,Low,False,,,,
"RF_Clermont County, OH_0850",8605 Pine Blvd,False,0.09684609220645916,Low,False,,,,
"RF_Clermont County, OH_0726",8524 Oak Ave,False,0.09682717674232807,Low,True,2025-04-08 23:57:41.150727,107.0,741332.0,739871.0
"RF_Clermont County, OH_4151",8528 Oak Rd,False,0.09681414110890228,Low,False,,,,
"RF_Clermont County, OH_0436",1772 Oak Ave,False,0.09681257465775128,Low,False,,,,
"RF_Clermont County, OH_4755",2640 Main Blvd,False,0.09680478532532134,Low,False,,,,
"RF_Clermont County, OH_1487",4557 Cedar Blvd,False,0.09678506471318933,Low,False,,,,
"RF_Clermont County, OH_0855",9026 Pine Ave,False,0.09675414621771374,Low,False,,,,
"RF_Clermont County, OH_0753",1977 Main Ave,False,0.09675075840464463,Low,False,,,,
"RF_Clermont County, OH_1836",4336 Maple Blvd,False,0.09672318185332532,Low,False,,,,
"RF_Clermont County, OH_1033",3852 Maple Blvd,False,0.09671579666075915,Low,False,,,,
"RF_Clermont County, OH_1581",6440 Main St,False,0.0966998094825782,Low,False,,,,
"RF_Clermont County, OH_2888",9654 Pine Rd,False,0.09669688939913088,Low,False,,,,
"RF_Clermont County, OH_0343",7040 Oak St,False,0.09669371066569665,Low,False,,,,
"RF_Clermont County, OH_2187",985 Cedar Blvd,False,0.09669350787730038,Low,False,,,,
"RF_Clermont County, OH_0062",7732 Pine St,False,0.09667392480712514,Low,False,,,,
"RF_Clermont County, OH_4558",6350 Main Ave,False,0.09665361001720031,Low,False,,,,
"RF_Clermont County, OH_0235",3166 Maple Blvd,False,0.09663794969632862,Low,False,,,,
"RF_Clermont County, OH_4995",852 Cedar Blvd,False,0.09661575760463897,Low,False,,,,
"RF_Clermont County, OH_1868",5466 Oak Rd,False,0.09661111044068477,Low,False,,,,
"RF_Clermont County, OH_2754",6771 Cedar Rd,False,0.09660841944898346,Low,True,2025-05-08 23:57:41.150727,54.0,228220.0,669579.0
"RF_Clermont County, OH_4946",4932 Pine St,False,0.09660157282954077,Low,False,,,,
"RF_Clermont County, OH_0067",4854 Cedar Blvd,False,0.09659746000504828,Low,False,,,,
"RF_Clermont County, OH_0647",9763 Pine Ave,False,0.09657717051269302,Low,False,,,,
"RF_Clermont County, OH_3346",6833 Oak St,False,0.09657148408798773,Low,False,,,,
"RF_Clermont County, OH_3067",5436 Main St,False,0.09655966682456567,Low,False,,,,
"RF_Clermont County, OH_0033",6247 Cedar Ave,False,0.09655295727200378,Low,False,,,,
"RF_Clermont County, OH_3866",304 Oak Rd,False,0.0965405176277283,Low,False,,,,
"RF_Clermont County, OH_4413",1770 Cedar Rd,False,0.096531734582906,Low,True,2024-12-08 23:57:41.150727,112.0,157246.0,737705.0
"RF_Clermont County, OH_1573",5419 Oak Rd,False,0.09651859451446633,Low,False,,,,
"RF_Clermont County, OH_4092",783 Oak St,False,0.09650304702511509,Low,False,,,,
"RF_Clermont County, OH_1010",3053 Maple St,False,0.09650049953347396,Low,True,2024-08-23 23:57:41.150727,106.0,418488.0,175038.0
"RF_Clermont County, OH_0263",8201 Maple Rd,False,0.09648076378281152,Low,False,,,,
"RF_Clermont County, OH_0029",375 Pine Blvd,False,0.09647543001349168,Low,False,,,,
"RF_Clermont County, OH_2269",8889 Cedar Rd,False,0.09647135352610432,Low,False,,,,
"RF_Clermont County, OH_4431",9085 Cedar Ave,False,0.09643005330699263,Low,True,2025-01-30 23:57:41.150727,55.0,267932.0,252305.0
"RF_Clermont County, OH_0782",8595 Maple St,False,0.09642852139154896,Low,False,,,,
"RF_Clermont County, OH_0322",6417 Cedar Blvd,False,0.09642719651674822,Low,False,,,,
"RF_Clermont County, OH_2963",5447 Maple Rd,False,0.09641540826420267,Low,False,,,,
"RF_Clermont County, OH_2005",2066 Pine St,False,0.09639038656732561,Low,False,,,,
"RF_Clermont County, OH_2813",8065 Cedar Rd,False,0.09638701082521998,Low,True,2025-02-19 23:57:41.150727,116.0,680160.0,513542.0
"RF_Clermont County, OH_4332",6725 Main Blvd,False,0.0963698351761496,Low,False,,,,
"RF_Clermont County, OH_4089",4257 Cedar Rd,False,0.0963692005414534,Low,False,,,,
"RF_Clermont County, OH_2645",1601 Cedar Blvd,False,0.0963380872350374,Low,False,,,,
"RF_Clermont County, OH_4412",5289 Main Blvd,False,0.09633704557554651,Low,False,,,,
"RF_Clermont County, OH_1216",2652 Maple Blvd,False,0.09632383003016315,Low,True,2024-12-16 23:57:41.150727,77.0,751233.0,465740.0
"RF_Clermont County, OH_1668",7051 Pine St,False,0.09632185446879969,Low,True,2024-12-29 23:57:41.150727,41.0,418482.0,639487.0
"RF_Clermont County, OH_2040",3662 Main Rd,False,0.09631564427228892,Low,False,,,,
"RF_Clermont County, OH_1661",4275 Oak Rd,False,0.09631344202059319,Low,False,,,,
"RF_Clermont County, OH_4349",5036 Cedar Rd,False,0.09629520270629892,Low,False,,,,
"RF_Clermont County, OH_4278",759 Main Blvd,False,0.09627766642517235,Low,False,,,,
"RF_Clermont County, OH_2062",9284 Maple Blvd,False,0.09627331368545734,Low,True,2024-12-31 23:57:41.150727,147.0,734624.0,493343.0
"RF_Clermont County, OH_3350",6313 Maple Ave,False,0.09626086057860803,Low,False,,,,
"RF_Clermont County, OH_4132",6160 Maple Rd,False,0.09625782261696961,Low,False,,,,
"RF_Clermont County, OH_4608",3496 Main St,False,0.09624714362464082,Low,False,,,,
"RF_Clermont County, OH_4861",3182 Oak St,False,0.09624457705707076,Low,False,,,,
"RF_Clermont County, OH_0959",8877 Oak Rd,False,0.09623678569812379,Low,False,,,,
"RF_Clermont County, OH_0046",5543 Pine Blvd,False,0.0962201683108922,Low,False,,,,
"RF_Clermont County, OH_2986",4423 Oak St,False,0.09620611883768528,Low,False,,,,
"RF_Clermont County, OH_4158",9171 Maple Rd,False,0.0961730279804907,Low,False,,,,
"RF_Clermont County, OH_0065",3884 Main Ave,False,0.09617214343029547,Low,True,2024-08-29 23:57:41.150727,128.0,231469.0,342122.0
"RF_Clermont County, OH_3358",494 Pine Blvd,False,0.0961627316673527,Low,False,,,,
"RF_Clermont County, OH_0520",1665 Cedar Rd,False,0.09615460465765106,Low,False,,,,
"RF_Clermont County, OH_1734",898 Main Blvd,False,0.09613502858428927,Low,False,,,,
"RF_Clermont County, OH_1190",3499 Maple Rd,False,0.0961260661928467,Low,False,,,,
"RF_Clermont County, OH_2427",5585 Oak Ave,False,0.09612529107815626,Low,False,,,,
"RF_Clermont County, OH_0224",1459 Oak St,False,0.0961217459561052,Low,False,,,,
"RF_Clermont County, OH_1560",4199 Cedar St,False,0.09610789071214898,Low,False,,,,
"RF_Clermont County, OH_2539",9124 Main Blvd,False,0.09610788719626306,Low,False,,,,
"RF_Clermont County, OH_0451",1568 Pine St,False,0.09608996129601725,Low,False,,,,
"RF_Clermont County, OH_3613",3752 Main Ave,False,0.0960761648214369,Low,True,2025-01-31 23:57:41.150727,86.0,797369.0,273874.0
"RF_Clermont County, OH_0534",5882 Pine Rd,False,0.09606826184948501,Low,False,,,,
"RF_Clermont County, OH_4215",2414 Main Blvd,False,0.09606341349690865,Low,False,,,,
"RF_Clermont County, OH_1174",2449 Main St,False,0.09603801236746891,Low,False,,,,
"RF_Clermont County, OH_4845",2723 Cedar Blvd,False,0.09601280931516713,Low,False,,,,
"RF_Clermont County, OH_0277",2587 Cedar Ave,False,0.09599076555438744,Low,False,,,,
"RF_Clermont County, OH_3594",1259 Oak Ave,False,0.09595227356841128,Low,False,,,,
"RF_Clermont County, OH_2422",433 Cedar Ave,False,0.09594748361717806,Low,False,,,,
"RF_Clermont County, OH_0336",4127 Cedar Blvd,False,0.09593027865702052,Low,False,,,,
"RF_Clermont County, OH_2300",3433 Oak Rd,False,0.0959289249918591,Low,False,,,,
"RF_Clermont County, OH_0267",6986 Maple Blvd,False,0.09592359413624214,Low,False,,,,
"RF_Clermont County, OH_0408",4409 Cedar Blvd,False,0.09590662229919278,Low,False,,,,
"RF_Clermont County, OH_4862",7106 Cedar St,False,0.09590150106040327,Low,False,,,,
"RF_Clermont County, OH_2280",9562 Oak Rd,False,0.09588595687280878,Low,False,,,,
"RF_Clermont County, OH_0256",4490 Main Rd,False,0.09585784678953377,Low,False,,,,
"RF_Clermont County, OH_4786",1115 Oak Rd,False,0.09583783375268032,Low,False,,,,
"RF_Clermont County, OH_0669",5793 Maple St,False,0.0958017265581003,Low,True,2025-03-21 23:57:41.150727,115.0,395460.0,682578.0
"RF_Clermont County, OH_3823",1218 Maple Rd,False,0.09577875084285147,Low,False,,,,
"RF_Clermont County, OH_0702",1035 Main Rd,False,0.09577488296892007,Low,False,,,,
"RF_Clermont County, OH_4108",5468 Pine Blvd,False,0.09577299948784064,Low,False,,,,
"RF_Clermont County, OH_4102",2306 Main St,False,0.09576854640483537,Low,False,,,,
"RF_Clermont County, OH_3146",763 Pine St,False,0.0957542708953551,Low,False,,,,
"RF_Clermont County, OH_4316",4205 Oak Ave,False,0.09574355694372065,Low,True,2025-07-04 23:57:41.150727,22.0,163150.0,710097.0
"RF_Clermont County, OH_1119",9152 Cedar St,False,0.0957238210581925,Low,True,2025-07-09 23:57:41.150727,121.0,190905.0,734371.0
"RF_Clermont County, OH_3600",3517 Oak Blvd,False,0.09569016813511307,Low,False,,,,
"RF_Clermont County, OH_3713",4401 Cedar Ave,False,0.09568465779405455,Low,False,,,,
"RF_Clermont County, OH_1339",6384 Main St,False,0.09568393055308193,Low,True,2024-10-22 23:57:41.150727,177.0,559677.0,330318.0
"RF_Clermont County, OH_3355",1171 Oak Ave,False,0.0956817381772754,Low,False,,,,
"RF_Clermont County, OH_1286",7267 Main Blvd,False,0.09567374904525199,Low,False,,,,
"RF_Clermont County, OH_4260",1145 Cedar Rd,False,0.09566515874739649,Low,True,2024-08-13 23:57:41.150727,53.0,363182.0,236713.0
"RF_Clermont County, OH_3704",7129 Oak Ave,False,0.09564083689272422,Low,True,2024-09-02 23:57:41.150727,74.0,504497.0,704189.0
"RF_Clermont County, OH_1498",1142 Pine Ave,False,0.09562741465155025,Low,False,,,,
"RF_Clermont County, OH_1967",4752 Oak St,False,0.09558280365590642,Low,False,,,,
"RF_Clermont County, OH_4765",6938 Pine Blvd,False,0.09553827634713222,Low,False,,,,
"RF_Clermont County, OH_3332",9809 Pine Ave,False,0.09553646221116864,Low,False,,,,
"RF_Clermont County, OH_1925",8666 Oak Ave,False,0.09551236599382783,Low,False,,,,
"RF_Clermont County, OH_0895",4200 Oak Blvd,False,0.09549598616482181,Low,False,,,,
"RF_Clermont County, OH_1671",5472 Cedar St,False,0.09549334140768524,Low,False,,,,
"RF_Clermont County, OH_2054",6370 Oak Rd,False,0.09549321004926552,Low,False,,,,
"RF_Clermont County, OH_0752",2491 Pine Ave,False,0.09548773915645213,Low,False,,,,
"RF_Clermont County, OH_1287",9114 Maple St,False,0.0954806838085426,Low,False,,,,
"RF_Clermont County, OH_4036",1217 Cedar St,False,0.09547037086299312,Low,False,,,,
"RF_Clermont County, OH_3106",3239 Cedar Ave,False,0.09544640478407015,Low,False,,,,
"RF_Clermont County, OH_4080",445 Cedar St,False,0.09542851490743649,Low,False,,,,
"RF_Clermont County, OH_3798",9704 Main Blvd,False,0.09542090821691016,Low,False,,,,
"RF_Clermont County, OH_4918",6875 Cedar Rd,False,0.09542008018531847,Low,False,,,,
"RF_Clermont County, OH_2778",1446 Pine St,False,0.09539499719682928,Low,False,,,,
"RF_Clermont County, OH_1909",2579 Main Rd,False,0.09538328663154079,Low,False,,,,
"RF_Clermont County, OH_4191",3442 Cedar Rd,False,0.09536084876710886,Low,False,,,,
"RF_Clermont County, OH_1074",8261 Cedar Blvd,False,0.09534712445964327,Low,True,2025-02-27 23:57:41.150727,98.0,415046.0,370635.0
"RF_Clermont County, OH_1067",7738 Pine Blvd,False,0.09532460192740001,Low,False,,,,
"RF_Clermont County, OH_2852",7831 Oak Blvd,False,0.09532045461145376,Low,False,,,,
"RF_Clermont County, OH_3053",1347 Pine Blvd,False,0.09530436815106222,Low,False,,,,
"RF_Clermont County, OH_1106",6460 Maple Ave,False,0.09529961298712393,Low,False,,,,
"RF_Clermont County, OH_2344",2996 Oak St,False,0.09529841651197749,Low,False,,,,
"RF_Clermont County, OH_2781",3824 Maple Rd,False,0.09529261149804076,Low,False,,,,
"RF_Clermont County, OH_2077",4000 Pine Ave,False,0.09528880661603989,Low,False,,,,
"RF_Clermont County, OH_0523",993 Main Blvd,False,0.09528070812223595,Low,False,,,,
"RF_Clermont County, OH_3994",7325 Pine St,False,0.09528021645749561,Low,True,2025-03-10 23:57:41.150727,156.0,181558.0,671324.0
"RF_Clermont County, OH_3174",2754 Cedar Blvd,False,0.0952714547006093,Low,False,,,,
"RF_Clermont County, OH_0928",8574 Maple Ave,False,0.09527068306262614,Low,False,,,,
"RF_Clermont County, OH_3364",3427 Oak Blvd,False,0.09526723495462391,Low,False,,,,
"RF_Clermont County, OH_0010",7626 Cedar Rd,False,0.09525901506529012,Low,False,,,,
"RF_Clermont County, OH_0379",6908 Maple Blvd,False,0.09525758547925584,Low,False,,,,
"RF_Clermont County, OH_2901",8401 Maple Rd,False,0.09525600613887344,Low,False,,,,
"RF_Clermont County, OH_4163",2892 Pine St,False,0.09521625317784421,Low,False,,,,
"RF_Clermont County, OH_0969",2361 Cedar Ave,False,0.09520384350582976,Low,False,,,,
"RF_Clermont County, OH_1823",2693 Maple Blvd,False,0.09519064968578737,Low,False,,,,
"RF_Clermont County, OH_1629",8573 Cedar Blvd,False,0.09518960601765135,Low,True,2025-03-02 23:57:41.150727,142.0,639456.0,223037.0
"RF_Clermont County, OH_4794",592 Main Ave,False,0.0951776387181245,Low,False,,,,
"RF_Clermont County, OH_2147",4528 Maple St,False,0.09517464959123008,Low,False,,,,
"RF_Clermont County, OH_3227",4084 Main St,False,0.09517221915021822,Low,False,,,,
"RF_Clermont County, OH_3635",1166 Pine Ave,False,0.09516926654904373,Low,True,2025-06-08 23:57:41.150727,94.0,218899.0,511219.0
"RF_Clermont County, OH_4711",6947 Maple Blvd,False,0.09516670494816998,Low,False,,,,
"RF_Clermont County, OH_2550",3355 Main St,False,0.09514775364673485,Low,False,,,,
"RF_Clermont County, OH_2872",2495 Pine Rd,False,0.0951141895857426,Low,False,,,,
"RF_Clermont County, OH_0873",5523 Oak Blvd,False,0.09511343363577163,Low,False,,,,
"RF_Clermont County, OH_2755",3323 Pine Blvd,False,0.09511110457488389,Low,False,,,,
"RF_Clermont County, OH_3902",2108 Main St,False,0.09509519434040481,Low,False,,,,
"RF_Clermont County, OH_4716",8250 Main Rd,False,0.09509060826555364,Low,False,,,,
"RF_Clermont County, OH_1582",4253 Maple Rd,False,0.09506792023545486,Low,False,,,,
"RF_Clermont County, OH_1962",4951 Maple St,False,0.09504382361469255,Low,False,,,,
"RF_Clermont County, OH_4992",3874 Maple Blvd,False,0.09504217184083029,Low,False,,,,
"RF_Clermont County, OH_3257",1056 Cedar St,False,0.09502932644072039,Low,False,,,,
"RF_Clermont County, OH_1018",3677 Pine Blvd,False,0.0950167406872061,Low,False,,,,
"RF_Clermont County, OH_2926",9772 Pine Rd,False,0.09500512497677431,Low,False,,,,
"RF_Clermont County, OH_3733",4108 Main St,False,0.09500504757727636,Low,False,,,,
"RF_Clermont County, OH_2509",9421 Maple Rd,False,0.09499556464578986,Low,False,,,,
"RF_Clermont County, OH_0373",5394 Pine Ave,False,0.09496423247195827,Low,False,,,,
"RF_Clermont County, OH_1899",349 Maple St,False,0.09496360018111356,Low,False,,,,
"RF_Clermont County, OH_4083",3937 Oak Rd,False,0.09496126009990132,Low,False,,,,
"RF_Clermont County, OH_1358",4374 Main Blvd,False,0.09496035212017033,Low,False,,,,
"RF_Clermont County, OH_1420",345 Oak St,False,0.09495286586461005,Low,False,,,,
"RF_Clermont County, OH_4045",7082 Oak St,False,0.09495283277087188,Low,False,,,,
"RF_Clermont County, OH_1908",2672 Main Ave,False,0.0949221071644095,Low,False,,,,
"RF_Clermont County, OH_1223",1538 Pine Blvd,False,0.09490774764320296,Low,False,,,,
"RF_Clermont County, OH_1935",6089 Cedar Blvd,False,0.09488603080469692,Low,False,,,,
"RF_Clermont County, OH_4819",471 Pine Rd,False,0.09488414709652977,Low,True,2025-02-01 23:57:41.150727,107.0,279763.0,701712.0
"RF_Clermont County, OH_2202",8866 Oak Ave,False,0.09484375521460622,Low,False,,,,
"RF_Clermont County, OH_3247",7754 Pine Ave,False,0.09479571296677503,Low,False,,,,
"RF_Clermont County, OH_3289",8599 Pine St,False,0.09478330336733878,Low,False,,,,
"RF_Clermont County, OH_1524",5501 Main St,False,0.09477479298306887,Low,False,,,,
"RF_Clermont County, OH_2294",5019 Pine St,False,0.09475747043578493,Low,True,2025-05-27 23:57:41.150727,33.0,657425.0,771160.0
"RF_Clermont County, OH_4055",4053 Pine St,False,0.09475670912323253,Low,False,,,,
"RF_Clermont County, OH_3585",2543 Pine Rd,False,0.09473606374244421,Low,False,,,,
"RF_Clermont County, OH_4709",3091 Oak Rd,False,0.09472294834502716,Low,False,,,,
"RF_Clermont County, OH_3998",7432 Main St,False,0.0947208413063379,Low,False,,,,
"RF_Clermont County, OH_1208",7319 Pine Blvd,False,0.09471130358099901,Low,False,,,,
"RF_Clermont County, OH_3552",260 Cedar Blvd,False,0.09470388436606257,Low,False,,,,
"RF_Clermont County, OH_2604",6199 Oak St,False,0.09469479659112051,Low,True,2024-10-11 23:57:41.150727,53.0,320023.0,700978.0
"RF_Clermont County, OH_1142",8843 Maple Rd,False,0.09468026039544082,Low,False,,,,
"RF_Clermont County, OH_1090",5441 Maple Ave,False,0.09467257776889838,Low,False,,,,
"RF_Clermont County, OH_2091",988 Oak St,False,0.09465049936802389,Low,True,2024-10-23 23:57:41.150727,107.0,317323.0,390747.0
"RF_Clermont County, OH_0885",5359 Main Rd,False,0.09462406750369758,Low,False,,,,
"RF_Clermont County, OH_2395",5548 Maple Ave,False,0.09457735362253915,Low,False,,,,
"RF_Clermont County, OH_2033",461 Maple St,False,0.09451088039330893,Low,False,,,,
"RF_Clermont County, OH_4800",782 Oak Ave,False,0.09450500376039166,Low,False,,,,
"RF_Clermont County, OH_0037",9518 Cedar St,False,0.09448709118717229,Low,False,,,,
"RF_Clermont County, OH_3110",9223 Oak Rd,False,0.09448524053670478,Low,False,,,,
"RF_Clermont County, OH_2498",8392 Oak Blvd,False,0.0944718338021286,Low,False,,,,
"RF_Clermont County, OH_1412",4892 Main St,False,0.09446666645995937,Low,True,2024-11-30 23:57:41.150727,163.0,627249.0,721820.0
"RF_Clermont County, OH_4546",2656 Pine Ave,False,0.09444958573045945,Low,False,,,,
"RF_Clermont County, OH_1657",3393 Cedar Ave,False,0.09444295913484807,Low,False,,,,
"RF_Clermont County, OH_1084",3754 Oak Ave,False,0.09444209022831469,Low,False,,,,
"RF_Clermont County, OH_0913",103 Oak St,False,0.09443726057456636,Low,False,,,,
"RF_Clermont County, OH_3456",578 Main Ave,False,0.09443666162350672,Low,False,,,,
"RF_Clermont County, OH_4841",1637 Pine St,False,0.0944174663882335,Low,False,,,,
"RF_Clermont County, OH_3997",4137 Oak Ave,False,0.09441221248261385,Low,True,2025-04-13 23:57:41.150727,113.0,184752.0,227595.0
"RF_Clermont County, OH_1306",4263 Maple Ave,False,0.09440264302137834,Low,False,,,,
"RF_Clermont County, OH_1591",3453 Main Rd,False,0.09440044524488804,Low,False,,,,
"RF_Clermont County, OH_4232",2978 Oak St,False,0.09438429484476825,Low,False,,,,
"RF_Clermont County, OH_0532",2521 Maple Rd,False,0.0943811491594549,Low,False,,,,
"RF_Clermont County, OH_0334",7621 Pine Rd,False,0.09437981248957088,Low,True,2025-07-15 23:57:41.150727,134.0,165793.0,470226.0
"RF_Clermont County, OH_3689",7969 Pine Ave,False,0.09437338892914403,Low,False,,,,
"RF_Clermont County, OH_4915",7936 Pine St,False,0.09436499058052743,Low,False,,,,
"RF_Clermont County, OH_3056",6513 Pine Rd,False,0.09432841781871468,Low,False,,,,
"RF_Clermont County, OH_4095",4527 Oak Rd,False,0.09431749876388648,Low,False,,,,
"RF_Clermont County, OH_0521",9745 Pine St,False,0.09430516823000969,Low,False,,,,
"RF_Clermont County, OH_1434",1183 Oak St,False,0.09428052433293775,Low,True,2025-02-13 23:57:41.150727,149.0,325429.0,777125.0
"RF_Clermont County, OH_0301",5957 Main Rd,False,0.09427606359999473,Low,False,,,,
"RF_Clermont County, OH_4021",7176 Maple Blvd,False,0.09424855175193181,Low,False,,,,
"RF_Clermont County, OH_2837",6231 Pine Rd,False,0.0942371380469051,Low,False,,,,
"RF_Clermont County, OH_3647",5728 Maple St,False,0.09420913075700925,Low,False,,,,
"RF_Clermont County, OH_2016",9991 Pine Blvd,False,0.09420733471614183,Low,False,,,,
"RF_Clermont County, OH_3619",8092 Cedar Ave,False,0.09420292124896339,Low,False,,,,
"RF_Clermont County, OH_3895",9159 Pine Blvd,False,0.09419464887414558,Low,False,,,,
"RF_Clermont County, OH_1834",3244 Pine Ave,False,0.09419146261812712,Low,False,,,,
"RF_Clermont County, OH_4254",6188 Cedar Blvd,False,0.09419076614695009,Low,True,2025-04-18 23:57:41.150727,19.0,218707.0,709206.0
"RF_Clermont County, OH_2838",8441 Cedar Rd,False,0.0941857891470793,Low,False,,,,
"RF_Clermont County, OH_1270",786 Pine Rd,False,0.09417946490159329,Low,False,,,,
"RF_Clermont County, OH_3187",6937 Pine Rd,False,0.0941570355682453,Low,False,,,,
"RF_Clermont County, OH_0141",3249 Pine Blvd,False,0.09415454795487044,Low,False,,,,
"RF_Clermont County, OH_3445",7997 Pine Ave,False,0.09414835266301971,Low,False,,,,
"RF_Clermont County, OH_2251",7177 Maple Rd,False,0.09413763416137254,Low,False,,,,
"RF_Clermont County, OH_3848",3742 Oak Rd,False,0.09412751150661113,Low,True,2025-02-08 23:57:41.150727,101.0,518688.0,672767.0
"RF_Clermont County, OH_4732",1638 Cedar Blvd,False,0.0941213989934333,Low,False,,,,
"RF_Clermont County, OH_2019",4024 Maple St,False,0.09411300334495057,Low,False,,,,
"RF_Clermont County, OH_3191",2333 Cedar Rd,False,0.09410632956405102,Low,False,,,,
"RF_Clermont County, OH_0152",5343 Oak Rd,False,0.0941062683143819,Low,False,,,,
"RF_Clermont County, OH_2140",2320 Cedar Blvd,False,0.0941003646966665,Low,False,,,,
"RF_Clermont County, OH_2613",7895 Maple Rd,False,0.0941000556246904,Low,False,,,,
"RF_Clermont County, OH_0650",9638 Cedar Rd,False,0.09409642989837755,Low,False,,,,
"RF_Clermont County, OH_0060",6900 Pine St,False,0.0940677869040406,Low,False,,,,
"RF_Clermont County, OH_2155",9526 Cedar Ave,False,0.09406167985908037,Low,False,,,,
"RF_Clermont County, OH_1627",5939 Pine Ave,False,0.09405482137768482,Low,False,,,,
"RF_Clermont County, OH_2050",7738 Pine St,False,0.09404747824836253,Low,False,,,,
"RF_Clermont County, OH_2484",6736 Main Blvd,False,0.09404608772523444,Low,False,,,,
"RF_Clermont County, OH_1772",134 Oak Blvd,False,0.09404316618155421,Low,False,,,,
"RF_Clermont County, OH_3975",1867 Pine Blvd,False,0.09403484899784405,Low,False,,,,
"RF_Clermont County, OH_1238",1821 Main Ave,False,0.09402814788461557,Low,False,,,,
"RF_Clermont County, OH_2136",3490 Oak Blvd,False,0.09400031235626628,Low,False,,,,
"RF_Clermont County, OH_0382",1304 Pine Rd,False,0.09398221808627541,Low,False,,,,
"RF_Clermont County, OH_0192",8746 Maple Ave,False,0.09395673200665226,Low,False,,,,
"RF_Clermont County, OH_3177",1040 Oak Rd,False,0.09395466374994706,Low,False,,,,
"RF_Clermont County, OH_3649",9669 Maple Ave,False,0.09394781277265887,Low,False,,,,
"RF_Clermont County, OH_0727",4007 Maple Ave,False,0.09394590076217249,Low,False,,,,
"RF_Clermont County, OH_1086",8453 Pine Ave,False,0.0939319519435275,Low,False,,,,
"RF_Clermont County, OH_1167",7771 Cedar Blvd,False,0.09392819051027003,Low,False,,,,
"RF_Clermont County, OH_4590",9307 Pine Blvd,False,0.0939259025521918,Low,False,,,,
"RF_Clermont County, OH_3438",2608 Main Rd,False,0.09391946953315666,Low,False,,,,
"RF_Clermont County, OH_1556",9122 Maple Blvd,False,0.0939166088312027,Low,False,,,,
"RF_Clermont County, OH_2407",2640 Pine Blvd,False,0.09390949788678352,Low,False,,,,
"RF_Clermont County, OH_3905",6958 Main St,False,0.09389245390127961,Low,True,2024-11-08 23:57:41.150727,133.0,638905.0,150205.0
"RF_Clermont County, OH_2546",123 Main Rd,False,0.09388854310570498,Low,False,,,,
"RF_Clermont County, OH_2376",5980 Maple Ave,False,0.09388701368829672,Low,False,,,,
"RF_Clermont County, OH_1709",5151 Oak Rd,False,0.09388668550573287,Low,True,2025-02-03 23:57:41.150727,79.0,298718.0,431361.0
"RF_Clermont County, OH_4053",7413 Main Ave,False,0.09388259044761658,Low,False,,,,
"RF_Clermont County, OH_3308",892 Pine Ave,False,0.09387842546757612,Low,False,,,,
"RF_Clermont County, OH_0441",8262 Maple Blvd,False,0.09387440628341087,Low,False,,,,
"RF_Clermont County, OH_2967",1083 Maple Ave,False,0.09386675151509966,Low,False,,,,
"RF_Clermont County, OH_2905",6860 Oak Rd,False,0.09386374981355115,Low,True,2025-03-01 23:57:41.150727,103.0,672449.0,655659.0
"RF_Clermont County, OH_3087",7501 Oak Ave,False,0.09385830488690185,Low,True,2025-01-25 23:57:41.150727,147.0,696420.0,235109.0
"RF_Clermont County, OH_3323",2107 Maple Rd,False,0.09384213016335932,Low,False,,,,
"RF_Clermont County, OH_1251",3124 Oak Rd,False,0.09382420625449782,Low,False,,,,
"RF_Clermont County, OH_2238",7384 Main Rd,False,0.09380911695391547,Low,True,2025-06-28 23:57:41.150727,17.0,322316.0,731167.0
"RF_Clermont County, OH_3345",5277 Oak St,False,0.09380561372582123,Low,False,,,,
"RF_Clermont County, OH_2795",8615 Main Blvd,False,0.09377843337294602,Low,False,,,,
"RF_Clermont County, OH_1214",2614 Cedar Rd,False,0.09377520108076683,Low,False,,,,
"RF_Clermont County, OH_4569",8400 Oak St,False,0.09377425688043632,Low,False,,,,
"RF_Clermont County, OH_0107",8753 Pine Ave,False,0.09376259902032198,Low,False,,,,
"RF_Clermont County, OH_0625",5433 Cedar Blvd,False,0.0937449794189982,Low,False,,,,
"RF_Clermont County, OH_4143",3003 Pine St,False,0.09371972853763356,Low,False,,,,
"RF_Clermont County, OH_0302",1021 Main Blvd,False,0.09370552140715117,Low,False,,,,
"RF_Clermont County, OH_2812",4478 Cedar Ave,False,0.09370523913519156,Low,False,,,,
"RF_Clermont County, OH_3751",4426 Oak Rd,False,0.09370344941861257,Low,False,,,,
"RF_Clermont County, OH_3415",3580 Pine St,False,0.09368251386639055,Low,False,,,,
"RF_Clermont County, OH_4228",6581 Oak Ave,False,0.09364062986182276,Low,False,,,,
"RF_Clermont County, OH_0407",2044 Maple St,False,0.09363960434997481,Low,False,,,,
"RF_Clermont County, OH_0627",1332 Main Blvd,False,0.0936251974805469,Low,False,,,,
"RF_Clermont County, OH_0274",5392 Oak St,False,0.09360990197218635,Low,False,,,,
"RF_Clermont County, OH_3955",6818 Pine St,False,0.09359684037894853,Low,False,,,,
"RF_Clermont County, OH_1826",4117 Oak St,False,0.09356895947452117,Low,False,,,,
"RF_Clermont County, OH_2621",879 Main Ave,False,0.09356096218470612,Low,False,,,,
"RF_Clermont County, OH_4077",4326 Main Blvd,False,0.09352922891429467,Low,False,,,,
"RF_Clermont County, OH_4057",9252 Maple Ave,False,0.09352530586585162,Low,False,,,,
"RF_Clermont County, OH_0435",2400 Pine St,False,0.09348710453689797,Low,True,2024-10-26 23:57:41.150727,51.0,775157.0,396355.0
"RF_Clermont County, OH_1974",5228 Pine St,False,0.09348603052100106,Low,True,2024-09-07 23:57:41.150727,153.0,307270.0,303175.0
"RF_Clermont County, OH_1263",7088 Maple Blvd,False,0.0934706342750803,Low,False,,,,
"RF_Clermont County, OH_2291",8904 Main St,False,0.09346517307480114,Low,False,,,,
"RF_Clermont County, OH_1484",5946 Oak Rd,False,0.09346091734998135,Low,True,2025-04-18 23:57:41.150727,113.0,273879.0,413808.0
"RF_Clermont County, OH_2468",6384 Maple St,False,0.09345729914881769,Low,True,2025-02-14 23:57:41.150727,40.0,747232.0,574466.0
"RF_Clermont County, OH_2584",3769 Oak Ave,False,0.09343956479673848,Low,False,,,,
"RF_Clermont County, OH_1811",924 Maple St,False,0.0934100990508695,Low,False,,,,
"RF_Clermont County, OH_2396",4258 Maple Ave,False,0.0934024815822229,Low,False,,,,
"RF_Clermont County, OH_1757",3653 Cedar Rd,False,0.09338744730648077,Low,False,,,,
"RF_Clermont County, OH_3509",9498 Pine Ave,False,0.09334839245012663,Low,False,,,,
"RF_Clermont County, OH_1221",7031 Cedar St,False,0.09331971222139218,Low,False,,,,
"RF_Clermont County, OH_1343",5409 Maple Ave,False,0.09331540378308509,Low,False,,,,
"RF_Clermont County, OH_2876",7849 Cedar St,False,0.09331455171480586,Low,False,,,,
"RF_Clermont County, OH_1513",1746 Maple Ave,False,0.09330690021220643,Low,False,,,,
"RF_Clermont County, OH_3214",1885 Pine St,False,0.09330388639455481,Low,False,,,,
"RF_Clermont County, OH_1555",2041 Cedar St,False,0.09329374410754503,Low,False,,,,
"RF_Clermont County, OH_4293",8191 Maple Ave,False,0.09328419108490388,Low,False,,,,
"RF_Clermont County, OH_1532",6034 Main Blvd,False,0.09326019777256077,Low,False,,,,
"RF_Clermont County, OH_3347",3045 Maple Ave,False,0.09325184579039501,Low,True,2025-01-18 23:57:41.150727,123.0,335420.0,671659.0
"RF_Clermont County, OH_1173",9044 Maple Ave,False,0.09324156509185524,Low,False,,,,
"RF_Clermont County, OH_1462",5286 Main Rd,False,0.09323595067067121,Low,False,,,,
"RF_Clermont County, OH_1544",684 Oak Blvd,False,0.09322923367661676,Low,False,,,,
"RF_Clermont County, OH_0551",2499 Oak Ave,False,0.09321694050020897,Low,False,,,,
"RF_Clermont County, OH_1179",8056 Maple Ave,False,0.09321190185454513,Low,False,,,,
"RF_Clermont County, OH_0292",8232 Pine Ave,False,0.09321180767513776,Low,False,,,,
"RF_Clermont County, OH_0505",1077 Main Rd,False,0.09319012668974365,Low,False,,,,
"RF_Clermont County, OH_2107",8832 Pine Blvd,False,0.09318610943600762,Low,False,,,,
"RF_Clermont County, OH_0620",1321 Pine Blvd,False,0.09318610199218605,Low,False,,,,
"RF_Clermont County, OH_3665",4437 Main St,False,0.0931505176705353,Low,False,,,,
"RF_Clermont County, OH_1796",2400 Main Ave,False,0.09314612701766126,Low,False,,,,
"RF_Clermont County, OH_1900",5201 Main Rd,False,0.09314092737116784,Low,False,,,,
"RF_Clermont County, OH_4177",4918 Pine Ave,False,0.09311393099636046,Low,False,,,,
"RF_Clermont County, OH_4173",1997 Maple Blvd,False,0.09308388433351594,Low,False,,,,
"RF_Clermont County, OH_3466",8941 Cedar St,False,0.09305257508331242,Low,False,,,,
"RF_Clermont County, OH_4956",8474 Pine St,False,0.09300465063440089,Low,False,,,,
"RF_Clermont County, OH_1045",6567 Main Rd,False,0.09299728348163559,Low,False,,,,
"RF_Clermont County, OH_2386",6166 Main St,False,0.09298826762967775,Low,False,,,,
"RF_Clermont County, OH_1677",1020 Cedar Blvd,False,0.09297756387100752,Low,False,,,,
"RF_Clermont County, OH_3730",1051 Oak Rd,False,0.09294983802047961,Low,False,,,,
"RF_Clermont County, OH_0191",7485 Oak St,False,0.09293830580024126,Low,False,,,,
"RF_Clermont County, OH_4723",2931 Cedar St,False,0.0929363719615003,Low,False,,,,
"RF_Clermont County, OH_2869",1818 Cedar Rd,False,0.09292785064313122,Low,False,,,,
"RF_Clermont County, OH_4244",8344 Maple Ave,False,0.09292690478625604,Low,False,,,,
"RF_Clermont County, OH_4785",1307 Oak Rd,False,0.09291020575925228,Low,False,,,,
"RF_Clermont County, OH_0872",9997 Maple Rd,False,0.09289885398099104,Low,False,,,,
"RF_Clermont County, OH_3154",7199 Cedar Rd,False,0.09287584664369208,Low,True,2025-04-01 23:57:41.150727,141.0,703421.0,621385.0
"RF_Clermont County, OH_2404",6490 Main Ave,False,0.09284002327913045,Low,False,,,,
"RF_Clermont County, OH_0583",8610 Pine Rd,False,0.09283416877627716,Low,False,,,,
"RF_Clermont County, OH_4485",5105 Oak Rd,False,0.09283393290111042,Low,False,,,,
"RF_Clermont County, OH_0431",563 Cedar Ave,False,0.09277139608644366,Low,False,,,,
"RF_Clermont County, OH_2977",520 Maple Rd,False,0.09275982799272675,Low,False,,,,
"RF_Clermont County, OH_1406",294 Oak Rd,False,0.09273844884931656,Low,False,,,,
"RF_Clermont County, OH_2164",3032 Maple Rd,False,0.09272508662123616,Low,True,2025-06-12 23:57:41.150727,106.0,387867.0,631824.0
"RF_Clermont County, OH_0433",9679 Oak St,False,0.0927084971995221,Low,False,,,,
"RF_Clermont County, OH_1147",2002 Oak Rd,False,0.09268261999326724,Low,False,,,,
"RF_Clermont County, OH_0279",5378 Pine Blvd,False,0.09268083772763303,Low,False,,,,
"RF_Clermont County, OH_1295",1819 Main Ave,False,0.09267141488908437,Low,False,,,,
"RF_Clermont County, OH_1401",9338 Cedar Blvd,False,0.09265166374636727,Low,True,2024-08-07 23:57:41.150727,19.0,444781.0,318479.0
"RF_Clermont County, OH_2485",1088 Main Ave,False,0.09264650574433059,Low,True,2025-06-01 23:57:41.150727,115.0,594902.0,318630.0
"RF_Clermont County, OH_3051",9435 Pine Rd,False,0.0926323943447524,Low,False,,,,
"RF_Clermont County, OH_4511",9885 Main Rd,False,0.09261595786516462,Low,True,2024-08-18 23:57:41.150727,75.0,686564.0,804064.0
"RF_Clermont County, OH_4957",8300 Main Rd,False,0.0926058697429861,Low,False,,,,
"RF_Clermont County, OH_2017",8795 Main Blvd,False,0.09259914261145608,Low,False,,,,
"RF_Clermont County, OH_3561",3227 Main Blvd,False,0.0925950880041769,Low,False,,,,
"RF_Clermont County, OH_0494",3164 Main Rd,False,0.09255166363768362,Low,False,,,,
"RF_Clermont County, OH_3934",3685 Pine Rd,False,0.09252224546742427,Low,False,,,,
"RF_Clermont County, OH_1332",7526 Oak Rd,False,0.09249181961330356,Low,False,,,,
"RF_Clermont County, OH_1539",6666 Oak Ave,False,0.09247516170592923,Low,False,,,,
"RF_Clermont County, OH_4126",3886 Cedar St,False,0.09246019594844075,Low,False,,,,
"RF_Clermont County, OH_2103",4505 Main St,False,0.09243678071365836,Low,False,,,,
"RF_Clermont County, OH_3039",3980 Oak St,False,0.09242766215345384,Low,False,,,,
"RF_Clermont County, OH_3241",3363 Pine Rd,False,0.09240872981532013,Low,False,,,,
"RF_Clermont County, OH_4954",2563 Maple Rd,False,0.09240061687815472,Low,False,,,,
"RF_Clermont County, OH_4324",7829 Main Rd,False,0.0923968514948539,Low,False,,,,
"RF_Clermont County, OH_1968",3070 Oak St,False,0.0923774845977446,Low,False,,,,
"RF_Clermont County, OH_4275",4471 Main Rd,False,0.092370399261978,Low,False,,,,
"RF_Clermont County, OH_4150",4211 Maple Rd,False,0.09236831649930433,Low,True,2024-12-16 23:57:41.150727,26.0,471170.0,615802.0
"RF_Clermont County, OH_3382",4062 Main Rd,False,0.09236062184591932,Low,False,,,,
"RF_Clermont County, OH_0210",6146 Main St,False,0.09235509944440645,Low,False,,,,
"RF_Clermont County, OH_4631",4265 Oak Ave,False,0.0923532683882091,Low,True,2024-09-08 23:57:41.150727,55.0,667909.0,711634.0
"RF_Clermont County, OH_0756",1274 Maple St,False,0.09233706393415797,Low,False,,,,
"RF_Clermont County, OH_2947",8160 Cedar Blvd,False,0.09228594643512333,Low,False,,,,
"RF_Clermont County, OH_0389",4124 Oak Ave,False,0.09228571329862661,Low,True,2025-02-22 23:57:41.150727,34.0,289503.0,221195.0
"RF_Clermont County, OH_0869",4433 Main Blvd,False,0.09227887664220383,Low,True,2025-05-08 23:57:41.150727,129.0,541414.0,207401.0
"RF_Clermont County, OH_1417",5907 Main St,False,0.0922694167128722,Low,False,,,,
"RF_Clermont County, OH_1485",1506 Main Ave,False,0.09226676004613293,Low,False,,,,
"RF_Clermont County, OH_3968",3909 Maple Blvd,False,0.0922647939188655,Low,False,,,,
"RF_Clermont County, OH_0110",3033 Cedar Ave,False,0.0922639239759253,Low,False,,,,
"RF_Clermont County, OH_0419",995 Pine St,False,0.09225574693031897,Low,False,,,,
"RF_Clermont County, OH_3931",661 Pine Ave,False,0.09225293949150422,Low,False,,,,
"RF_Clermont County, OH_4523",9887 Main St,False,0.09225037173198955,Low,False,,,,
"RF_Clermont County, OH_3201",7126 Oak St,False,0.09224937007512923,Low,True,2024-10-17 23:57:41.150727,104.0,351639.0,346765.0
"RF_Clermont County, OH_4179",1134 Oak Ave,False,0.09222357731858777,Low,False,,,,
"RF_Clermont County, OH_0993",3315 Main St,False,0.09221362956069923,Low,True,2025-07-23 23:57:41.150727,39.0,586883.0,528403.0
"RF_Clermont County, OH_0651",1431 Pine Ave,False,0.09219480220696147,Low,False,,,,
"RF_Clermont County, OH_3337",3754 Pine Rd,False,0.09217789284136424,Low,False,,,,
"RF_Clermont County, OH_3009",9081 Oak St,False,0.09217724393457115,Low,False,,,,
"RF_Clermont County, OH_4450",3536 Maple St,False,0.09215964154710571,Low,False,,,,
"RF_Clermont County, OH_3630",2062 Oak Blvd,False,0.09215925441617454,Low,False,,,,
"RF_Clermont County, OH_2857",6565 Main Rd,False,0.09215801442421631,Low,False,,,,
"RF_Clermont County, OH_3654",4102 Cedar St,False,0.092146498574962,Low,False,,,,
"RF_Clermont County, OH_1531",1042 Cedar St,False,0.09214600559162714,Low,False,,,,
"RF_Clermont County, OH_1717",1259 Oak Rd,False,0.09213611154316503,Low,False,,,,
"RF_Clermont County, OH_0715",472 Pine Rd,False,0.092109020799151,Low,False,,,,
"RF_Clermont County, OH_0773",2351 Maple St,False,0.09209334847759947,Low,False,,,,
"RF_Clermont County, OH_3084",7661 Maple Ave,False,0.09209167589340696,Low,False,,,,
"RF_Clermont County, OH_2126",632 Pine Rd,False,0.09207784057614728,Low,False,,,,
"RF_Clermont County, OH_0577",6391 Cedar Blvd,False,0.09207547766399383,Low,False,,,,
"RF_Clermont County, OH_3797",953 Main Rd,False,0.0920576194899786,Low,False,,,,
"RF_Clermont County, OH_4879",6126 Maple St,False,0.09202412342486353,Low,False,,,,
"RF_Clermont County, OH_3546",4830 Maple Blvd,False,0.0920076876291157,Low,False,,,,
"RF_Clermont County, OH_0580",6206 Pine Rd,False,0.09200664983557234,Low,False,,,,
"RF_Clermont County, OH_3176",2846 Maple Rd,False,0.09199996232763498,Low,False,,,,
"RF_Clermont County, OH_3004",4439 Pine Blvd,False,0.09199237319169254,Low,False,,,,
"RF_Clermont County, OH_0708",5755 Oak St,False,0.09198925180539717,Low,False,,,,
"RF_Clermont County, OH_4804",9433 Main Ave,False,0.09198543776895064,Low,False,,,,
"RF_Clermont County, OH_1969",9103 Cedar Ave,False,0.09196755578583274,Low,False,,,,
"RF_Clermont County, OH_3095",8504 Cedar Blvd,False,0.09196394053270092,Low,False,,,,
"RF_Clermont County, OH_2787",2267 Pine Blvd,False,0.09195596498530352,Low,False,,,,
"RF_Clermont County, OH_2013",4336 Maple Ave,False,0.09195592673649162,Low,False,,,,
"RF_Clermont County, OH_0762",9649 Cedar Ave,False,0.09194981370866136,Low,False,,,,
"RF_Clermont County, OH_4473",4654 Maple St,False,0.0919461760215038,Low,False,,,,
"RF_Clermont County, OH_4888",7913 Pine Blvd,False,0.09191306821992236,Low,False,,,,
"RF_Clermont County, OH_0278",5806 Pine St,False,0.09190599699529878,Low,False,,,,
"RF_Clermont County, OH_0655",3082 Oak Rd,False,0.09189431849842868,Low,False,,,,
"RF_Clermont County, OH_1991",837 Oak Blvd,False,0.09186564203891537,Low,False,,,,
"RF_Clermont County, OH_0463",923 Cedar Blvd,False,0.09185120112661935,Low,False,,,,
"RF_Clermont County, OH_0990",8525 Cedar Ave,False,0.091849731639859,Low,False,,,,
"RF_Clermont County, OH_2792",5124 Cedar St,False,0.09183413852144223,Low,True,2025-03-01 23:57:41.150727,48.0,636462.0,674316.0
"RF_Clermont County, OH_0345",5539 Maple St,False,0.09183252532213124,Low,False,,,,
"RF_Clermont County, OH_0045",5467 Pine Rd,False,0.09180356019669834,Low,False,,,,
"RF_Clermont County, OH_0968",5902 Cedar Rd,False,0.09178633854467005,Low,False,,,,
"RF_Clermont County, OH_3536",6740 Oak Blvd,False,0.09178275871909337,Low,True,2024-09-23 23:57:41.150727,37.0,381554.0,251713.0
"RF_Clermont County, OH_3533",9848 Oak St,False,0.09176471916992697,Low,False,,,,
"RF_Clermont County, OH_0315",6695 Cedar Ave,False,0.09175455367296946,Low,True,2024-12-25 23:57:41.150727,49.0,599247.0,375964.0
"RF_Clermont County, OH_1105",711 Main St,False,0.09173726133195924,Low,False,,,,
"RF_Clermont County, OH_0202",7545 Oak Rd,False,0.0916693134177952,Low,False,,,,
"RF_Clermont County, OH_3612",6800 Cedar St,False,0.09166657714664445,Low,False,,,,
"RF_Clermont County, OH_3894",9019 Oak Rd,False,0.09166011408268823,Low,False,,,,
"RF_Clermont County, OH_4140",159 Maple St,False,0.09165966948027174,Low,False,,,,
"RF_Clermont County, OH_3597",9000 Cedar Rd,False,0.0916570896056803,Low,False,,,,
"RF_Clermont County, OH_4868",9462 Pine Rd,False,0.0916570791941116,Low,False,,,,
"RF_Clermont County, OH_0542",9371 Oak Rd,False,0.0916147691488032,Low,False,,,,
"RF_Clermont County, OH_3436",2802 Cedar Ave,False,0.09159154645102319,Low,False,,,,
"RF_Clermont County, OH_4385",8211 Oak Rd,False,0.09158341305213905,Low,False,,,,
"RF_Clermont County, OH_1398",7760 Main St,False,0.09157027262533536,Low,False,,,,
"RF_Clermont County, OH_0804",3565 Oak Rd,False,0.09155854103019585,Low,False,,,,
"RF_Clermont County, OH_1249",5125 Main Ave,False,0.09154154564569425,Low,False,,,,
"RF_Clermont County, OH_1945",1933 Maple St,False,0.09153727960974191,Low,False,,,,
"RF_Clermont County, OH_3748",7032 Main St,False,0.0915116708051767,Low,False,,,,
"RF_Clermont County, OH_1066",2224 Main Rd,False,0.09145838760161858,Low,False,,,,
"RF_Clermont County, OH_1940",1580 Main Rd,False,0.09144366751364391,Low,False,,,,
"RF_Clermont County, OH_2150",8094 Maple Rd,False,0.09143757063060298,Low,True,2025-01-04 23:57:41.150727,144.0,309128.0,531575.0
"RF_Clermont County, OH_3586",3118 Pine Blvd,False,0.09142112223099641,Low,False,,,,
"RF_Clermont County, OH_1983",5479 Maple Ave,False,0.09141470374410127,Low,False,,,,
"RF_Clermont County, OH_0005",2875 Pine Blvd,False,0.09138671436536036,Low,False,,,,
"RF_Clermont County, OH_4927",5239 Main St,False,0.09137418615579426,Low,False,,,,
"RF_Clermont County, OH_0662",5269 Oak St,False,0.0913738067484006,Low,False,,,,
"RF_Clermont County, OH_4221",5961 Maple Ave,False,0.09136055515184652,Low,True,2025-06-25 23:57:41.150727,158.0,302237.0,629202.0
"RF_Clermont County, OH_0949",230 Pine St,False,0.0913569221857349,Low,False,,,,
"RF_Clermont County, OH_2578",652 Maple Rd,False,0.09133190905072523,Low,False,,,,
"RF_Clermont County, OH_0068",4250 Main Blvd,False,0.09132251613897145,Low,False,,,,
"RF_Clermont County, OH_4781",9758 Main Rd,False,0.09130294698436199,Low,False,,,,
"RF_Clermont County, OH_0812",1088 Oak Ave,False,0.09129060474679687,Low,False,,,,
"RF_Clermont County, OH_1840",2422 Main St,False,0.09128967143529178,Low,False,,,,
"RF_Clermont County, OH_0996",6559 Maple St,False,0.09128818952747854,Low,False,,,,
"RF_Clermont County, OH_3761",4229 Main Ave,False,0.09127922484633244,Low,False,,,,
"RF_Clermont County, OH_2200",2317 Oak Rd,False,0.0912753268306908,Low,False,,,,
"RF_Clermont County, OH_0636",4102 Maple Rd,False,0.09126308878220694,Low,False,,,,
"RF_Clermont County, OH_0066",3634 Main Rd,False,0.0912602167417123,Low,False,,,,
"RF_Clermont County, OH_3086",3599 Main Ave,False,0.09121616333358998,Low,False,,,,
"RF_Clermont County, OH_0629",6748 Pine Ave,False,0.09117924310507067,Low,False,,,,
"RF_Clermont County, OH_3363",9433 Maple Rd,False,0.09117832166178648,Low,False,,,,
"RF_Clermont County, OH_1103",8315 Pine Blvd,False,0.09116233490333511,Low,False,,,,
"RF_Clermont County, OH_2226",5024 Cedar Ave,False,0.09116005022478282,Low,False,,,,
"RF_Clermont County, OH_3245",2236 Oak Rd,False,0.0911516085341377,Low,False,,,,
"RF_Clermont County, OH_2565",806 Oak Ave,False,0.09114596324018111,Low,True,2025-01-10 23:57:41.150727,63.0,639492.0,519041.0
"RF_Clermont County, OH_1986",4764 Main Ave,False,0.09112233765676969,Low,False,,,,
"RF_Clermont County, OH_0567",6459 Cedar Ave,False,0.09112164100801515,Low,False,,,,
"RF_Clermont County, OH_3529",1291 Oak Rd,False,0.0911008380663215,Low,False,,,,
"RF_Clermont County, OH_3305",315 Main St,False,0.0910868901817395,Low,False,,,,
"RF_Clermont County, OH_3843",7522 Cedar St,False,0.09105558275658089,Low,False,,,,
"RF_Clermont County, OH_0701",9975 Maple Rd,False,0.09105202193706952,Low,False,,,,
"RF_Clermont County, OH_1243",3616 Pine St,False,0.0910159615029744,Low,False,,,,
"RF_Clermont County, OH_1220",1735 Maple St,False,0.09101572493446958,Low,False,,,,
"RF_Clermont County, OH_3779",4594 Cedar St,False,0.09100664423846941,Low,False,,,,
"RF_Clermont County, OH_3081",3161 Cedar Rd,False,0.09099740830956943,Low,False,,,,
"RF_Clermont County, OH_1867",3211 Maple St,False,0.09098800568963022,Low,False,,,,
"RF_Clermont County, OH_3457",3653 Maple Blvd,False,0.09098241066303947,Low,True,2024-11-07 23:57:41.150727,29.0,258641.0,602339.0
"RF_Clermont County, OH_0096",5320 Pine Blvd,False,0.09098155239913876,Low,False,,,,
"RF_Clermont County, OH_0019",8726 Main St,False,0.09094918368877165,Low,False,,,,
"RF_Clermont County, OH_2908",3730 Oak Ave,False,0.09092889852661196,Low,False,,,,
"RF_Clermont County, OH_2141",824 Cedar Ave,False,0.09092868388993033,Low,False,,,,
"RF_Clermont County, OH_1116",4955 Cedar Ave,False,0.0908845793699907,Low,False,,,,
"RF_Clermont County, OH_2958",6236 Cedar Rd,False,0.09087428385760084,Low,False,,,,
"RF_Clermont County, OH_2893",717 Oak St,False,0.0908667723570967,Low,False,,,,
"RF_Clermont County, OH_1486",8083 Maple Rd,False,0.0908597736320796,Low,False,,,,
"RF_Clermont County, OH_0212",1657 Maple St,False,0.09085244044581589,Low,False,,,,
"RF_Clermont County, OH_0430",6582 Main Ave,False,0.09084842716790464,Low,True,2025-05-30 23:57:41.150727,149.0,785644.0,592640.0
"RF_Clermont County, OH_3659",6622 Cedar Ave,False,0.09084801073620455,Low,False,,,,
"RF_Clermont County, OH_3139",7481 Pine Blvd,False,0.09082848977476687,Low,False,,,,
"RF_Clermont County, OH_4798",6695 Cedar Blvd,False,0.09082819863598882,Low,False,,,,
"RF_Clermont County, OH_4369",381 Cedar Rd,False,0.09082805956427661,Low,False,,,,
"RF_Clermont County, OH_0242",8055 Pine Ave,False,0.09082497954292604,Low,False,,,,
"RF_Clermont County, OH_1952",5282 Oak Ave,False,0.09079799236151284,Low,False,,,,
"RF_Clermont County, OH_2544",5951 Pine St,False,0.0907960021439313,Low,False,,,,
"RF_Clermont County, OH_1892",5002 Pine Ave,False,0.09079179175633202,Low,False,,,,
"RF_Clermont County, OH_3274",5840 Pine Ave,False,0.09079089498950975,Low,False,,,,
"RF_Clermont County, OH_4665",728 Cedar Ave,False,0.09078793083891698,Low,False,,,,
"RF_Clermont County, OH_0619",4735 Oak Ave,False,0.09078583477121926,Low,False,,,,
"RF_Clermont County, OH_2495",7833 Maple Blvd,False,0.09078210160966929,Low,False,,,,
"RF_Clermont County, OH_2589",2665 Oak Blvd,False,0.0907711580193808,Low,False,,,,
"RF_Clermont County, OH_4374",3089 Main Rd,False,0.09076434723204355,Low,False,,,,
"RF_Clermont County, OH_0810",2930 Maple Blvd,False,0.09074176217039467,Low,False,,,,
"RF_Clermont County, OH_1013",7333 Oak Rd,False,0.09071832400510935,Low,False,,,,
"RF_Clermont County, OH_2523",9530 Cedar Ave,False,0.09070154330042045,Low,False,,,,
"RF_Clermont County, OH_3286",9075 Main St,False,0.09069765638253886,Low,False,,,,
"RF_Clermont County, OH_4611",597 Oak Ave,False,0.09066488255596,Low,True,2024-12-01 23:57:41.150727,22.0,709084.0,273136.0
"RF_Clermont County, OH_3022",6632 Main Rd,False,0.09065406792455927,Low,True,2025-02-09 23:57:41.150727,120.0,233464.0,313715.0
"RF_Clermont County, OH_3372",2875 Cedar Blvd,False,0.09061964494429994,Low,True,2025-06-12 23:57:41.150727,84.0,225823.0,479327.0
"RF_Clermont County, OH_3007",8177 Maple Rd,False,0.0906139665958,Low,False,,,,
"RF_Clermont County, OH_3314",4947 Main St,False,0.0906138730910815,Low,False,,,,
"RF_Clermont County, OH_3745",5549 Pine Blvd,False,0.09060834854627008,Low,False,,,,
"RF_Clermont County, OH_1920",3296 Oak Rd,False,0.09058260486834463,Low,False,,,,
"RF_Clermont County, OH_1108",7010 Oak Rd,False,0.09057292695272672,Low,False,,,,
"RF_Clermont County, OH_1097",2388 Pine Blvd,False,0.09057234717614986,Low,True,2025-02-09 23:57:41.150727,160.0,472142.0,589900.0
"RF_Clermont County, OH_4990",747 Cedar Ave,False,0.09057209515769814,Low,False,,,,
"RF_Clermont County, OH_4468",646 Main St,False,0.09056898665783937,Low,False,,,,
"RF_Clermont County, OH_1977",1953 Oak Blvd,False,0.09056843309325593,Low,False,,,,
"RF_Clermont County, OH_1088",9474 Cedar Rd,False,0.0905636120935982,Low,False,,,,
"RF_Clermont County, OH_0176",3826 Main St,False,0.09051392462846092,Low,False,,,,
"RF_Clermont County, OH_1070",7883 Pine St,False,0.09051080815483382,Low,False,,,,
"RF_Clermont County, OH_2338",2549 Maple St,False,0.09049347143178176,Low,False,,,,
"RF_Clermont County, OH_4632",8463 Cedar Blvd,False,0.09048114277891495,Low,False,,,,
"RF_Clermont County, OH_0544",7810 Maple St,False,0.09047009346382434,Low,True,2024-07-29 23:57:41.150727,17.0,583931.0,322716.0
"RF_Clermont County, OH_0130",7896 Pine Blvd,False,0.0904587825458038,Low,False,,,,
"RF_Clermont County, OH_0822",3377 Oak St,False,0.09045084521299168,Low,True,2024-10-06 23:57:41.150727,88.0,180518.0,174322.0
"RF_Clermont County, OH_2320",7057 Pine St,False,0.09043929311144734,Low,True,2024-10-27 23:57:41.150727,23.0,204965.0,733676.0
"RF_Clermont County, OH_1391",6572 Cedar Rd,False,0.09043274406007065,Low,False,,,,
"RF_Clermont County, OH_0228",9560 Oak Blvd,False,0.09039087135041043,Low,False,,,,
"RF_Clermont County, OH_3199",1470 Pine Blvd,False,0.0903751140455244,Low,False,,,,
"RF_Clermont County, OH_4832",9786 Main St,False,0.0903584052814485,Low,False,,,,
"RF_Clermont County, OH_2912",7975 Maple St,False,0.09035352968261708,Low,False,,,,
"RF_Clermont County, OH_0802",9073 Pine St,False,0.09034685731453215,Low,False,,,,
"RF_Clermont County, OH_4002",6175 Maple St,False,0.09031822883627541,Low,True,2024-09-29 23:57:41.150727,175.0,781650.0,498814.0
"RF_Clermont County, OH_4838",3379 Maple Ave,False,0.09031455478066781,Low,False,,,,
"RF_Clermont County, OH_1960",9345 Cedar St,False,0.09030485678870064,Low,False,,,,
"RF_Clermont County, OH_2899",8975 Main Ave,False,0.09027621730196139,Low,False,,,,
"RF_Clermont County, OH_1682",7288 Main Ave,False,0.09026061316646733,Low,False,,,,
"RF_Clermont County, OH_3519",3500 Pine Rd,False,0.09025853582479387,Low,False,,,,
"RF_Clermont County, OH_0799",9662 Cedar St,False,0.09023885298808988,Low,False,,,,
"RF_Clermont County, OH_2214",2815 Main St,False,0.09022986028401582,Low,False,,,,
"RF_Clermont County, OH_0330",9114 Cedar Blvd,False,0.0902273597075731,Low,False,,,,
"RF_Clermont County, OH_1656",1352 Pine Rd,False,0.09022636978715413,Low,False,,,,
"RF_Clermont County, OH_4791",4431 Pine Rd,False,0.09021193840627621,Low,False,,,,
"RF_Clermont County, OH_1096",8869 Main Blvd,False,0.09019410343808255,Low,False,,,,
"RF_Clermont County, OH_1318",5523 Cedar Blvd,False,0.09018318536445678,Low,False,,,,
"RF_Clermont County, OH_3560",3470 Cedar Rd,False,0.0901575664999537,Low,False,,,,
"RF_Clermont County, OH_4903",6690 Oak Ave,False,0.09015222162576146,Low,True,2025-03-27 23:57:41.150727,43.0,599520.0,589326.0
"RF_Clermont County, OH_3171",6380 Main Ave,False,0.0901293678061811,Low,False,,,,
"RF_Clermont County, OH_4056",4626 Oak St,False,0.09011259307408813,Low,False,,,,
"RF_Clermont County, OH_0273",5005 Pine Ave,False,0.09010495162115655,Low,False,,,,
"RF_Clermont County, OH_1188",5574 Main Rd,False,0.09007402512730278,Low,False,,,,
"RF_Clermont County, OH_0089",4881 Pine Blvd,False,0.09003949785466069,Low,True,2025-03-27 23:57:41.150727,109.0,268773.0,155172.0
"RF_Clermont County, OH_1368",2727 Oak Blvd,False,0.09003845302987036,Low,False,,,,
"RF_Clermont County, OH_0370",1427 Main Rd,False,0.09001474770412347,Low,False,,,,
"RF_Clermont County, OH_1611",5134 Oak Ave,False,0.09000645309186057,Low,False,,,,
"RF_Clermont County, OH_2025",5899 Maple Blvd,False,0.0899935558744146,Low,False,,,,
"RF_Clermont County, OH_4683",8963 Oak St,False,0.08999310155482292,Low,False,,,,
"RF_Clermont County, OH_1777",7249 Pine Rd,False,0.08995989110959826,Low,True,2024-12-20 23:57:41.150727,54.0,184293.0,235558.0
"RF_Clermont County, OH_4870",2253 Cedar St,False,0.08994701917020208,Low,False,,,,
"RF_Clermont County, OH_1519",1370 Main Rd,False,0.08994415461705169,Low,False,,,,
"RF_Clermont County, OH_1901",9718 Oak Blvd,False,0.08989795831347167,Low,False,,,,
"RF_Clermont County, OH_2211",2809 Maple Blvd,False,0.08988504514117752,Low,False,,,,
"RF_Clermont County, OH_2939",7188 Cedar Rd,False,0.08987125735550991,Low,False,,,,
"RF_Clermont County, OH_0704",2230 Cedar Rd,False,0.08985467501648826,Low,False,,,,
"RF_Clermont County, OH_4032",7163 Main Ave,False,0.08983321014138235,Low,True,2025-07-07 23:57:41.150727,173.0,798452.0,324292.0
"RF_Clermont County, OH_0553",3160 Pine Blvd,False,0.089825977491765,Low,False,,,,
"RF_Clermont County, OH_0276",5323 Oak Rd,False,0.0897817588731014,Low,False,,,,
"RF_Clermont County, OH_3792",7021 Maple St,False,0.08977221348782716,Low,False,,,,
"RF_Clermont County, OH_0915",1656 Pine St,False,0.08977083262652494,Low,False,,,,
"RF_Clermont County, OH_2308",5015 Oak Ave,False,0.08976211643739625,Low,False,,,,
"RF_Clermont County, OH_2496",6236 Maple Rd,False,0.08975487045579256,Low,False,,,,
"RF_Clermont County, OH_1370",8054 Oak Ave,False,0.08974976462462582,Low,False,,,,
"RF_Clermont County, OH_2832",5698 Main Blvd,False,0.08974815279281641,Low,False,,,,
"RF_Clermont County, OH_3482",3216 Oak Ave,False,0.08973186098523088,Low,False,,,,
"RF_Clermont County, OH_4014",6203 Main Blvd,False,0.08972221142915245,Low,False,,,,
"RF_Clermont County, OH_0559",6616 Pine Blvd,False,0.0897103458585554,Low,True,2025-03-26 23:57:41.150727,153.0,473745.0,656123.0
"RF_Clermont County, OH_4916",6341 Pine Rd,False,0.08970922926835849,Low,False,,,,
"RF_Clermont County, OH_3511",4516 Maple Ave,False,0.0897079558891578,Low,False,,,,
"RF_Clermont County, OH_4499",2052 Main Ave,False,0.08968538255590892,Low,False,,,,
"RF_Clermont County, OH_0456",2688 Cedar Blvd,False,0.08967773873858319,Low,True,2025-03-09 23:57:41.150727,71.0,165088.0,355567.0
"RF_Clermont County, OH_1715",4850 Cedar Ave,False,0.0896669073674916,Low,False,,,,
"RF_Clermont County, OH_1813",5838 Pine St,False,0.08964917284466296,Low,False,,,,
"RF_Clermont County, OH_1812",1596 Maple Ave,False,0.08964781622753781,Low,False,,,,
"RF_Clermont County, OH_1917",9119 Maple Rd,False,0.0896233485279135,Low,False,,,,
"RF_Clermont County, OH_0361",414 Main St,False,0.08961616216063718,Low,False,,,,
"RF_Clermont County, OH_2167",4309 Cedar Blvd,False,0.08959714546424677,Low,False,,,,
"RF_Clermont County, OH_4017",159 Maple Ave,False,0.08959374790413527,Low,False,,,,
"RF_Clermont County, OH_3343",8249 Maple St,False,0.08955389597263662,Low,False,,,,
"RF_Clermont County, OH_4572",7023 Oak Rd,False,0.08954980061506371,Low,False,,,,
"RF_Clermont County, OH_0737",8063 Pine Blvd,False,0.08954627026830973,Low,False,,,,
"RF_Clermont County, OH_2252",8378 Maple St,False,0.0895392681519304,Low,False,,,,
"RF_Clermont County, OH_4851",187 Maple St,False,0.08952721200295242,Low,False,,,,
"RF_Clermont County, OH_2267",3585 Main St,False,0.08952658132688902,Low,False,,,,
"RF_Clermont County, OH_0510",4252 Oak Blvd,False,0.08951697040623334,Low,False,,,,
"RF_Clermont County, OH_1353",3963 Oak Blvd,False,0.08949090636074071,Low,True,2025-03-14 23:57:41.150727,166.0,498070.0,697604.0
"RF_Clermont County, OH_2696",6523 Maple Rd,False,0.08949017271484103,Low,True,2025-07-27 23:57:41.150727,122.0,306090.0,176797.0
"RF_Clermont County, OH_3217",7336 Main Blvd,False,0.08949000990512915,Low,False,,,,
"RF_Clermont County, OH_4680",1262 Cedar Ave,False,0.08948490296464974,Low,False,,,,
"RF_Clermont County, OH_0284",3966 Maple Rd,False,0.08947300341115078,Low,False,,,,
"RF_Clermont County, OH_2138",2846 Pine St,False,0.08946566615126902,Low,False,,,,
"RF_Clermont County, OH_1282",1899 Cedar St,False,0.0894553319092874,Low,False,,,,
"RF_Clermont County, OH_3000",3130 Pine Ave,False,0.0894469842907655,Low,False,,,,
"RF_Clermont County, OH_0444",8362 Oak Rd,False,0.0894338341112674,Low,False,,,,
"RF_Clermont County, OH_1814",1068 Cedar Rd,False,0.08943128195906007,Low,False,,,,
"RF_Clermont County, OH_4658",2714 Maple St,False,0.08943044827537418,Low,False,,,,
"RF_Clermont County, OH_4327",5564 Pine Blvd,False,0.08942885253707082,Low,False,,,,
"RF_Clermont County, OH_4446",6908 Oak Blvd,False,0.089409266435736,Low,False,,,,
"RF_Clermont County, OH_4367",9303 Pine Blvd,False,0.08939498884236988,Low,True,2024-10-21 23:57:41.150727,107.0,381040.0,304727.0
"RF_Clermont County, OH_0950",3901 Maple Rd,False,0.08937712815201418,Low,False,,,,
"RF_Clermont County, OH_1052",6374 Main St,False,0.08936932689836985,Low,False,,,,
"RF_Clermont County, OH_2609",6288 Maple Blvd,False,0.08935874701607595,Low,False,,,,
"RF_Clermont County, OH_2315",2281 Pine Ave,False,0.08935346857740054,Low,False,,,,
"RF_Clermont County, OH_4637",1108 Oak St,False,0.08934877004757232,Low,False,,,,
"RF_Clermont County, OH_3185",5189 Cedar Blvd,False,0.08930759200201746,Low,False,,,,
"RF_Clermont County, OH_0409",911 Oak Ave,False,0.08929244448268073,Low,False,,,,
"RF_Clermont County, OH_2354",2121 Oak St,False,0.08924703945265457,Low,True,2025-06-25 23:57:41.150727,73.0,735088.0,726528.0
"RF_Clermont County, OH_0674",1325 Main Ave,False,0.08924444282892849,Low,False,,,,
"RF_Clermont County, OH_0759",9438 Main St,False,0.08922968381032903,Low,False,,,,
"RF_Clermont County, OH_4434",6014 Maple Blvd,False,0.08920440093643553,Low,False,,,,
"RF_Clermont County, OH_4164",454 Cedar Blvd,False,0.08919664445342128,Low,False,,,,
"RF_Clermont County, OH_3063",2365 Main St,False,0.08916009113650525,Low,False,,,,
"RF_Clermont County, OH_4863",3407 Maple Ave,False,0.08915847126525472,Low,False,,,,
"RF_Clermont County, OH_1124",3061 Oak St,False,0.08915818926287698,Low,False,,,,
"RF_Clermont County, OH_4073",2090 Oak St,False,0.08915810982371088,Low,True,2024-10-06 23:57:41.150727,80.0,305417.0,531983.0
"RF_Clermont County, OH_1315",2331 Main Rd,False,0.08913954441981714,Low,False,,,,
"RF_Clermont County, OH_3368",8187 Main St,False,0.08913409696905453,Low,True,2025-07-21 23:57:41.150727,64.0,460325.0,807934.0
"RF_Clermont County, OH_4656",1237 Maple St,False,0.08911360319548982,Low,False,,,,
"RF_Clermont County, OH_0820",255 Cedar Rd,False,0.08910088236900544,Low,False,,,,
"RF_Clermont County, OH_0887",5504 Cedar Ave,False,0.0890945685653321,Low,True,2024-11-16 23:57:41.150727,82.0,520489.0,685079.0
"RF_Clermont County, OH_1887",3104 Cedar St,False,0.08907171493410558,Low,False,,,,
"RF_Clermont County, OH_3109",6271 Oak Blvd,False,0.08906522865688266,Low,False,,,,
"RF_Clermont County, OH_4664",9031 Maple St,False,0.08905827599561578,Low,False,,,,
"RF_Clermont County, OH_2183",7306 Cedar Rd,False,0.08903378755351835,Low,True,2024-09-01 23:57:41.150727,167.0,473407.0,788558.0
"RF_Clermont County, OH_2788",5054 Main Blvd,False,0.08901761354069239,Low,False,,,,
"RF_Clermont County, OH_4380",7110 Maple St,False,0.08901492004280508,Low,False,,,,
"RF_Clermont County, OH_0597",6991 Oak St,False,0.08901134436249322,Low,False,,,,
"RF_Clermont County, OH_2225",4086 Maple Rd,False,0.08899215756734388,Low,False,,,,
"RF_Clermont County, OH_4142",9686 Oak Rd,False,0.08898933547390853,Low,False,,,,
"RF_Clermont County, OH_4394",689 Maple Ave,False,0.08897719626304779,Low,False,,,,
"RF_Clermont County, OH_3750",9462 Cedar Rd,False,0.08897717807760029,Low,False,,,,
"RF_Clermont County, OH_4088",9815 Cedar Ave,False,0.08895483589308213,Low,False,,,,
"RF_Clermont County, OH_0765",7267 Maple Rd,False,0.08894779231160467,Low,False,,,,
"RF_Clermont County, OH_2999",3652 Oak Ave,False,0.08893857873930844,Low,False,,,,
"RF_Clermont County, OH_1955",647 Cedar Blvd,False,0.08893054070191142,Low,False,,,,
"RF_Clermont County, OH_2933",9458 Oak Rd,False,0.08890904520368616,Low,False,,,,
"RF_Clermont County, OH_0090",7768 Oak Blvd,False,0.08889933050220264,Low,False,,,,
"RF_Clermont County, OH_0300",4060 Pine Blvd,False,0.08889610855784612,Low,False,,,,
"RF_Clermont County, OH_3717",220 Cedar Ave,False,0.08888065948701145,Low,False,,,,
"RF_Clermont County, OH_4208",2765 Main Rd,False,0.08886449244563036,Low,False,,,,
"RF_Clermont County, OH_2197",6813 Maple Blvd,False,0.08881953048175516,Low,False,,,,
"RF_Clermont County, OH_0223",623 Main Ave,False,0.08881891875411141,Low,False,,,,
"RF_Clermont County, OH_0998",9443 Cedar Ave,False,0.08880879399592044,Low,False,,,,
"RF_Clermont County, OH_3676",8033 Pine Ave,False,0.08880510670599512,Low,False,,,,
"RF_Clermont County, OH_0404",443 Main Blvd,False,0.08879493641291293,Low,False,,,,
"RF_Clermont County, OH_4986",7096 Cedar St,False,0.08878106206015929,Low,False,,,,
"RF_Clermont County, OH_0417",9109 Main Rd,False,0.0887661410336183,Low,True,2024-08-11 23:57:41.150727,147.0,362552.0,241645.0
"RF_Clermont County, OH_4444",3699 Oak Blvd,False,0.0887657333015858,Low,True,2024-10-03 23:57:41.150727,43.0,763448.0,182892.0
"RF_Clermont County, OH_4681",8681 Pine Rd,False,0.0887627397350014,Low,False,,,,
"RF_Clermont County, OH_0385",5535 Maple St,False,0.08876195589818044,Low,False,,,,
"RF_Clermont County, OH_0429",8649 Oak Ave,False,0.08875704156240183,Low,False,,,,
"RF_Clermont County, OH_2027",8100 Oak Blvd,False,0.08874464500137261,Low,False,,,,
"RF_Clermont County, OH_4886",5808 Pine Rd,False,0.08872182511858276,Low,False,,,,
"RF_Clermont County, OH_4932",7948 Maple St,False,0.0886975335054735,Low,False,,,,
"RF_Clermont County, OH_0025",4007 Oak Blvd,False,0.0886763814675209,Low,False,,,,
"RF_Clermont County, OH_3163",7372 Oak Blvd,False,0.08867632621702307,Low,False,,,,
"RF_Clermont County, OH_2948",4191 Main Blvd,False,0.08866734927763875,Low,False,,,,
"RF_Clermont County, OH_0729",2741 Main St,False,0.08865834051618024,Low,False,,,,
"RF_Clermont County, OH_1423",2184 Maple St,False,0.08864919032045673,Low,False,,,,
"RF_Clermont County, OH_0921",2251 Maple Rd,False,0.08864622444332686,Low,False,,,,
"RF_Clermont County, OH_1652",542 Cedar Ave,False,0.0886389934152119,Low,False,,,,
"RF_Clermont County, OH_2060",3963 Maple Ave,False,0.08862621576616025,Low,False,,,,
"RF_Clermont County, OH_4424",4933 Oak Blvd,False,0.08862510452454923,Low,False,,,,
"RF_Clermont County, OH_0788",4812 Oak Rd,False,0.08862194439103424,Low,False,,,,
"RF_Clermont County, OH_0363",2229 Maple Rd,False,0.08862085108426677,Low,False,,,,
"RF_Clermont County, OH_2542",6831 Pine Ave,False,0.08861697824406953,Low,False,,,,
"RF_Clermont County, OH_3481",6137 Oak Ave,False,0.08860161392021128,Low,False,,,,
"RF_Clermont County, OH_0543",5938 Main Blvd,False,0.08859664920944352,Low,False,,,,
"RF_Clermont County, OH_1058",1483 Oak Rd,False,0.08859473751204175,Low,False,,,,
"RF_Clermont County, OH_1619",2548 Maple Blvd,False,0.08859434002381408,Low,False,,,,
"RF_Clermont County, OH_3829",4220 Pine Ave,False,0.08858675853769299,Low,False,,,,
"RF_Clermont County, OH_4445",2151 Pine Rd,False,0.0885719823963912,Low,False,,,,
"RF_Clermont County, OH_3409",6879 Cedar Blvd,False,0.08857187607019024,Low,False,,,,
"RF_Clermont County, OH_4483",6347 Oak Ave,False,0.08856031201879513,Low,False,,,,
"RF_Clermont County, OH_0375",6152 Pine Rd,False,0.08854377322118141,Low,False,,,,
"RF_Clermont County, OH_4616",6061 Maple Blvd,False,0.08851837435735638,Low,False,,,,
"RF_Clermont County, OH_0335",8982 Main Blvd,False,0.08851493359242373,Low,False,,,,
"RF_Clermont County, OH_1313",2117 Maple Ave,False,0.08851314941384965,Low,False,,,,
"RF_Clermont County, OH_3857",5812 Cedar Rd,False,0.08850314331517066,Low,True,2024-09-28 23:57:41.150727,99.0,359617.0,618723.0
"RF_Clermont County, OH_1768",9960 Oak Rd,False,0.0884741662838229,Low,False,,,,
"RF_Clermont County, OH_4189",3462 Maple Ave,False,0.08843239482155826,Low,True,2024-08-07 23:57:41.150727,93.0,165114.0,147732.0
"RF_Clermont County, OH_4417",3134 Cedar Ave,False,0.08842934649870017,Low,True,2025-06-21 23:57:41.150727,24.0,328330.0,555511.0
"RF_Clermont County, OH_2746",6325 Oak Ave,False,0.08838960277116133,Low,False,,,,
"RF_Clermont County, OH_0296",6390 Cedar Ave,False,0.08838039590657483,Low,True,2024-10-24 23:57:41.150727,67.0,688234.0,751785.0
"RF_Clermont County, OH_4245",1813 Oak Blvd,False,0.0883749833995892,Low,False,,,,
"RF_Clermont County, OH_1032",5496 Maple Blvd,False,0.08837226972361209,Low,False,,,,
"RF_Clermont County, OH_3153",1203 Pine Ave,False,0.08835965834378964,Low,False,,,,
"RF_Clermont County, OH_3907",8987 Oak St,False,0.08834845968305427,Low,False,,,,
"RF_Clermont County, OH_2877",1676 Maple St,False,0.08833751638947344,Low,False,,,,
"RF_Clermont County, OH_4925",4468 Main Ave,False,0.08832516300220308,Low,False,,,,
"RF_Clermont County, OH_2015",3456 Main Blvd,False,0.08832146114557586,Low,False,,,,
"RF_Clermont County, OH_1779",1464 Main Blvd,False,0.08832146072254511,Low,False,,,,
"RF_Clermont County, OH_2348",4601 Pine Blvd,False,0.08829859625024758,Low,False,,,,
"RF_Clermont County, OH_2301",5802 Oak Rd,False,0.08829083603655934,Low,False,,,,
"RF_Clermont County, OH_3622",2955 Pine St,False,0.08827724820551267,Low,False,,,,
"RF_Clermont County, OH_2174",6513 Main St,False,0.08826643167047037,Low,False,,,,
"RF_Clermont County, OH_0541",4348 Oak St,False,0.08826296239806607,Low,False,,,,
"RF_Clermont County, OH_3575",8437 Main Ave,False,0.08825860006790721,Low,True,2025-07-27 23:57:41.150727,122.0,454739.0,212773.0
"RF_Clermont County, OH_0257",9807 Cedar Ave,False,0.0882522689352327,Low,False,,,,
"RF_Clermont County, OH_0591",8809 Pine St,False,0.0882321072632677,Low,False,,,,
"RF_Clermont County, OH_4344",9428 Cedar St,False,0.0882057635858439,Low,False,,,,
"RF_Clermont County, OH_0604",9489 Cedar Blvd,False,0.08819729547969828,Low,False,,,,
"RF_Clermont County, OH_4467",9615 Oak Rd,False,0.08818666418292839,Low,False,,,,
"RF_Clermont County, OH_2620",6915 Main Ave,False,0.08818524138897818,Low,False,,,,
"RF_Clermont County, OH_2424",6462 Cedar Rd,False,0.08817601745270975,Low,False,,,,
"RF_Clermont County, OH_4829",7156 Main Blvd,False,0.08817530551182313,Low,False,,,,
"RF_Clermont County, OH_0500",1361 Pine Ave,False,0.08816863466908782,Low,False,,,,
"RF_Clermont County, OH_2843",7109 Maple St,False,0.08816458535860025,Low,False,,,,
"RF_Clermont County, OH_2811",5134 Pine Blvd,False,0.08814988136449552,Low,True,2024-12-22 23:57:41.150727,74.0,663137.0,231434.0
"RF_Clermont County, OH_2075",4115 Cedar Ave,False,0.08814441886301061,Low,True,2025-03-25 23:57:41.150727,73.0,651964.0,221818.0
"RF_Clermont County, OH_3515",5843 Pine Rd,False,0.0881435820779812,Low,False,,,,
"RF_Clermont County, OH_0413",5915 Pine Blvd,False,0.08813229951466986,Low,False,,,,
"RF_Clermont County, OH_2425",7428 Cedar Ave,False,0.08809254867568177,Low,False,,,,
"RF_Clermont County, OH_4042",5913 Cedar Blvd,False,0.08808898633877182,Low,False,,,,
"RF_Clermont County, OH_4370",587 Pine Rd,False,0.08807958309855082,Low,False,,,,
"RF_Clermont County, OH_4194",430 Main Rd,False,0.08807009179190355,Low,False,,,,
"RF_Clermont County, OH_0412",3825 Cedar Ave,False,0.08805520624215211,Low,False,,,,
"RF_Clermont County, OH_3170",2481 Main Ave,False,0.08804864371201361,Low,False,,,,
"RF_Clermont County, OH_0897",1782 Cedar St,False,0.0880439691820485,Low,False,,,,
"RF_Clermont County, OH_2944",8711 Pine Blvd,False,0.0880416576459158,Low,False,,,,
"RF_Clermont County, OH_0497",3452 Pine Rd,False,0.08802477746672648,Low,False,,,,
"RF_Clermont County, OH_3238",9736 Maple St,False,0.08801756837489962,Low,False,,,,
"RF_Clermont County, OH_2913",7083 Main St,False,0.08801199963889858,Low,False,,,,
"RF_Clermont County, OH_2940",5729 Main Rd,False,0.08800471122307041,Low,False,,,,
"RF_Clermont County, OH_3840",7044 Cedar Ave,False,0.08799692302264443,Low,False,,,,
"RF_Clermont County, OH_2794",5945 Pine Blvd,False,0.08799421374094825,Low,False,,,,
"RF_Clermont County, OH_0967",966 Main Ave,False,0.08797924455172258,Low,False,,,,
"RF_Clermont County, OH_2976",7688 Oak Ave,False,0.08797276628521719,Low,False,,,,
"RF_Clermont County, OH_2931",5450 Maple Rd,False,0.08796545474010718,Low,False,,,,
"RF_Clermont County, OH_2471",9423 Main Ave,False,0.08795538311788068,Low,False,,,,
"RF_Clermont County, OH_3442",5829 Pine Blvd,False,0.08794530752249254,Low,False,,,,
"RF_Clermont County, OH_4010",2390 Pine Rd,False,0.08794159330590787,Low,False,,,,
"RF_Clermont County, OH_1780",6649 Cedar Blvd,False,0.08793029363483072,Low,False,,,,
"RF_Clermont County, OH_4626",5919 Oak Blvd,False,0.08791809484828807,Low,False,,,,
"RF_Clermont County, OH_3275",135 Oak Ave,False,0.08791109511352604,Low,False,,,,
"RF_Clermont County, OH_4591",7137 Cedar Blvd,False,0.08791065397064904,Low,False,,,,
"RF_Clermont County, OH_4277",1188 Oak St,False,0.08790725948348804,Low,False,,,,
"RF_Clermont County, OH_1744",5153 Maple Rd,False,0.08788445644016797,Low,False,,,,
"RF_Clermont County, OH_4039",9633 Cedar Ave,False,0.08787788845745204,Low,False,,,,
"RF_Clermont County, OH_3828",1683 Main Rd,False,0.08787053937402117,Low,False,,,,
"RF_Clermont County, OH_2724",3095 Oak Rd,False,0.08784093717701862,Low,False,,,,
"RF_Clermont County, OH_2618",6353 Pine Ave,False,0.08782410452263721,Low,False,,,,
"RF_Clermont County, OH_1808",6385 Cedar St,False,0.08781812883984028,Low,False,,,,
"RF_Clermont County, OH_0672",5980 Cedar Blvd,False,0.08781174846707385,Low,False,,,,
"RF_Clermont County, OH_1111",7754 Maple St,False,0.08780496025628703,Low,False,,,,
"RF_Clermont County, OH_3875",489 Oak Rd,False,0.0877890308819319,Low,False,,,,
"RF_Clermont County, OH_3825",1680 Oak Ave,False,0.08778384268993408,Low,False,,,,
"RF_Clermont County, OH_1708",7309 Main Blvd,False,0.08777729091424435,Low,False,,,,
"RF_Clermont County, OH_3031",1101 Main St,False,0.08776832477558194,Low,True,2025-01-23 23:57:41.150727,107.0,222307.0,544573.0
"RF_Clermont County, OH_1679",2526 Cedar Blvd,False,0.08776581379831963,Low,False,,,,
"RF_Clermont County, OH_4969",3685 Maple St,False,0.087752678654601,Low,False,,,,
"RF_Clermont County, OH_2254",1257 Maple Ave,False,0.08774810430346408,Low,False,,,,
"RF_Clermont County, OH_2406",5705 Main St,False,0.087741629087402,Low,False,,,,
"RF_Clermont County, OH_0347",4991 Main Rd,False,0.08774006205896613,Low,True,2025-05-28 23:57:41.150727,112.0,438774.0,296137.0
"RF_Clermont County, OH_3151",2894 Pine Blvd,False,0.08773547179071478,Low,False,,,,
"RF_Clermont County, OH_3012",9130 Maple St,False,0.08771601114264173,Low,False,,,,
"RF_Clermont County, OH_3524",6834 Oak Rd,False,0.08771341855975782,Low,False,,,,
"RF_Clermont County, OH_4908",6981 Cedar Rd,False,0.08771094831837724,Low,False,,,,
"RF_Clermont County, OH_4518",6416 Pine Blvd,False,0.08770077172448032,Low,False,,,,
"RF_Clermont County, OH_4842",7483 Main Blvd,False,0.08769102529326693,Low,False,,,,
"RF_Clermont County, OH_0691",8516 Pine Ave,False,0.08768648021608431,Low,False,,,,
"RF_Clermont County, OH_4103",5539 Oak Ave,False,0.08767689233891562,Low,False,,,,
"RF_Clermont County, OH_2673",6649 Cedar Blvd,False,0.08766238480530798,Low,False,,,,
"RF_Clermont County, OH_3137",8507 Maple St,False,0.08765095602022849,Low,False,,,,
"RF_Clermont County, OH_4708",2443 Pine Ave,False,0.08764438247337633,Low,False,,,,
"RF_Clermont County, OH_1435",7135 Main St,False,0.08763999044990621,Low,False,,,,
"RF_Clermont County, OH_4023",7811 Main Ave,False,0.08762879203115588,Low,False,,,,
"RF_Clermont County, OH_2726",7761 Cedar St,False,0.08762795095245876,Low,False,,,,
"RF_Clermont County, OH_3692",8863 Main St,False,0.08761799350819269,Low,True,2025-03-14 23:57:41.150727,168.0,655585.0,228728.0
"RF_Clermont County, OH_1842",8362 Main St,False,0.08761536535649092,Low,False,,,,
"RF_Clermont County, OH_2748",7437 Cedar Ave,False,0.08761056090919773,Low,False,,,,
"RF_Clermont County, OH_0657",1913 Maple St,False,0.0876084486942446,Low,False,,,,
"RF_Clermont County, OH_4398",1530 Pine Rd,False,0.0875939432618305,Low,False,,,,
"RF_Clermont County, OH_0333",2791 Main Blvd,False,0.08758263442296715,Low,False,,,,
"RF_Clermont County, OH_3277",1396 Cedar St,False,0.08758243498927457,Low,False,,,,
"RF_Clermont County, OH_2045",8455 Main Blvd,False,0.08755652142776177,Low,False,,,,
"RF_Clermont County, OH_0932",6956 Main Blvd,False,0.08750462135757645,Low,True,2024-08-26 23:57:41.150727,65.0,357663.0,627253.0
"RF_Clermont County, OH_3253",9238 Main St,False,0.08749858727146327,Low,True,2024-09-17 23:57:41.150727,172.0,639730.0,649826.0
"RF_Clermont County, OH_1633",6066 Maple St,False,0.0874796415361215,Low,False,,,,
"RF_Clermont County, OH_3472",8620 Cedar Blvd,False,0.08746522947573623,Low,False,,,,
"RF_Clermont County, OH_3240",3892 Pine Blvd,False,0.08746152388146106,Low,False,,,,
"RF_Clermont County, OH_4343",4146 Oak Rd,False,0.08745308959120396,Low,False,,,,
"RF_Clermont County, OH_0058",6779 Cedar Ave,False,0.0874462102924123,Low,False,,,,
"RF_Clermont County, OH_2511",6536 Maple Rd,False,0.08743638984524826,Low,False,,,,
"RF_Clermont County, OH_0122",1276 Pine Rd,False,0.08742903099025948,Low,False,,,,
"RF_Clermont County, OH_4641",8221 Cedar Rd,False,0.08742685425990036,Low,False,,,,
"RF_Clermont County, OH_2451",9027 Oak Ave,False,0.08741213324699289,Low,True,2025-03-25 23:57:41.150727,125.0,784845.0,365120.0
"RF_Clermont County, OH_3897",9844 Maple St,False,0.08739819967762931,Low,False,,,,
"RF_Clermont County, OH_4513",2818 Main Ave,False,0.0873890991871424,Low,False,,,,
"RF_Clermont County, OH_2478",4688 Main Rd,False,0.08738149846967859,Low,False,,,,
"RF_Clermont County, OH_1527",9984 Pine Ave,False,0.08737823732789672,Low,False,,,,
"RF_Clermont County, OH_0332",4497 Cedar Blvd,False,0.08736605521522786,Low,False,,,,
"RF_Clermont County, OH_0325",816 Oak Rd,False,0.08735014784242671,Low,False,,,,
"RF_Clermont County, OH_3615",9991 Pine Blvd,False,0.08734619767488619,Low,False,,,,
"RF_Clermont County, OH_0941",4962 Cedar Ave,False,0.08732468415503974,Low,False,,,,
"RF_Clermont County, OH_2356",191 Maple Blvd,False,0.08732394442903135,Low,False,,,,
"RF_Clermont County, OH_1876",5236 Cedar Blvd,False,0.08732386250684726,Low,False,,,,
"RF_Clermont County, OH_4694",9576 Oak Ave,False,0.08729927205354408,Low,False,,,,
"RF_Clermont County, OH_1761",155 Main Ave,False,0.08729656906437279,Low,False,,,,
"RF_Clermont County, OH_2316",1667 Main Ave,False,0.08728325741793909,Low,False,,,,
"RF_Clermont County, OH_3311",6492 Main Blvd,False,0.08727614126745215,Low,False,,,,
"RF_Clermont County, OH_1413",8453 Oak Rd,False,0.0872674590488434,Low,False,,,,
"RF_Clermont County, OH_0104",9349 Main Rd,False,0.08725160426279989,Low,False,,,,
"RF_Clermont County, OH_4368",9364 Cedar Ave,False,0.08725113684249898,Low,False,,,,
"RF_Clermont County, OH_0920",2144 Pine St,False,0.0872438652218115,Low,False,,,,
"RF_Clermont County, OH_4058",7835 Pine Rd,False,0.08724083900101647,Low,False,,,,
"RF_Clermont County, OH_1676",4182 Maple Ave,False,0.08723858818302474,Low,False,,,,
"RF_Clermont County, OH_1978",9821 Cedar St,False,0.08723561648379242,Low,False,,,,
"RF_Clermont County, OH_2475",5087 Pine Rd,False,0.08723111607578922,Low,False,,,,
"RF_Clermont County, OH_1512",986 Pine Blvd,False,0.08722518266930747,Low,True,2024-12-30 23:57:41.150727,98.0,500620.0,631145.0
"RF_Clermont County, OH_1634",4404 Maple Rd,False,0.08722441918844644,Low,True,2024-09-22 23:57:41.150727,70.0,231994.0,284255.0
"RF_Clermont County, OH_3590",5005 Main Blvd,False,0.08720996182053596,Low,False,,,,
"RF_Clermont County, OH_0919",4854 Maple Rd,False,0.08719728286127623,Low,False,,,,
"RF_Clermont County, OH_3731",2723 Main Blvd,False,0.08718441947988219,Low,True,2025-02-08 23:57:41.150727,123.0,342419.0,566469.0
"RF_Clermont County, OH_2660",1191 Oak St,False,0.08718038753611475,Low,False,,,,
"RF_Clermont County, OH_4919",5205 Cedar Blvd,False,0.08717618619431837,Low,False,,,,
"RF_Clermont County, OH_4896",9423 Oak Blvd,False,0.08714426272770376,Low,False,,,,
"RF_Clermont County, OH_1432",4198 Pine St,False,0.08713063277746383,Low,False,,,,
"RF_Clermont County, OH_1630",5652 Main St,False,0.0871208155830871,Low,False,,,,
"RF_Clermont County, OH_3729",9559 Maple Rd,False,0.08710068342305224,Low,False,,,,
"RF_Clermont County, OH_0159",7742 Pine Blvd,False,0.0870939370146968,Low,False,,,,
"RF_Clermont County, OH_1060",4380 Maple Rd,False,0.08708694745116367,Low,False,,,,
"RF_Clermont County, OH_2625",9030 Maple Ave,False,0.08707863419029045,Low,False,,,,
"RF_Clermont County, OH_0471",789 Main Ave,False,0.08707155240230793,Low,False,,,,
"RF_Clermont County, OH_0144",8508 Main Blvd,False,0.08707088576566127,Low,False,,,,
"RF_Clermont County, OH_1258",238 Maple St,False,0.0870544462102083,Low,False,,,,
"RF_Clermont County, OH_1827",3056 Oak Blvd,False,0.0870202674723196,Low,False,,,,
"RF_Clermont County, OH_0680",6607 Maple St,False,0.08701905493061943,Low,False,,,,
"RF_Clermont County, OH_2370",2045 Oak St,False,0.08701152266696535,Low,False,,,,
"RF_Clermont County, OH_1600",9653 Pine Blvd,False,0.08700771620562872,Low,False,,,,
"RF_Clermont County, OH_0193",4336 Oak St,False,0.08699409309475079,Low,False,,,,
"RF_Clermont County, OH_2188",4218 Maple Rd,False,0.08696388474906108,Low,False,,,,
"RF_Clermont County, OH_3117",8011 Pine Rd,False,0.08695599170457091,Low,False,,,,
"RF_Clermont County, OH_2830",7841 Cedar Blvd,False,0.08695108296182674,Low,False,,,,
"RF_Clermont County, OH_1117",7660 Pine Ave,False,0.08694301073140609,Low,True,2024-09-16 23:57:41.150727,92.0,257285.0,701801.0
"RF_Clermont County, OH_1711",4820 Pine Ave,False,0.08692981521775729,Low,False,,,,
"RF_Clermont County, OH_2585",3286 Maple Blvd,False,0.08691635402874374,Low,False,,,,
"RF_Clermont County, OH_4679",5525 Cedar Blvd,False,0.08690948982213237,Low,False,,,,
"RF_Clermont County, OH_2601",8017 Pine Rd,False,0.08690136753729073,Low,False,,,,
"RF_Clermont County, OH_2887",2579 Maple St,False,0.08688254089530584,Low,True,2025-02-08 23:57:41.150727,38.0,488118.0,573971.0
"RF_Clermont County, OH_4869",841 Cedar Ave,False,0.08688031371149013,Low,False,,,,
"RF_Clermont County, OH_1080",464 Main Rd,False,0.08675520118326524,Low,False,,,,
"RF_Clermont County, OH_1950",2842 Cedar Rd,False,0.08674139184498258,Low,False,,,,
"RF_Clermont County, OH_0061",7641 Oak Rd,False,0.086740860450602,Low,True,2024-11-06 23:57:41.150727,92.0,784784.0,371264.0
"RF_Clermont County, OH_4514",5622 Maple Ave,False,0.08673164133222057,Low,False,,,,
"RF_Clermont County, OH_3568",4897 Oak Ave,False,0.08672520425950318,Low,False,,,,
"RF_Clermont County, OH_1180",2005 Main Ave,False,0.0866963500254974,Low,True,2025-01-24 23:57:41.150727,118.0,623812.0,684315.0
"RF_Clermont County, OH_1786",3854 Oak Ave,False,0.08668302586594907,Low,False,,,,
"RF_Clermont County, OH_0211",3548 Main St,False,0.08667424198048876,Low,True,2024-09-02 23:57:41.150727,35.0,358553.0,187776.0
"RF_Clermont County, OH_4825",3797 Cedar Blvd,False,0.08664980583583834,Low,False,,,,
"RF_Clermont County, OH_4378",2624 Maple Ave,False,0.08664845737443029,Low,False,,,,
"RF_Clermont County, OH_2038",5908 Main Ave,False,0.0865996140190489,Low,False,,,,
"RF_Clermont County, OH_3618",2489 Main Rd,False,0.08659754153689028,Low,False,,,,
"RF_Clermont County, OH_0465",332 Pine Ave,False,0.0865820114215967,Low,False,,,,
"RF_Clermont County, OH_3985",1291 Oak Rd,False,0.08656302387904387,Low,False,,,,
"RF_Clermont County, OH_4834",215 Oak Rd,False,0.086559640620711,Low,False,,,,
"RF_Clermont County, OH_1307",632 Main Blvd,False,0.08655432565347035,Low,False,,,,
"RF_Clermont County, OH_1995",7928 Maple Ave,False,0.08651515757501214,Low,False,,,,
"RF_Clermont County, OH_3982",2340 Oak Blvd,False,0.08651418478622534,Low,False,,,,
"RF_Clermont County, OH_2154",5483 Maple Blvd,False,0.0865120230715158,Low,True,2025-01-18 23:57:41.150727,34.0,671925.0,575941.0
"RF_Clermont County, OH_3406",6716 Oak St,False,0.08650849170134509,Low,False,,,,
"RF_Clermont County, OH_1227",1143 Oak Blvd,False,0.08650590369876669,Low,False,,,,
"RF_Clermont County, OH_0778",491 Oak Ave,False,0.08649252937077016,Low,False,,,,
"RF_Clermont County, OH_4940",6414 Cedar Rd,False,0.08648893262904589,Low,False,,,,
"RF_Clermont County, OH_3156",4589 Cedar Blvd,False,0.08648442808295452,Low,False,,,,
"RF_Clermont County, OH_1875",1604 Main Blvd,False,0.08646697921905579,Low,False,,,,
"RF_Clermont County, OH_4078",5619 Oak St,False,0.08644649829856287,Low,False,,,,
"RF_Clermont County, OH_1308",3523 Pine Rd,False,0.08643430180915598,Low,False,,,,
"RF_Clermont County, OH_3362",9330 Oak Ave,False,0.08642578441063113,Low,False,,,,
"RF_Clermont County, OH_4030",2227 Cedar Blvd,False,0.08642447015235857,Low,False,,,,
"RF_Clermont County, OH_1990",4413 Pine Ave,False,0.0864203109019827,Low,False,,,,
"RF_Clermont County, OH_3993",6850 Oak St,False,0.08641315531278262,Low,False,,,,
"RF_Clermont County, OH_1463",236 Pine Blvd,False,0.08640805253472485,Low,False,,,,
"RF_Clermont County, OH_0686",1550 Oak St,False,0.08640186846332912,Low,False,,,,
"RF_Clermont County, OH_0125",9450 Maple St,False,0.08639382449830002,Low,False,,,,
"RF_Clermont County, OH_0216",9523 Main St,False,0.08639206861821735,Low,False,,,,
"RF_Clermont County, OH_3225",7413 Maple Blvd,False,0.0863910576050273,Low,False,,,,
"RF_Clermont County, OH_1240",5440 Cedar Blvd,False,0.08638381129949829,Low,False,,,,
"RF_Clermont County, OH_4754",4549 Oak St,False,0.08637262674402602,Low,True,2025-03-15 23:57:41.150727,139.0,311694.0,143038.0
"RF_Clermont County, OH_3073",8758 Pine St,False,0.08637180877333672,Low,False,,,,
"RF_Clermont County, OH_3052",1107 Cedar St,False,0.08634116285520409,Low,False,,,,
"RF_Clermont County, OH_0339",6658 Main Blvd,False,0.08633820641318224,Low,False,,,,
"RF_Clermont County, OH_4936",2061 Main Rd,False,0.08631526080564879,Low,False,,,,
"RF_Clermont County, OH_0478",493 Maple Ave,False,0.08631024511816775,Low,False,,,,
"RF_Clermont County, OH_2472",1603 Pine Rd,False,0.08629991342725238,Low,False,,,,
"RF_Clermont County, OH_4875",9122 Oak Blvd,False,0.08629811076447962,Low,False,,,,
"RF_Clermont County, OH_0106",4191 Maple St,False,0.08629566354948413,Low,False,,,,
"RF_Clermont County, OH_3260",1804 Pine Ave,False,0.08628196847550673,Low,False,,,,
"RF_Clermont County, OH_3796",3677 Pine Blvd,False,0.08625518898917031,Low,False,,,,
"RF_Clermont County, OH_4701",9160 Main Blvd,False,0.08624410913200538,Low,False,,,,
"RF_Clermont County, OH_0280",7093 Maple St,False,0.08623076493940891,Low,True,2024-08-11 23:57:41.150727,159.0,668044.0,141120.0
"RF_Clermont County, OH_0569",4897 Oak Blvd,False,0.08622186681803128,Low,False,,,,
"RF_Clermont County, OH_4319",9204 Cedar St,False,0.08619975011293256,Low,False,,,,
"RF_Clermont County, OH_4814",4939 Cedar Ave,False,0.08617055717410224,Low,True,2024-11-27 23:57:41.150727,158.0,433900.0,206157.0
"RF_Clermont County, OH_0833",2638 Cedar Blvd,False,0.08616490808059579,Low,False,,,,
"RF_Clermont County, OH_1202",1707 Pine Ave,False,0.08616255630675622,Low,False,,,,
"RF_Clermont County, OH_1120",2326 Oak Blvd,False,0.08614434670753846,Low,False,,,,
"RF_Clermont County, OH_4636",3649 Main St,False,0.08613933272749107,Low,False,,,,
"RF_Clermont County, OH_1795",4803 Main Rd,False,0.08613644105573345,Low,False,,,,
"RF_Clermont County, OH_2505",7528 Oak Blvd,False,0.08611357231759358,Low,True,2025-04-17 23:57:41.150727,115.0,388520.0,513728.0
"RF_Clermont County, OH_2044",9297 Main Ave,False,0.08609235550540469,Low,False,,,,
"RF_Clermont County, OH_3498",7897 Cedar Blvd,False,0.08608200035248936,Low,False,,,,
"RF_Clermont County, OH_1334",3421 Cedar St,False,0.08606653553704866,Low,False,,,,
"RF_Clermont County, OH_1288",3034 Oak Blvd,False,0.08606504321794126,Low,False,,,,
"RF_Clermont County, OH_3492",6692 Oak Rd,False,0.08606461182832072,Low,False,,,,
"RF_Clermont County, OH_1833",412 Pine St,False,0.08606274409286499,Low,False,,,,
"RF_Clermont County, OH_0071",8813 Main Blvd,False,0.08604354154316735,Low,False,,,,
"RF_Clermont County, OH_4589",218 Main Blvd,False,0.08603352641361157,Low,False,,,,
"RF_Clermont County, OH_1292",6232 Cedar Ave,False,0.08603110689619252,Low,False,,,,
"RF_Clermont County, OH_4684",2908 Oak St,False,0.08602991056999205,Low,False,,,,
"RF_Clermont County, OH_3988",6220 Cedar Blvd,False,0.08602544244078904,Low,True,2025-05-09 23:57:41.150727,42.0,464284.0,780904.0
"RF_Clermont County, OH_4081",1464 Pine Blvd,False,0.08600823381514433,Low,True,2025-05-25 23:57:41.150727,156.0,689459.0,645399.0
"RF_Clermont County, OH_3295",8108 Pine Rd,False,0.08599964948336387,Low,True,2024-10-31 23:57:41.150727,174.0,577667.0,243613.0
"RF_Clermont County, OH_3816",2625 Oak St,False,0.08598748528975216,Low,False,,,,
"RF_Clermont County, OH_1542",9434 Main St,False,0.0859706573577933,Low,False,,,,
"RF_Clermont County, OH_2561",6337 Maple St,False,0.0859399188460413,Low,False,,,,
"RF_Clermont County, OH_1104",6456 Main Blvd,False,0.08593743019462977,Low,False,,,,
"RF_Clermont County, OH_1259",6760 Maple Rd,False,0.08590354963031253,Low,True,2025-05-18 23:57:41.150727,29.0,383415.0,375738.0
"RF_Clermont County, OH_2627",4174 Pine Rd,False,0.08590268835028111,Low,False,,,,
"RF_Clermont County, OH_0452",7799 Cedar Blvd,False,0.08589161118018393,Low,False,,,,
"RF_Clermont County, OH_3935",4843 Pine Rd,False,0.08588366889021123,Low,False,,,,
"RF_Clermont County, OH_2789",7076 Cedar St,False,0.08585717257055911,Low,False,,,,
"RF_Clermont County, OH_1333",4740 Pine Blvd,False,0.08585423184415074,Low,False,,,,
"RF_Clermont County, OH_1082",7803 Pine Blvd,False,0.08585382152290551,Low,False,,,,
"RF_Clermont County, OH_1038",4089 Oak St,False,0.08580654218074135,Low,False,,,,
"RF_Clermont County, OH_4610",1492 Pine Blvd,False,0.08577259151518206,Low,False,,,,
"RF_Clermont County, OH_2021",6255 Main Rd,False,0.08576972962005948,Low,False,,,,
"RF_Clermont County, OH_0240",2267 Pine Rd,False,0.08576949266817058,Low,False,,,,
"RF_Clermont County, OH_4718",4832 Oak St,False,0.08576273928314986,Low,False,,,,
"RF_Clermont County, OH_4153",7448 Maple Rd,False,0.08574825385099594,Low,False,,,,
"RF_Clermont County, OH_1019",8129 Maple Blvd,False,0.08570603405891425,Low,False,,,,
"RF_Clermont County, OH_3503",106 Oak St,False,0.08569007297717103,Low,False,,,,
"RF_Clermont County, OH_3127",262 Main Blvd,False,0.085689833971918,Low,False,,,,
"RF_Clermont County, OH_2449",5368 Cedar Ave,False,0.08568826124938586,Low,False,,,,
"RF_Clermont County, OH_1309",428 Cedar Blvd,False,0.08568319152473108,Low,False,,,,
"RF_Clermont County, OH_3776",3564 Main Ave,False,0.085680768472612,Low,False,,,,
"RF_Clermont County, OH_3542",7525 Main St,False,0.08567760421136976,Low,False,,,,
"RF_Clermont County, OH_2658",2932 Main Rd,False,0.08566057919866038,Low,True,2025-07-14 23:57:41.150727,53.0,523759.0,756299.0
"RF_Clermont County, OH_2110",6114 Cedar Blvd,False,0.08565386298747608,Low,False,,,,
"RF_Clermont County, OH_3348",3085 Maple Blvd,False,0.08564286439599143,Low,True,2025-04-25 23:57:41.150727,121.0,777027.0,744319.0
"RF_Clermont County, OH_2145",9360 Pine Rd,False,0.08563677829328002,Low,False,,,,
"RF_Clermont County, OH_0997",4359 Pine St,False,0.08562224442081269,Low,False,,,,
"RF_Clermont County, OH_1595",6771 Cedar Blvd,False,0.08560482829928388,Low,False,,,,
"RF_Clermont County, OH_3465",3221 Pine Ave,False,0.08559722813607631,Low,True,2024-12-30 23:57:41.150727,132.0,376726.0,246727.0
"RF_Clermont County, OH_3090",6014 Main Ave,False,0.08559421829491592,Low,False,,,,
"RF_Clermont County, OH_1355",5621 Maple St,False,0.08558095489563963,Low,False,,,,
"RF_Clermont County, OH_3381",480 Oak Ave,False,0.08557820907054348,Low,False,,,,
"RF_Clermont County, OH_3197",6622 Maple Ave,False,0.08557571472649778,Low,False,,,,
"RF_Clermont County, OH_4213",3660 Cedar Rd,False,0.08557325840913486,Low,False,,,,
"RF_Clermont County, OH_2895",6269 Oak Rd,False,0.08557160624964048,Low,False,,,,
"RF_Clermont County, OH_2611",1108 Maple Blvd,False,0.08554955223571836,Low,False,,,,
"RF_Clermont County, OH_3290",1038 Maple St,False,0.08554627346388795,Low,False,,,,
"RF_Clermont County, OH_1380",7171 Cedar Rd,False,0.0855422714055912,Low,False,,,,
"RF_Clermont County, OH_3651",8062 Maple Rd,False,0.08554159140509365,Low,False,,,,
"RF_Clermont County, OH_3408",1394 Maple Rd,False,0.08553856414131553,Low,False,,,,
"RF_Clermont County, OH_4217",1586 Pine Blvd,False,0.08552176056948627,Low,False,,,,
"RF_Clermont County, OH_1157",8115 Oak Blvd,False,0.0855003541824028,Low,False,,,,
"RF_Clermont County, OH_1764",8138 Pine Rd,False,0.08548803915569989,Low,False,,,,
"RF_Clermont County, OH_1624",8861 Oak Blvd,False,0.08548262531554497,Low,False,,,,
"RF_Clermont County, OH_2119",1812 Oak St,False,0.08545096285580009,Low,False,,,,
"RF_Clermont County, OH_0138",8786 Pine St,False,0.08543821130260643,Low,False,,,,
"RF_Clermont County, OH_1938",5055 Cedar Rd,False,0.08541573521725082,Low,True,2024-12-11 23:57:41.150727,141.0,538920.0,300078.0
"RF_Clermont County, OH_2915",2433 Pine Blvd,False,0.08539647543764807,Low,False,,,,
"RF_Clermont County, OH_2682",3466 Main Rd,False,0.0853868031945825,Low,False,,,,
"RF_Clermont County, OH_0175",2436 Oak St,False,0.0853839862258825,Low,False,,,,
"RF_Clermont County, OH_2678",477 Pine Ave,False,0.08538230259154199,Low,False,,,,
"RF_Clermont County, OH_4233",4542 Main Blvd,False,0.08536210481227045,Low,False,,,,
"RF_Clermont County, OH_0705",5360 Maple Blvd,False,0.08534288619018639,Low,False,,,,
"RF_Clermont County, OH_0515",6588 Oak St,False,0.08533887383558855,Low,True,2025-03-30 23:57:41.150727,145.0,391720.0,636978.0
"RF_Clermont County, OH_4133",3587 Oak Blvd,False,0.08533588542563006,Low,False,,,,
"RF_Clermont County, OH_1229",5335 Main Ave,False,0.08530657502298654,Low,False,,,,
"RF_Clermont County, OH_4396",5074 Pine Blvd,False,0.08530467611064683,Low,False,,,,
"RF_Clermont County, OH_2037",3477 Pine Blvd,False,0.08530373326700104,Low,False,,,,
"RF_Clermont County, OH_3747",9399 Oak Blvd,False,0.08529878673560216,Low,False,,,,
"RF_Clermont County, OH_2973",1465 Maple St,False,0.08529193520537492,Low,False,,,,
"RF_Clermont County, OH_2717",8910 Pine Blvd,False,0.08526770509647157,Low,True,2025-05-03 23:57:41.150727,84.0,652461.0,409949.0
"RF_Clermont County, OH_3642",7598 Pine Blvd,False,0.08526180396143769,Low,False,,,,
"RF_Clermont County, OH_1687",7493 Cedar Rd,False,0.08525825513672404,Low,False,,,,
"RF_Clermont County, OH_1948",5539 Maple St,False,0.08523072133413291,Low,False,,,,
"RF_Clermont County, OH_1568",569 Cedar Rd,False,0.08522354611380728,Low,False,,,,
"RF_Clermont County, OH_3879",2872 Oak Blvd,False,0.08521377596114216,Low,False,,,,
"RF_Clermont County, OH_0195",2869 Oak Blvd,False,0.08520904837183069,Low,False,,,,
"RF_Clermont County, OH_2474",1919 Main St,False,0.08519873583935504,Low,False,,,,
"RF_Clermont County, OH_4769",3979 Cedar Blvd,False,0.08517522264575263,Low,True,2025-04-22 23:57:41.150727,110.0,509190.0,590456.0
"RF_Clermont County, OH_4311",963 Oak St,False,0.0851623729007896,Low,False,,,,
"RF_Clermont County, OH_3378",1392 Oak Rd,False,0.0851581994923642,Low,False,,,,
"RF_Clermont County, OH_1433",6741 Cedar Rd,False,0.08514753870972398,Low,False,,,,
"RF_Clermont County, OH_2688",2661 Maple St,False,0.08514260662197923,Low,True,2025-07-13 23:57:41.150727,73.0,270856.0,325464.0
"RF_Clermont County, OH_2223",7525 Main Blvd,False,0.08514214751474264,Low,False,,,,
"RF_Clermont County, OH_1957",9278 Main Blvd,False,0.08514115852709922,Low,False,,,,
"RF_Clermont County, OH_2742",8073 Oak St,False,0.08513738731159082,Low,False,,,,
"RF_Clermont County, OH_3179",3969 Main Rd,False,0.08509544948537075,Low,False,,,,
"RF_Clermont County, OH_3551",2979 Main St,False,0.08508730509042171,Low,False,,,,
"RF_Clermont County, OH_4093",7404 Main Blvd,False,0.08506461342363858,Low,False,,,,
"RF_Clermont County, OH_0768",3401 Oak Rd,False,0.08506315109632213,Low,False,,,,
"RF_Clermont County, OH_1228",1418 Maple Ave,False,0.08505475726010485,Low,False,,,,
"RF_Clermont County, OH_4502",9116 Main Rd,False,0.08504836254999905,Low,False,,,,
"RF_Clermont County, OH_4231",4993 Oak Blvd,False,0.08504257901109846,Low,True,2024-09-21 23:57:41.150727,81.0,389893.0,599750.0
"RF_Clermont County, OH_3130",7986 Oak Blvd,False,0.08504115015222068,Low,False,,,,
"RF_Clermont County, OH_2715",4369 Maple St,False,0.08502938394782326,Low,False,,,,
"RF_Clermont County, OH_0956",5315 Maple St,False,0.08501983653512149,Low,True,2024-11-23 23:57:41.150727,83.0,263928.0,158661.0
"RF_Clermont County, OH_0164",6495 Pine Ave,False,0.08501882292102461,Low,False,,,,
"RF_Clermont County, OH_1930",1168 Oak Ave,False,0.08500861061577526,Low,False,,,,
"RF_Clermont County, OH_4336",4663 Main Blvd,False,0.08500700114227056,Low,False,,,,
"RF_Clermont County, OH_3310",6192 Maple Ave,False,0.08498763321504459,Low,False,,,,
"RF_Clermont County, OH_4566",1023 Maple Blvd,False,0.0849771544115749,Low,False,,,,
"RF_Clermont County, OH_1319",9792 Main Rd,False,0.08496601503004735,Low,False,,,,
"RF_Clermont County, OH_4353",4540 Oak Rd,False,0.08496499677548792,Low,False,,,,
"RF_Clermont County, OH_4015",1869 Pine St,False,0.08495699174139641,Low,False,,,,
"RF_Clermont County, OH_0841",4017 Cedar Ave,False,0.08495385712809349,Low,True,2025-01-24 23:57:41.150727,90.0,187118.0,228529.0
"RF_Clermont County, OH_2024",8918 Pine Ave,False,0.0849470890825706,Low,False,,,,
"RF_Clermont County, OH_2733",2642 Main Rd,False,0.08494588568998476,Low,False,,,,
"RF_Clermont County, OH_1271",9337 Main St,False,0.0849402685484848,Low,False,,,,
"RF_Clermont County, OH_3252",2940 Cedar St,False,0.0849304806738335,Low,False,,,,
"RF_Clermont County, OH_3038",5989 Cedar Blvd,False,0.0849250636529316,Low,False,,,,
"RF_Clermont County, OH_2292",672 Maple St,False,0.08491855501493621,Low,False,,,,
"RF_Clermont County, OH_4677",5151 Oak Blvd,False,0.08490868601989582,Low,False,,,,
"RF_Clermont County, OH_2146",5443 Main Ave,False,0.08490530617158726,Low,False,,,,
"RF_Clermont County, OH_3228",7296 Cedar Blvd,False,0.08489199664434281,Low,False,,,,
"RF_Clermont County, OH_1731",3752 Maple Blvd,False,0.08488240591189136,Low,False,,,,
"RF_Clermont County, OH_1405",4290 Oak Ave,False,0.0848681350119995,Low,False,,,,
"RF_Clermont County, OH_4371",5156 Maple Blvd,False,0.08486318133574604,Low,False,,,,
"RF_Clermont County, OH_4987",5886 Pine Ave,False,0.08485648224029478,Low,False,,,,
"RF_Clermont County, OH_2806",9453 Oak Ave,False,0.08484976340264999,Low,False,,,,
"RF_Clermont County, OH_2336",335 Cedar Ave,False,0.08482028913917858,Low,False,,,,
"RF_Clermont County, OH_4645",5613 Main St,False,0.08481990565994928,Low,False,,,,
"RF_Clermont County, OH_2846",2571 Main Blvd,False,0.08480798318887507,Low,False,,,,
"RF_Clermont County, OH_0735",9122 Oak St,False,0.08480608175090926,Low,False,,,,
"RF_Clermont County, OH_3861",4011 Maple St,False,0.08478688427501944,Low,False,,,,
"RF_Clermont County, OH_2443",5645 Maple Blvd,False,0.08477837355030376,Low,False,,,,
"RF_Clermont County, OH_2639",3976 Oak Rd,False,0.08477327929112592,Low,False,,,,
"RF_Clermont County, OH_4975",9123 Main Rd,False,0.08473734513489116,Low,True,2025-01-29 23:57:41.150727,31.0,261390.0,725342.0
"RF_Clermont County, OH_1265",846 Pine Rd,False,0.08468686220945584,Low,False,,,,
"RF_Clermont County, OH_2372",6404 Main St,False,0.0846799553338976,Low,False,,,,
"RF_Clermont County, OH_4837",6413 Main St,False,0.08467717363546823,Low,False,,,,
"RF_Clermont County, OH_3887",7466 Maple Rd,False,0.08467414556083189,Low,False,,,,
"RF_Clermont County, OH_0499",7676 Pine Ave,False,0.0846659794015342,Low,False,,,,
"RF_Clermont County, OH_0516",4818 Pine St,False,0.08466470588106054,Low,False,,,,
"RF_Clermont County, OH_1203",6834 Oak St,False,0.08466076673502394,Low,False,,,,
"RF_Clermont County, OH_4981",8525 Oak St,False,0.0846423428890127,Low,False,,,,
"RF_Clermont County, OH_1927",518 Cedar Blvd,False,0.08463960789080209,Low,False,,,,
"RF_Clermont County, OH_4553",8560 Pine Ave,False,0.08463644504383382,Low,False,,,,
"RF_Clermont County, OH_3572",8215 Maple Ave,False,0.08461415606530377,Low,False,,,,
"RF_Clermont County, OH_4660",3094 Main Rd,False,0.08461157379181024,Low,False,,,,
"RF_Clermont County, OH_3025",8436 Oak St,False,0.08460244071687094,Low,False,,,,
"RF_Clermont County, OH_0495",233 Pine St,False,0.08460006115794583,Low,False,,,,
"RF_Clermont County, OH_2441",8193 Maple Ave,False,0.08459753749341935,Low,False,,,,
"RF_Clermont County, OH_1281",4776 Main St,False,0.08459582457635631,Low,False,,,,
"RF_Clermont County, OH_1187",5988 Pine Blvd,False,0.08459490550904311,Low,False,,,,
"RF_Clermont County, OH_3929",6703 Maple Rd,False,0.08459330052041764,Low,False,,,,
"RF_Clermont County, OH_4563",2041 Maple St,False,0.08458681179354775,Low,True,2025-02-15 23:57:41.150727,79.0,307824.0,578953.0
"RF_Clermont County, OH_3624",6120 Cedar Blvd,False,0.0845468811575372,Low,False,,,,
"RF_Clermont County, OH_4262",2145 Oak Blvd,False,0.0845371946467606,Low,False,,,,
"RF_Clermont County, OH_1815",9839 Cedar St,False,0.08452449611929809,Low,False,,,,
"RF_Clermont County, OH_1317",4423 Oak Ave,False,0.0845149585387142,Low,False,,,,
"RF_Clermont County, OH_4490",2124 Maple Ave,False,0.08450133229012587,Low,True,2024-09-25 23:57:41.150727,169.0,665702.0,441330.0
"RF_Clermont County, OH_0883",8170 Cedar St,False,0.08448744114398377,Low,False,,,,
"RF_Clermont County, OH_2293",7084 Pine St,False,0.08447708823685615,Low,True,2024-11-19 23:57:41.150727,77.0,697636.0,754166.0
"RF_Clermont County, OH_1003",263 Cedar Blvd,False,0.08445982027795708,Low,False,,,,
"RF_Clermont County, OH_4772",5363 Cedar Ave,False,0.0844403684320747,Low,False,,,,
"RF_Clermont County, OH_2507",9447 Main Rd,False,0.0844364077726995,Low,False,,,,
"RF_Clermont County, OH_4828",7615 Main Rd,False,0.08441291989438952,Low,False,,,,
"RF_Clermont County, OH_1457",4356 Cedar Blvd,False,0.08439541252064649,Low,False,,,,
"RF_Clermont County, OH_3193",6157 Maple Rd,False,0.08438979275409285,Low,False,,,,
"RF_Clermont County, OH_4220",5159 Main Blvd,False,0.08438391622694331,Low,False,,,,
"RF_Clermont County, OH_2010",3589 Main Ave,False,0.08438315464961686,Low,False,,,,
"RF_Clermont County, OH_4598",3047 Main St,False,0.0843708715639749,Low,False,,,,
"RF_Clermont County, OH_3978",9922 Cedar St,False,0.08436575003397442,Low,False,,,,
"RF_Clermont County, OH_1375",2765 Pine St,False,0.08436393884012665,Low,False,,,,
"RF_Clermont County, OH_3749",4579 Main Ave,False,0.08432852867995913,Low,False,,,,
"RF_Clermont County, OH_4192",8578 Maple St,False,0.084321687200328,Low,False,,,,
"RF_Clermont County, OH_0135",4764 Maple St,False,0.08431406495994336,Low,False,,,,
"RF_Clermont County, OH_0310",8450 Maple St,False,0.08430863273523911,Low,False,,,,
"RF_Clermont County, OH_4427",2191 Maple Ave,False,0.08429665407392992,Low,False,,,,
"RF_Clermont County, OH_3743",8831 Main Rd,False,0.08429299677998267,Low,False,,,,
"RF_Clermont County, OH_3780",1972 Cedar Rd,False,0.08428319307327439,Low,False,,,,
"RF_Clermont County, OH_2246",9071 Oak Rd,False,0.0842823488146438,Low,True,2024-11-17 23:57:41.150727,16.0,363197.0,596873.0
"RF_Clermont County, OH_3616",1011 Pine Ave,False,0.08424197056488941,Low,False,,,,
"RF_Clermont County, OH_4325",3696 Maple Rd,False,0.08422374865090748,Low,False,,,,
"RF_Clermont County, OH_2381",9807 Oak Ave,False,0.08421643256264867,Low,False,,,,
"RF_Clermont County, OH_3549",1965 Oak Blvd,False,0.08420363513399728,Low,False,,,,
"RF_Clermont County, OH_3244",3985 Main St,False,0.0841979806083245,Low,False,,,,
"RF_Clermont County, OH_0341",9917 Oak Rd,False,0.08417868031183577,Low,False,,,,
"RF_Clermont County, OH_0166",8182 Oak Ave,False,0.08417526484141545,Low,False,,,,
"RF_Clermont County, OH_1477",3470 Cedar Ave,False,0.08414330421482925,Low,False,,,,
"RF_Clermont County, OH_0293",6582 Maple St,False,0.0841328007615813,Low,True,2025-04-22 23:57:41.150727,104.0,242474.0,712434.0
"RF_Clermont County, OH_0156",1832 Cedar Ave,False,0.08410421841271917,Low,False,,,,
"RF_Clermont County, OH_2159",8343 Oak Blvd,False,0.08407072829714649,Low,False,,,,
"RF_Clermont County, OH_1515",1073 Pine Rd,False,0.08405186433596999,Low,False,,,,
"RF_Clermont County, OH_2229",956 Oak Ave,False,0.08403701890523381,Low,False,,,,
"RF_Clermont County, OH_1997",4284 Oak Blvd,False,0.08402949596555177,Low,False,,,,
"RF_Clermont County, OH_3430",4551 Oak Blvd,False,0.08401207970332655,Low,False,,,,
"RF_Clermont County, OH_4339",5071 Cedar Rd,False,0.08400460866354073,Low,False,,,,
"RF_Clermont County, OH_4817",9012 Main St,False,0.08399784172214836,Low,False,,,,
"RF_Clermont County, OH_2882",5256 Maple Ave,False,0.08399229911918418,Low,False,,,,
"RF_Clermont County, OH_3026",2533 Pine St,False,0.08397625187877418,Low,False,,,,
"RF_Clermont County, OH_2049",2606 Main St,False,0.08397578172754015,Low,True,2024-11-19 23:57:41.150727,69.0,366122.0,198553.0
"RF_Clermont County, OH_3136",2832 Oak St,False,0.08395774997740714,Low,False,,,,
"RF_Clermont County, OH_3912",7211 Maple Rd,False,0.08395536905342474,Low,False,,,,
"RF_Clermont County, OH_2454",2257 Main Rd,False,0.08395249968280886,Low,False,,,,
"RF_Clermont County, OH_1207",8011 Cedar Ave,False,0.08395055009709626,Low,False,,,,
"RF_Clermont County, OH_2009",9777 Pine Ave,False,0.0839434575485374,Low,False,,,,
"RF_Clermont County, OH_1979",9844 Main Blvd,False,0.08393595839927256,Low,False,,,,
"RF_Clermont County, OH_2741",391 Pine St,False,0.08392864670900631,Low,False,,,,
"RF_Clermont County, OH_4696",7923 Cedar Rd,False,0.08392110045817407,Low,False,,,,
"RF_Clermont County, OH_3979",9122 Maple Ave,False,0.08390624238248974,Low,False,,,,
"RF_Clermont County, OH_2418",3966 Main St,False,0.0838966050618306,Low,False,,,,
"RF_Clermont County, OH_2339",8623 Pine St,False,0.08389342679735425,Low,False,,,,
"RF_Clermont County, OH_1690",2033 Maple Blvd,False,0.08388453402648983,Low,False,,,,
"RF_Clermont County, OH_0624",9695 Cedar St,False,0.0838840915390282,Low,True,2024-08-05 23:57:41.150727,101.0,177469.0,398505.0
"RF_Clermont County, OH_4301",544 Pine Rd,False,0.0838625911263206,Low,False,,,,
"RF_Clermont County, OH_0868",9703 Maple Ave,False,0.08385178622583758,Low,False,,,,
"RF_Clermont County, OH_1219",2141 Maple Rd,False,0.08383759100727126,Low,False,,,,
"RF_Clermont County, OH_2856",3513 Oak Ave,False,0.08383674408162758,Low,False,,,,
"RF_Clermont County, OH_1254",4544 Oak Rd,False,0.08382483670759577,Low,False,,,,
"RF_Clermont County, OH_0445",1794 Pine Blvd,False,0.08380240269852157,Low,False,,,,
"RF_Clermont County, OH_1738",2623 Oak Blvd,False,0.08380171595265871,Low,False,,,,
"RF_Clermont County, OH_0606",2529 Maple St,False,0.08379200398756796,Low,False,,,,
"RF_Clermont County, OH_3722",5955 Cedar Ave,False,0.08378984826347863,Low,False,,,,
"RF_Clermont County, OH_1039",6714 Pine Rd,False,0.08378708892053831,Low,False,,,,
"RF_Clermont County, OH_4653",6884 Main Rd,False,0.08378462936305495,Low,False,,,,
"RF_Clermont County, OH_1921",7956 Cedar Blvd,False,0.08377802191726733,Low,False,,,,
"RF_Clermont County, OH_4066",8659 Main St,False,0.08377199033717564,Low,False,,,,
"RF_Clermont County, OH_0614",1097 Main Rd,False,0.0837600649698437,Low,False,,,,
"RF_Clermont County, OH_3996",6365 Cedar Blvd,False,0.08375821922443734,Low,False,,,,
"RF_Clermont County, OH_2181",3382 Cedar Blvd,False,0.08375679710600681,Low,False,,,,
"RF_Clermont County, OH_0947",9214 Pine Ave,False,0.08375471301545467,Low,False,,,,
"RF_Clermont County, OH_3627",4951 Main Blvd,False,0.08375379291629204,Low,True,2024-09-12 23:57:41.150727,129.0,232795.0,801654.0
"RF_Clermont County, OH_0695",9954 Pine Rd,False,0.0837515696420221,Low,False,,,,
"RF_Clermont County, OH_2115",2508 Pine Rd,False,0.08372836234713803,Low,False,,,,
"RF_Clermont County, OH_2517",488 Pine St,False,0.0837230833642756,Low,False,,,,
"RF_Clermont County, OH_3643",1931 Pine Ave,False,0.08370848648834402,Low,False,,,,
"RF_Clermont County, OH_4884",3022 Cedar Ave,False,0.08370022962218088,Low,False,,,,
"RF_Clermont County, OH_1637",9672 Main Rd,False,0.08368029464115526,Low,False,,,,
"RF_Clermont County, OH_3525",9660 Maple Ave,False,0.08366599652774283,Low,False,,,,
"RF_Clermont County, OH_4806",9716 Maple Rd,False,0.08366585507119678,Low,False,,,,
"RF_Clermont County, OH_4062",8158 Pine Rd,False,0.08365254640220603,Low,False,,,,
"RF_Clermont County, OH_3416",4425 Cedar Blvd,False,0.0836462411209268,Low,False,,,,
"RF_Clermont County, OH_1450",1258 Pine St,False,0.08364110900210445,Low,True,2024-07-31 23:57:41.150727,17.0,504725.0,143717.0
"RF_Clermont County, OH_2309",7864 Pine Ave,False,0.08363690534395793,Low,False,,,,
"RF_Clermont County, OH_2057",9872 Main Blvd,False,0.08363306846445508,Low,False,,,,
"RF_Clermont County, OH_4609",3892 Pine St,False,0.08361095288717613,Low,False,,,,
"RF_Clermont County, OH_4091",1183 Pine Rd,False,0.08361046833496144,Low,False,,,,
"RF_Clermont County, OH_3892",5504 Oak Blvd,False,0.08360060752350568,Low,False,,,,
"RF_Clermont County, OH_3158",5627 Cedar Rd,False,0.08358352686016782,Low,False,,,,
"RF_Clermont County, OH_1225",6395 Cedar Ave,False,0.08357066143542484,Low,False,,,,
"RF_Clermont County, OH_3760",4268 Maple Rd,False,0.08356310586018982,Low,False,,,,
"RF_Clermont County, OH_0013",7231 Main Rd,False,0.0835588472694872,Low,False,,,,
"RF_Clermont County, OH_3023",5888 Cedar St,False,0.08352789592021582,Low,False,,,,
"RF_Clermont County, OH_3490",7834 Maple St,False,0.08352581631045919,Low,False,,,,
"RF_Clermont County, OH_1294",8143 Maple Blvd,False,0.08352572626807468,Low,False,,,,
"RF_Clermont County, OH_3386",6358 Pine Rd,False,0.08351460028289719,Low,False,,,,
"RF_Clermont County, OH_3595",9044 Main St,False,0.08351337520286525,Low,False,,,,
"RF_Clermont County, OH_4024",813 Oak St,False,0.08350187839311314,Low,False,,,,
"RF_Clermont County, OH_0767",8638 Oak Blvd,False,0.08350174642743818,Low,False,,,,
"RF_Clermont County, OH_3162",3949 Maple Blvd,False,0.08348480547292152,Low,False,,,,
"RF_Clermont County, OH_4668",5647 Main Blvd,False,0.08347282171613016,Low,False,,,,
"RF_Clermont County, OH_4274",243 Main Rd,False,0.08345966842601524,Low,False,,,,
"RF_Clermont County, OH_0426",2041 Cedar Blvd,False,0.08344555484118026,Low,False,,,,
"RF_Clermont County, OH_2066",2337 Pine Ave,False,0.0834405924725593,Low,False,,,,
"RF_Clermont County, OH_0755",2332 Pine Blvd,False,0.0834296291225769,Low,False,,,,
"RF_Clermont County, OH_1558",6964 Oak Blvd,False,0.08342545943792608,Low,False,,,,
"RF_Clermont County, OH_2397",3334 Cedar Ave,False,0.08341942769352076,Low,False,,,,
"RF_Clermont County, OH_0763",8817 Oak Rd,False,0.08340788757186016,Low,False,,,,
"RF_Clermont County, OH_0252",6433 Cedar Rd,False,0.08340099567345072,Low,False,,,,
"RF_Clermont County, OH_4475",7511 Maple Blvd,False,0.08339301325042388,Low,False,,,,
"RF_Clermont County, OH_2593",8384 Main Blvd,False,0.08337919028352667,Low,False,,,,
"RF_Clermont County, OH_1529",3459 Maple Rd,False,0.08337913192033852,Low,False,,,,
"RF_Clermont County, OH_3313",3452 Cedar Rd,False,0.08337638660936944,Low,False,,,,
"RF_Clermont County, OH_0643",1296 Cedar Blvd,False,0.08336590040647385,Low,False,,,,
"RF_Clermont County, OH_0741",364 Oak Rd,False,0.08335766876798867,Low,False,,,,
"RF_Clermont County, OH_2782",7922 Main Ave,False,0.08335309252617402,Low,False,,,,
"RF_Clermont County, OH_2784",4686 Maple St,False,0.08334504234629359,Low,False,,,,
"RF_Clermont County, OH_4882",8409 Pine Ave,False,0.08333534820563891,Low,True,2025-02-26 23:57:41.150727,135.0,620960.0,795645.0
"RF_Clermont County, OH_2275",3205 Oak Ave,False,0.08333057393819732,Low,False,,,,
"RF_Clermont County, OH_4207",5048 Cedar Ave,False,0.08331737021719643,Low,False,,,,
"RF_Clermont County, OH_2651",7236 Maple Ave,False,0.08331566284068986,Low,False,,,,
"RF_Clermont County, OH_1132",6617 Pine Rd,False,0.08330129030609469,Low,False,,,,
"RF_Clermont County, OH_0468",6227 Maple Ave,False,0.08330070801785325,Low,False,,,,
"RF_Clermont County, OH_0971",2875 Maple St,False,0.08329371636010488,Low,False,,,,
"RF_Clermont County, OH_4674",462 Pine Rd,False,0.08329097931367925,Low,False,,,,
"RF_Clermont County, OH_1932",8902 Main Blvd,False,0.083277842657212,Low,False,,,,
"RF_Clermont County, OH_1883",2455 Maple Rd,False,0.08326747568785016,Low,False,,,,
"RF_Clermont County, OH_0172",5676 Pine Rd,False,0.08325856579546219,Low,False,,,,
"RF_Clermont County, OH_2302",121 Oak St,False,0.08325003593896117,Low,False,,,,
"RF_Clermont County, OH_4049",2764 Oak Rd,False,0.08324399602636477,Low,True,2025-07-13 23:57:41.150727,71.0,453863.0,242394.0
"RF_Clermont County, OH_0400",3427 Oak Ave,False,0.08322278249435588,Low,False,,,,
"RF_Clermont County, OH_3555",371 Cedar Ave,False,0.08321654130503679,Low,False,,,,
"RF_Clermont County, OH_0237",6050 Maple Ave,False,0.08321368915270132,Low,False,,,,
"RF_Clermont County, OH_0217",5054 Oak St,False,0.08318672530022082,Low,False,,,,
"RF_Clermont County, OH_1713",4810 Pine Rd,False,0.0831840636887748,Low,False,,,,
"RF_Clermont County, OH_4950",4905 Cedar Blvd,False,0.0831693713817512,Low,False,,,,
"RF_Clermont County, OH_1057",9180 Maple Ave,False,0.08316439303053115,Low,False,,,,
"RF_Clermont County, OH_0948",4740 Pine St,False,0.0831583200521147,Low,False,,,,
"RF_Clermont County, OH_1571",4301 Cedar St,False,0.08315328966075995,Low,False,,,,
"RF_Clermont County, OH_0917",9869 Main Ave,False,0.08314294025618085,Low,False,,,,
"RF_Clermont County, OH_0824",1558 Oak St,False,0.08313849674371374,Low,False,,,,
"RF_Clermont County, OH_0291",9275 Main Ave,False,0.08313064987497412,Low,False,,,,
"RF_Clermont County, OH_1112",4937 Pine Blvd,False,0.083128676902158,Low,False,,,,
"RF_Clermont County, OH_2244",335 Main Rd,False,0.08312597870278932,Low,False,,,,
"RF_Clermont County, OH_1924",2936 Maple Rd,False,0.08310570828375283,Low,False,,,,
"RF_Clermont County, OH_2447",7956 Oak St,False,0.0830985679939351,Low,False,,,,
"RF_Clermont County, OH_4893",689 Maple Rd,False,0.08309376066091323,Low,False,,,,
"RF_Clermont County, OH_4476",5775 Pine Blvd,False,0.08308707400332062,Low,False,,,,
"RF_Clermont County, OH_1278",6172 Main Rd,False,0.08306247868846763,Low,False,,,,
"RF_Clermont County, OH_0900",4478 Oak Rd,False,0.08304056269895907,Low,False,,,,
"RF_Clermont County, OH_4169",3052 Cedar Rd,False,0.08303556230378532,Low,False,,,,
"RF_Clermont County, OH_0270",760 Cedar Ave,False,0.08303369636889889,Low,False,,,,
"RF_Clermont County, OH_1993",4471 Cedar Ave,False,0.08302862193783583,Low,False,,,,
"RF_Clermont County, OH_4141",3143 Main Blvd,False,0.08300676735693494,Low,False,,,,
"RF_Clermont County, OH_1854",7633 Cedar St,False,0.08300659141305536,Low,False,,,,
"RF_Clermont County, OH_4174",5767 Oak Ave,False,0.08300166808627159,Low,False,,,,
"RF_Clermont County, OH_2680",5459 Pine Blvd,False,0.08299989784349818,Low,False,,,,
"RF_Clermont County, OH_2836",5435 Maple Ave,False,0.08299791765274372,Low,True,2025-07-01 23:57:41.150727,76.0,718358.0,247811.0
"RF_Clermont County, OH_2997",1179 Pine Ave,False,0.08297771261096874,Low,True,2025-06-12 23:57:41.150727,165.0,717351.0,424594.0
"RF_Clermont County, OH_2713",7026 Pine Ave,False,0.08297357673447844,Low,False,,,,
"RF_Clermont County, OH_1145",3044 Oak St,False,0.08297168886665081,Low,False,,,,
"RF_Clermont County, OH_2766",2546 Maple St,False,0.08294928497555036,Low,False,,,,
"RF_Clermont County, OH_4930",6123 Maple Ave,False,0.08294407930840705,Low,False,,,,
"RF_Clermont County, OH_4535",3492 Main St,False,0.08289416895017988,Low,False,,,,
"RF_Clermont County, OH_4531",8648 Main Ave,False,0.08289174918837401,Low,False,,,,
"RF_Clermont County, OH_3306",4662 Oak Blvd,False,0.08288900256971708,Low,False,,,,
"RF_Clermont County, OH_4857",6396 Oak Ave,False,0.0828619375645202,Low,False,,,,
"RF_Clermont County, OH_3520",3799 Pine Ave,False,0.08286026843502341,Low,False,,,,
"RF_Clermont County, OH_1233",4739 Maple Blvd,False,0.08285812188740348,Low,False,,,,
"RF_Clermont County, OH_0750",4616 Maple St,False,0.08280333292911043,Low,False,,,,
"RF_Clermont County, OH_1443",2561 Oak St,False,0.0827822907836866,Low,False,,,,
"RF_Clermont County, OH_3944",7128 Pine Ave,False,0.08278011596883866,Low,False,,,,
"RF_Clermont County, OH_3462",2900 Oak Ave,False,0.08272690656139782,Low,False,,,,
"RF_Clermont County, OH_1044",5740 Oak Blvd,False,0.0827253798058611,Low,True,2024-11-14 23:57:41.150727,58.0,482871.0,767108.0
"RF_Clermont County, OH_1506",1988 Oak St,False,0.08272521299509866,Low,False,,,,
"RF_Clermont County, OH_3194",4469 Pine Ave,False,0.08269878591266834,Low,False,,,,
"RF_Clermont County, OH_3276",885 Maple Rd,False,0.08268763620351827,Low,True,2024-12-31 23:57:41.150727,19.0,590252.0,615707.0
"RF_Clermont County, OH_4159",8342 Cedar St,False,0.0826854085510787,Low,False,,,,
"RF_Clermont County, OH_2034",6303 Pine Ave,False,0.08267184255219959,Low,False,,,,
"RF_Clermont County, OH_2993",5335 Pine Ave,False,0.08266047753071286,Low,False,,,,
"RF_Clermont County, OH_2858",9740 Pine Ave,False,0.08265439761151464,Low,False,,,,
"RF_Clermont County, OH_4098",679 Maple St,False,0.0826147611302895,Low,False,,,,
"RF_Clermont County, OH_0843",5438 Oak Ave,False,0.08261165452831891,Low,False,,,,
"RF_Clermont County, OH_1325",4345 Cedar St,False,0.08259769644511146,Low,False,,,,
"RF_Clermont County, OH_0784",7509 Maple Blvd,False,0.0825786210646626,Low,False,,,,
"RF_Clermont County, OH_1091",7554 Oak St,False,0.08257161872760994,Low,False,,,,
"RF_Clermont County, OH_4152",4343 Cedar Blvd,False,0.08256595721933829,Low,False,,,,
"RF_Clermont County, OH_4355",6686 Maple Blvd,False,0.08255473543693054,Low,False,,,,
"RF_Clermont County, OH_0248",6231 Main Rd,False,0.08255017712787163,Low,True,2024-12-24 23:57:41.150727,38.0,232505.0,510674.0
"RF_Clermont County, OH_3623",9497 Maple Rd,False,0.08254898704720373,Low,False,,,,
"RF_Clermont County, OH_4717",427 Maple St,False,0.08254688427766901,Low,False,,,,
"RF_Clermont County, OH_4303",8272 Oak Ave,False,0.08253200925592605,Low,False,,,,
"RF_Clermont County, OH_3933",2715 Cedar Rd,False,0.08251604827698303,Low,False,,,,
"RF_Clermont County, OH_2978",7468 Maple St,False,0.08250523737097497,Low,False,,,,
"RF_Clermont County, OH_1439",2438 Pine Rd,False,0.0824934422141463,Low,False,,,,
"RF_Clermont County, OH_2773",974 Pine Blvd,False,0.082456218921194,Low,False,,,,
"RF_Clermont County, OH_2346",1712 Pine Rd,False,0.08245379239434684,Low,True,2024-09-29 23:57:41.150727,143.0,795321.0,626312.0
"RF_Clermont County, OH_2022",3512 Cedar St,False,0.08243742588651566,Low,False,,,,
"RF_Clermont County, OH_0988",7600 Maple Blvd,False,0.08238736222831225,Low,True,2025-04-26 23:57:41.150727,174.0,240647.0,760438.0
"RF_Clermont County, OH_3641",9278 Pine Ave,False,0.08238094079096568,Low,False,,,,
"RF_Clermont County, OH_2827",8298 Oak St,False,0.08238026834218898,Low,False,,,,
"RF_Clermont County, OH_2260",1395 Maple St,False,0.08237303738127866,Low,False,,,,
"RF_Clermont County, OH_4168",6177 Cedar Rd,False,0.08237068452186094,Low,True,2025-01-18 23:57:41.150727,66.0,567396.0,385916.0
"RF_Clermont County, OH_4522",9260 Maple St,False,0.08235927555790971,Low,True,2025-03-23 23:57:41.150727,29.0,180668.0,211864.0
"RF_Clermont County, OH_2674",6451 Maple Rd,False,0.08234941355532326,Low,False,,,,
"RF_Clermont County, OH_2860",9574 Pine Rd,False,0.08234293514903254,Low,False,,,,
"RF_Clermont County, OH_2310",2319 Main St,False,0.08233961274124514,Low,False,,,,
"RF_Clermont County, OH_0024",7185 Pine Blvd,False,0.08233648788199772,Low,True,2024-10-13 23:57:41.150727,149.0,380051.0,796516.0
"RF_Clermont County, OH_0380",3657 Pine Blvd,False,0.08233082021654332,Low,False,,,,
"RF_Clermont County, OH_1373",6754 Main Rd,False,0.08232022932693606,Low,False,,,,
"RF_Clermont County, OH_1766",5573 Main St,False,0.08230673106093503,Low,False,,,,
"RF_Clermont County, OH_1579",6351 Pine St,False,0.08229067663527903,Low,False,,,,
"RF_Clermont County, OH_0910",7222 Cedar St,False,0.08227960787223994,Low,False,,,,
"RF_Clermont County, OH_3827",2923 Oak Blvd,False,0.08226918875830447,Low,False,,,,
"RF_Clermont County, OH_4423",9627 Cedar Ave,False,0.0822664179390194,Low,False,,,,
"RF_Clermont County, OH_4876",7157 Pine Blvd,False,0.0822603094555725,Low,False,,,,
"RF_Clermont County, OH_1592",2526 Cedar Ave,False,0.08224332684062041,Low,False,,,,
"RF_Clermont County, OH_0630",8449 Pine St,False,0.08223967913835618,Low,False,,,,
"RF_Clermont County, OH_1492",4474 Pine Ave,False,0.08221842527314017,Low,False,,,,
"RF_Clermont County, OH_0584",2651 Main Blvd,False,0.08221363653759388,Low,False,,,,
"RF_Clermont County, OH_2535",5688 Oak Blvd,False,0.08220579532264827,Low,False,,,,
"RF_Clermont County, OH_1140",3864 Main Ave,False,0.08219820942202005,Low,False,,,,
"RF_Clermont County, OH_1819",8399 Pine Ave,False,0.08218693452530515,Low,False,,,,
"RF_Clermont County, OH_3666",9100 Maple Ave,False,0.08213317808982697,Low,False,,,,
"RF_Clermont County, OH_4702",9288 Oak St,False,0.08212209147520531,Low,False,,,,
"RF_Clermont County, OH_4379",6234 Oak Ave,False,0.08211130000015125,Low,False,,,,
"RF_Clermont County, OH_1735",6074 Main Ave,False,0.08207036707300323,Low,False,,,,
"RF_Clermont County, OH_1061",6023 Main Blvd,False,0.08204741619509745,Low,False,,,,
"RF_Clermont County, OH_4346",6475 Oak Blvd,False,0.08204051697290772,Low,False,,,,
"RF_Clermont County, OH_2619",3450 Maple Ave,False,0.08203385712794833,Low,True,2025-03-09 23:57:41.150727,109.0,218282.0,727863.0
"RF_Clermont County, OH_2232",5793 Pine Rd,False,0.08203358952101691,Low,False,,,,
"RF_Clermont County, OH_0002",6353 Maple Blvd,False,0.08200885430003742,Low,False,,,,
"RF_Clermont County, OH_3320",4463 Main St,False,0.08200268923288721,Low,False,,,,
"RF_Clermont County, OH_2065",7951 Main Blvd,False,0.08199813226351425,Low,False,,,,
"RF_Clermont County, OH_2878",3199 Maple Ave,False,0.08199761651081632,Low,False,,,,
"RF_Clermont County, OH_3942",5289 Maple Blvd,False,0.0819942901448333,Low,False,,,,
"RF_Clermont County, OH_0205",1451 Pine Blvd,False,0.08198735963924349,Low,False,,,,
"RF_Clermont County, OH_1775",7277 Oak St,False,0.08198692152456791,Low,False,,,,
"RF_Clermont County, OH_0882",4221 Cedar St,False,0.08196364943755852,Low,False,,,,
"RF_Clermont County, OH_0482",8939 Pine St,False,0.0819570824384309,Low,False,,,,
"RF_Clermont County, OH_3573",3327 Main Ave,False,0.08194296672803295,Low,False,,,,
"RF_Clermont County, OH_4310",2152 Pine Rd,False,0.0819296870085515,Low,False,,,,
"RF_Clermont County, OH_0522",6573 Oak St,False,0.0819151181942499,Low,False,,,,
"RF_Clermont County, OH_2135",2645 Maple Blvd,False,0.08190859076713622,Low,False,,,,
"RF_Clermont County, OH_2577",8252 Cedar Ave,False,0.08190615903523113,Low,False,,,,
"RF_Clermont County, OH_0073",1081 Cedar Rd,False,0.08188412208629682,Low,False,,,,
"RF_Clermont County, OH_0652",7526 Main St,False,0.08188310922413575,Low,False,,,,
"RF_Clermont County, OH_1628",2139 Oak Blvd,False,0.08187607817872988,Low,False,,,,
"RF_Clermont County, OH_3268",3900 Pine Blvd,False,0.08184738766201995,Low,True,2024-10-14 23:57:41.150727,132.0,187973.0,285587.0
"RF_Clermont County, OH_2219",2139 Pine St,False,0.08184188915365821,Low,False,,,,
"RF_Clermont County, OH_2059",1281 Cedar St,False,0.08183179616378364,Low,False,,,,
"RF_Clermont County, OH_3543",2012 Maple Rd,False,0.08181798234132623,Low,False,,,,
"RF_Clermont County, OH_4844",4106 Main Ave,False,0.08180147185109438,Low,False,,,,
"RF_Clermont County, OH_2193",1982 Pine Ave,False,0.08177498845712505,Low,False,,,,
"RF_Clermont County, OH_1472",4654 Oak Rd,False,0.08175775292208509,Low,False,,,,
"RF_Clermont County, OH_4167",4387 Main Rd,False,0.08175551233170755,Low,False,,,,
"RF_Clermont County, OH_2413",3607 Cedar Ave,False,0.08173008310488702,Low,False,,,,
"RF_Clermont County, OH_2195",4731 Cedar Ave,False,0.08171801889203986,Low,False,,,,
"RF_Clermont County, OH_4887",1527 Maple Rd,False,0.0817147672559841,Low,False,,,,
"RF_Clermont County, OH_3083",424 Maple Rd,False,0.0816862107577506,Low,False,,,,
"RF_Clermont County, OH_4487",2262 Maple Ave,False,0.08167977525828386,Low,True,2025-04-17 23:57:41.150727,18.0,605659.0,722766.0
"RF_Clermont County, OH_2572",9524 Oak Rd,False,0.08166661191888175,Low,False,,,,
"RF_Clermont County, OH_3349",1186 Maple Rd,False,0.08166473283592586,Low,False,,,,
"RF_Clermont County, OH_2018",6247 Cedar Ave,False,0.08166195685926383,Low,True,2024-12-03 23:57:41.150727,34.0,387768.0,348726.0
"RF_Clermont County, OH_4026",313 Pine Ave,False,0.08166015970721528,Low,False,,,,
"RF_Clermont County, OH_3501",7472 Cedar St,False,0.0816561204973119,Low,False,,,,
"RF_Clermont County, OH_2667",8828 Main Blvd,False,0.08161923687911483,Low,True,2025-06-06 23:57:41.150727,29.0,466514.0,808342.0
"RF_Clermont County, OH_2744",4914 Maple St,False,0.0816109738486151,Low,False,,,,
"RF_Clermont County, OH_0088",8112 Maple Ave,False,0.08161051357866304,Low,False,,,,
"RF_Clermont County, OH_1760",4621 Pine Ave,False,0.08159797123791257,Low,False,,,,
"RF_Clermont County, OH_4706",8405 Oak Rd,False,0.081596915558442,Low,True,2024-09-11 23:57:41.150727,79.0,702808.0,165908.0
"RF_Clermont County, OH_2910",6728 Oak Blvd,False,0.08159589940924934,Low,False,,,,
"RF_Clermont County, OH_1100",598 Oak Ave,False,0.08156070779926991,Low,False,,,,
"RF_Clermont County, OH_4438",7674 Pine Ave,False,0.08155973764507178,Low,False,,,,
"RF_Clermont County, OH_1350",1414 Main Ave,False,0.08152650764143447,Low,False,,,,
"RF_Clermont County, OH_0847",1049 Main St,False,0.08152480158092776,Low,False,,,,
"RF_Clermont County, OH_1770",8672 Pine Ave,False,0.08152155336691769,Low,True,2025-02-19 23:57:41.150727,162.0,516923.0,258762.0
"RF_Clermont County, OH_4878",7927 Maple Blvd,False,0.08149511863056765,Low,False,,,,
"RF_Clermont County, OH_1500",2202 Main Blvd,False,0.08147902681642305,Low,True,2025-03-31 23:57:41.150727,73.0,651531.0,559131.0
"RF_Clermont County, OH_3782",8493 Pine St,False,0.08147183281234696,Low,False,,,,
"RF_Clermont County, OH_3132",2633 Main Rd,False,0.08146802309019932,Low,True,2024-12-12 23:57:41.150727,96.0,572557.0,651767.0
"RF_Clermont County, OH_1068",6016 Maple Rd,False,0.08145589963227863,Low,False,,,,
"RF_Clermont County, OH_1504",1923 Oak St,False,0.08144610277480922,Low,True,2024-12-20 23:57:41.150727,112.0,390843.0,473795.0
"RF_Clermont County, OH_1210",2934 Oak Rd,False,0.08143551343902956,Low,False,,,,
"RF_Clermont County, OH_2329",3945 Cedar Blvd,False,0.08142482920452791,Low,False,,,,
"RF_Clermont County, OH_2079",6909 Maple Rd,False,0.0814240512874584,Low,False,,,,
"RF_Clermont County, OH_3669",4666 Main St,False,0.08140992140210496,Low,False,,,,
"RF_Clermont County, OH_3271",4406 Pine Ave,False,0.0813985783952652,Low,False,,,,
"RF_Clermont County, OH_4739",2267 Oak Blvd,False,0.08136511433675261,Low,False,,,,
"RF_Clermont County, OH_0992",6157 Cedar Rd,False,0.0813620803667129,Low,False,,,,
"RF_Clermont County, OH_3528",9986 Pine Blvd,False,0.08135640921837765,Low,False,,,,
"RF_Clermont County, OH_0716",8075 Oak Ave,False,0.0813471369095107,Low,False,,,,
"RF_Clermont County, OH_0881",2368 Oak Ave,False,0.08133205139729674,Low,False,,,,
"RF_Clermont County, OH_2008",8081 Maple Blvd,False,0.08132041785507756,Low,False,,,,
"RF_Clermont County, OH_3288",5229 Oak Ave,False,0.0813178620586063,Low,False,,,,
"RF_Clermont County, OH_1162",975 Oak Rd,False,0.08130669045794664,Low,True,2025-03-18 23:57:41.150727,107.0,475572.0,467236.0
"RF_Clermont County, OH_4139",5006 Main Rd,False,0.08129293740406732,Low,False,,,,
"RF_Clermont County, OH_1576",8124 Main St,False,0.08128729017862664,Low,False,,,,
"RF_Clermont County, OH_3050",2957 Main Rd,False,0.08128230397998469,Low,False,,,,
"RF_Clermont County, OH_2359",2760 Oak Blvd,False,0.08127507253405886,Low,True,2024-12-24 23:57:41.150727,18.0,768245.0,518211.0
"RF_Clermont County, OH_2686",8156 Oak Rd,False,0.08127480037440162,Low,False,,,,
"RF_Clermont County, OH_0140",5185 Main Rd,False,0.08127477490490587,Low,False,,,,
"RF_Clermont County, OH_2307",263 Pine Ave,False,0.08126373765999577,Low,False,,,,
"RF_Clermont County, OH_2073",1960 Oak Blvd,False,0.08122972109070843,Low,False,,,,
"RF_Clermont County, OH_3200",540 Cedar Ave,False,0.08120844000690863,Low,True,2025-01-23 23:57:41.150727,77.0,685986.0,463933.0
"RF_Clermont County, OH_1153",6375 Pine Rd,False,0.08119133715346905,Low,False,,,,
"RF_Clermont County, OH_4229",2069 Maple Blvd,False,0.08118387816003522,Low,False,,,,
"RF_Clermont County, OH_3910",7950 Pine St,False,0.08116922232284414,Low,False,,,,
"RF_Clermont County, OH_4224",9599 Main St,False,0.08114443191402347,Low,True,2025-05-17 23:57:41.150727,51.0,738288.0,274382.0
"RF_Clermont County, OH_1966",6058 Oak Rd,False,0.08111444698599601,Low,False,,,,
"RF_Clermont County, OH_4069",7590 Maple Rd,False,0.08110738475646254,Low,False,,,,
"RF_Clermont County, OH_0844",3025 Pine Blvd,False,0.08108847807854704,Low,False,,,,
"RF_Clermont County, OH_3259",3698 Maple Ave,False,0.08108667819820213,Low,False,,,,
"RF_Clermont County, OH_2541",644 Cedar Ave,False,0.0810718915326437,Low,False,,,,
"RF_Clermont County, OH_0576",592 Maple Ave,False,0.08106954634665987,Low,False,,,,
"RF_Clermont County, OH_3287",7030 Maple Rd,False,0.08106886842237365,Low,False,,,,
"RF_Clermont County, OH_0983",4296 Oak Blvd,False,0.08106620505995088,Low,False,,,,
"RF_Clermont County, OH_3497",316 Pine Rd,False,0.08106542384867743,Low,False,,,,
"RF_Clermont County, OH_1218",6236 Oak Blvd,False,0.08105105544625192,Low,False,,,,
"RF_Clermont County, OH_0603",285 Maple Ave,False,0.08104444477673968,Low,True,2025-05-04 23:57:41.150727,57.0,151102.0,180959.0
"RF_Clermont County, OH_4345",2710 Oak Rd,False,0.08103095119018444,Low,False,,,,
"RF_Clermont County, OH_2207",7571 Oak St,False,0.0810210206642971,Low,False,,,,
"RF_Clermont County, OH_1359",9792 Main Ave,False,0.08098897212220021,Low,False,,,,
"RF_Clermont County, OH_2949",2006 Main Blvd,False,0.08097791317237789,Low,False,,,,
"RF_Clermont County, OH_3606",594 Main Ave,False,0.08097296696656973,Low,False,,,,
"RF_Clermont County, OH_2881",4245 Oak St,False,0.08097116228276549,Low,False,,,,
"RF_Clermont County, OH_3388",1566 Oak Rd,False,0.0809578844644554,Low,False,,,,
"RF_Clermont County, OH_1382",3753 Main Blvd,False,0.08094484257324912,Low,False,,,,
"RF_Clermont County, OH_2166",285 Main Ave,False,0.08092138616934944,Low,True,2025-06-24 23:57:41.150727,40.0,448132.0,695575.0
"RF_Clermont County, OH_1509",3823 Cedar Blvd,False,0.08088894097902956,Low,False,,,,
"RF_Clermont County, OH_4302",4066 Main Blvd,False,0.08087870832678953,Low,False,,,,
"RF_Clermont County, OH_2567",4905 Maple Blvd,False,0.0808552569030762,Low,False,,,,
"RF_Clermont County, OH_3390",3459 Maple St,False,0.08084958175406126,Low,False,,,,
"RF_Clermont County, OH_4281",5508 Main St,False,0.08084305600688135,Low,False,,,,
"RF_Clermont County, OH_1340",5868 Oak Ave,False,0.08082685717543121,Low,False,,,,
"RF_Clermont County, OH_0475",8031 Cedar Blvd,False,0.08081713970063151,Low,False,,,,
"RF_Clermont County, OH_1516",4532 Pine Ave,False,0.08081329666745624,Low,False,,,,
"RF_Clermont County, OH_2228",3769 Cedar Rd,False,0.08081187282464958,Low,False,,,,
"RF_Clermont County, OH_4963",5655 Main St,False,0.08080632509319438,Low,False,,,,
"RF_Clermont County, OH_2675",9320 Oak Ave,False,0.0807724913590166,Low,False,,,,
"RF_Clermont County, OH_4659",3907 Main Rd,False,0.08075442750274686,Low,False,,,,
"RF_Clermont County, OH_2808",4974 Cedar Rd,False,0.08074365112728527,Low,True,2024-11-12 23:57:41.150727,120.0,183831.0,556008.0
"RF_Clermont County, OH_1419",4515 Oak St,False,0.08074204904356633,Low,True,2025-04-27 23:57:41.150727,137.0,538096.0,526341.0
"RF_Clermont County, OH_3392",3937 Maple St,False,0.08073986440251285,Low,False,,,,
"RF_Clermont County, OH_0479",4342 Cedar St,False,0.0807357136478275,Low,True,2024-08-09 23:57:41.150727,34.0,602384.0,366665.0
"RF_Clermont County, OH_2088",4805 Main Ave,False,0.08072779761869543,Low,False,,,,
"RF_Clermont County, OH_2222",1363 Oak St,False,0.08071716141381224,Low,False,,,,
"RF_Clermont County, OH_3010",994 Pine Blvd,False,0.08068749694010813,Low,False,,,,
"RF_Clermont County, OH_4428",3255 Oak Ave,False,0.08066572107646164,Low,False,,,,
"RF_Clermont County, OH_1732",6754 Maple St,False,0.08065351507467548,Low,False,,,,
"RF_Clermont County, OH_4447",8772 Maple St,False,0.08064853604864865,Low,False,,,,
"RF_Clermont County, OH_0395",3860 Cedar Blvd,False,0.08063817809703515,Low,False,,,,
"RF_Clermont County, OH_0966",5067 Maple Blvd,False,0.0806253049034143,Low,False,,,,
"RF_Clermont County, OH_0114",774 Oak Rd,False,0.08061396040704456,Low,False,,,,
"RF_Clermont County, OH_0777",8793 Main St,False,0.08058545378479005,Low,True,2025-03-28 23:57:41.150727,25.0,348965.0,169162.0
"RF_Clermont County, OH_0616",2598 Pine Blvd,False,0.08056408198736813,Low,False,,,,
"RF_Clermont County, OH_2587",6561 Main Ave,False,0.08056376134755505,Low,False,,,,
"RF_Clermont County, OH_1603",2579 Oak St,False,0.08055602285844662,Low,False,,,,
"RF_Clermont County, OH_4128",7190 Oak Rd,False,0.08055423778074126,Low,True,2025-03-04 23:57:41.150727,45.0,607058.0,592463.0
"RF_Clermont County, OH_1378",7633 Cedar Rd,False,0.08054477533590199,Low,False,,,,
"RF_Clermont County, OH_3072",3215 Cedar Rd,False,0.08053496493828384,Low,False,,,,
"RF_Clermont County, OH_3924",5726 Oak St,False,0.080520672608222,Low,False,,,,
"RF_Clermont County, OH_1824",7101 Maple Blvd,False,0.08052013935199931,Low,False,,,,
"RF_Clermont County, OH_4399",7303 Pine St,False,0.08051077978748034,Low,False,,,,
"RF_Clermont County, OH_0942",4724 Cedar Ave,False,0.0804722995543561,Low,False,,,,
"RF_Clermont County, OH_1850",3911 Oak Blvd,False,0.08046788923470888,Low,False,,,,
"RF_Clermont County, OH_4700",2641 Maple Rd,False,0.08046247907140655,Low,False,,,,
"RF_Clermont County, OH_2249",6241 Oak St,False,0.08043804293243108,Low,False,,,,
"RF_Clermont County, OH_2143",3175 Pine Ave,False,0.08042842165266137,Low,False,,,,
"RF_Clermont County, OH_1183",8525 Pine Ave,False,0.08042567526844957,Low,False,,,,
"RF_Clermont County, OH_0944",7545 Cedar Blvd,False,0.08041597951903635,Low,False,,,,
"RF_Clermont County, OH_4768",689 Oak Blvd,False,0.08039994582043815,Low,False,,,,
"RF_Clermont County, OH_1396",1082 Oak St,False,0.08038451660703831,Low,False,,,,
"RF_Clermont County, OH_0227",2009 Main St,False,0.08036546578982003,Low,False,,,,
"RF_Clermont County, OH_1829",2894 Oak Ave,False,0.08036478045789555,Low,False,,,,
"RF_Clermont County, OH_2934",4363 Main St,False,0.08035642175562331,Low,False,,,,
"RF_Clermont County, OH_4877",2075 Cedar Blvd,False,0.08035064300581846,Low,False,,,,
"RF_Clermont County, OH_1083",8095 Oak Ave,False,0.08030531918404314,Low,False,,,,
"RF_Clermont County, OH_3407",2175 Maple Blvd,False,0.08030502679988476,Low,False,,,,
"RF_Clermont County, OH_2556",8440 Main St,False,0.08030307200427313,Low,False,,,,
"RF_Clermont County, OH_0964",4581 Oak St,False,0.08029057518830568,Low,True,2024-07-31 23:57:41.150727,62.0,479924.0,456884.0
"RF_Clermont County, OH_4539",6011 Pine St,False,0.08028390082970048,Low,False,,,,
"RF_Clermont County, OH_0602",3304 Maple Rd,False,0.08027981764714207,Low,True,2024-08-13 23:57:41.150727,137.0,768695.0,265956.0
"RF_Clermont County, OH_0849",6531 Maple Ave,False,0.08024705520014888,Low,False,,,,
"RF_Clermont County, OH_4206",9941 Maple Rd,False,0.08023450618150126,Low,False,,,,
"RF_Clermont County, OH_1138",4467 Oak St,False,0.08022766803197501,Low,False,,,,
"RF_Clermont County, OH_0685",8688 Oak Blvd,False,0.08021800957512991,Low,False,,,,
"RF_Clermont County, OH_4333",7880 Oak Ave,False,0.08021366743557334,Low,False,,,,
"RF_Clermont County, OH_4240",9333 Pine Rd,False,0.08021306733643259,Low,False,,,,
"RF_Clermont County, OH_0162",5366 Oak Rd,False,0.08019222698956424,Low,False,,,,
"RF_Clermont County, OH_4607",8742 Maple Ave,False,0.08019133483780248,Low,False,,,,
"RF_Clermont County, OH_2313",2744 Maple Blvd,False,0.08018407348880617,Low,False,,,,
"RF_Clermont County, OH_4050",4293 Main Rd,False,0.08017479712924201,Low,False,,,,
"RF_Clermont County, OH_2628",7577 Pine Blvd,False,0.08017378567736522,Low,False,,,,
"RF_Clermont County, OH_3538",2464 Maple Blvd,False,0.08015523081651046,Low,False,,,,
"RF_Clermont County, OH_3301",8136 Oak St,False,0.08012583863570379,Low,False,,,,
"RF_Clermont County, OH_3021",9368 Pine Rd,False,0.08012235952043856,Low,False,,,,
"RF_Clermont County, OH_4054",4446 Main Blvd,False,0.08011903915982133,Low,False,,,,
"RF_Clermont County, OH_4686",5868 Maple St,False,0.08011751157654504,Low,False,,,,
"RF_Clermont County, OH_4491",7596 Oak Rd,False,0.08011177535534053,Low,False,,,,
"RF_Clermont County, OH_3059",3547 Pine Ave,False,0.08010503123535094,Low,False,,,,
"RF_Clermont County, OH_4360",7284 Main Blvd,False,0.0800769465798265,Low,False,,,,
"RF_Clermont County, OH_4205",2426 Oak St,False,0.08006256037722609,Low,False,,,,
"RF_Clermont County, OH_0226",2516 Main Blvd,False,0.0800570212627087,Low,False,,,,
"RF_Clermont County, OH_3853",9940 Pine Rd,False,0.08004334627943226,Low,False,,,,
"RF_Clermont County, OH_1015",168 Cedar Rd,False,0.08003116990543421,Low,False,,,,
"RF_Clermont County, OH_0902",6977 Maple St,False,0.08002245389012203,Low,False,,,,
"RF_Clermont County, OH_3757",6414 Maple St,False,0.08001606738688123,Low,True,2024-08-18 23:57:41.150727,103.0,590048.0,642445.0
"RF_Clermont County, OH_1146",8079 Pine Rd,False,0.0799963002331102,Low,False,,,,
"RF_Clermont County, OH_3534",1639 Oak Rd,False,0.07999611615305598,Low,False,,,,
"RF_Clermont County, OH_0593",666 Pine Ave,False,0.07997913433839307,Low,False,,,,
"RF_Clermont County, OH_0457",9564 Pine Ave,False,0.07996210212926344,Low,False,,,,
"RF_Clermont County, OH_2671",8914 Pine Blvd,False,0.07995003912961376,Low,True,2025-03-14 23:57:41.150727,55.0,657313.0,184914.0
"RF_Clermont County, OH_1268",2514 Oak St,False,0.07993631952728213,Low,False,,,,
"RF_Clermont County, OH_2125",5082 Maple St,False,0.07991414589771993,Low,False,,,,
"RF_Clermont County, OH_2402",1756 Cedar Ave,False,0.07990861562952245,Low,False,,,,
"RF_Clermont County, OH_3027",9947 Cedar Blvd,False,0.07990717157787512,Low,False,,,,
"RF_Clermont County, OH_1999",8387 Maple St,False,0.07989214972138133,Low,False,,,,
"RF_Clermont County, OH_0557",498 Oak St,False,0.07989142393686366,Low,False,,,,
"RF_Clermont County, OH_1431",2511 Pine Rd,False,0.07984288777560414,Low,True,2025-04-26 23:57:41.150727,136.0,577412.0,568238.0
"RF_Clermont County, OH_1788",5588 Main Ave,False,0.07983096905681067,Low,False,,,,
"RF_Clermont County, OH_1109",3979 Maple Blvd,False,0.07981871471705344,Low,False,,,,
"RF_Clermont County, OH_2415",2060 Pine Rd,False,0.07980158481050548,Low,False,,,,
"RF_Clermont County, OH_1906",2344 Maple Ave,False,0.07978632568399951,Low,False,,,,
"RF_Clermont County, OH_2635",5562 Cedar Rd,False,0.07978089194713307,Low,False,,,,
"RF_Clermont County, OH_2002",5014 Oak Blvd,False,0.07977783687858497,Low,False,,,,
"RF_Clermont County, OH_1377",5509 Pine St,False,0.07977206276563653,Low,False,,,,
"RF_Clermont County, OH_4059",7446 Cedar St,False,0.07976792879652767,Low,False,,,,
"RF_Clermont County, OH_1992",6277 Maple Blvd,False,0.07975239653442023,Low,False,,,,
"RF_Clermont County, OH_3453",7857 Pine St,False,0.07975087160436306,Low,False,,,,
"RF_Clermont County, OH_3711",6169 Maple Blvd,False,0.07971488053329864,Low,True,2024-09-07 23:57:41.150727,72.0,315300.0,496789.0
"RF_Clermont County, OH_2793",6551 Oak St,False,0.07970186191597964,Low,False,,,,
"RF_Clermont County, OH_3402",8518 Cedar Rd,False,0.07968224712768979,Low,False,,,,
"RF_Clermont County, OH_2925",1113 Cedar Ave,False,0.07968192799637562,Low,False,,,,
"RF_Clermont County, OH_3703",5988 Main Rd,False,0.07966341193939801,Low,False,,,,
"RF_Clermont County, OH_1774",669 Oak Ave,False,0.0795803864361546,Low,False,,,,
"RF_Clermont County, OH_3728",1676 Cedar Blvd,False,0.07957753388041773,Low,False,,,,
"RF_Clermont County, OH_0907",6653 Maple Rd,False,0.07956988712109199,Low,False,,,,
"RF_Clermont County, OH_0981",7706 Pine Rd,False,0.0795671836534398,Low,False,,,,
"RF_Clermont County, OH_3502",4126 Main St,False,0.07954416322008938,Low,False,,,,
"RF_Clermont County, OH_1133",3927 Pine Ave,False,0.07951395472792237,Low,False,,,,
"RF_Clermont County, OH_1675",5864 Pine St,False,0.07950258342492443,Low,True,2024-10-02 23:57:41.150727,174.0,626987.0,433252.0
"RF_Clermont County, OH_4812",5712 Pine Rd,False,0.0795018601872649,Low,False,,,,
"RF_Clermont County, OH_0842",6470 Main Ave,False,0.07949370282495723,Low,False,,,,
"RF_Clermont County, OH_3737",3708 Oak Ave,False,0.07946787672344661,Low,False,,,,
"RF_Clermont County, OH_0653",7610 Maple Ave,False,0.0794616526958327,Low,False,,,,
"RF_Clermont County, OH_1177",6387 Oak Blvd,False,0.07945468035413435,Low,False,,,,
"RF_Clermont County, OH_4874",980 Cedar Rd,False,0.07944584358566724,Low,False,,,,
"RF_Clermont County, OH_2600",9613 Maple St,False,0.07944493881637492,Low,False,,,,
"RF_Clermont County, OH_3724",3412 Oak Blvd,False,0.07944138019121467,Low,False,,,,
"RF_Clermont County, OH_1136",212 Main Ave,False,0.07943848504381561,Low,False,,,,
"RF_Clermont County, OH_1965",7111 Pine Blvd,False,0.07937491362822903,Low,False,,,,
"RF_Clermont County, OH_1514",6730 Maple Rd,False,0.07936829259359789,Low,False,,,,
"RF_Clermont County, OH_2463",5136 Cedar Blvd,False,0.07935855577215535,Low,False,,,,
"RF_Clermont County, OH_3893",4414 Oak Rd,False,0.07934533676338808,Low,True,2025-04-25 23:57:41.150727,99.0,366611.0,243630.0
"RF_Clermont County, OH_3504",2066 Cedar Blvd,False,0.07932628484968686,Low,False,,,,
"RF_Clermont County, OH_0374",6712 Cedar Rd,False,0.07932126259173397,Low,False,,,,
"RF_Clermont County, OH_3667",8363 Maple Ave,False,0.07932015037026743,Low,False,,,,
"RF_Clermont County, OH_1984",268 Main St,False,0.07930878826450923,Low,False,,,,
"RF_Clermont County, OH_2524",1195 Oak Blvd,False,0.07930418118694835,Low,False,,,,
"RF_Clermont County, OH_2434",6099 Cedar Blvd,False,0.07930149368513856,Low,False,,,,
"RF_Clermont County, OH_4060",787 Pine Blvd,False,0.07929292085571434,Low,False,,,,
"RF_Clermont County, OH_3670",8373 Oak Ave,False,0.07929150546864763,Low,False,,,,
"RF_Clermont County, OH_0018",4097 Main St,False,0.07928032629099611,Low,True,2025-04-17 23:57:41.150727,45.0,750985.0,178293.0
"RF_Clermont County, OH_2121",2258 Oak Ave,False,0.07925769200914545,Low,False,,,,
"RF_Clermont County, OH_4830",1153 Maple Blvd,False,0.07924741646029382,Low,False,,,,
"RF_Clermont County, OH_0366",4549 Oak Blvd,False,0.07924499198931605,Low,False,,,,
"RF_Clermont County, OH_0550",785 Main Ave,False,0.07924466184716547,Low,False,,,,
"RF_Clermont County, OH_3820",4650 Oak Blvd,False,0.07924249679135129,Low,False,,,,
"RF_Clermont County, OH_4715",9098 Cedar Rd,False,0.07923772463961821,Low,False,,,,
"RF_Clermont County, OH_1399",227 Cedar Blvd,False,0.07922275157042015,Low,False,,,,
"RF_Clermont County, OH_4853",4835 Main Rd,False,0.07921732264605215,Low,False,,,,
"RF_Clermont County, OH_3526",2713 Pine Blvd,False,0.07921684959094967,Low,False,,,,
"RF_Clermont County, OH_2137",7066 Pine St,False,0.07921290155331583,Low,False,,,,
"RF_Clermont County, OH_0200",8617 Cedar Blvd,False,0.07920487389757842,Low,False,,,,
"RF_Clermont County, OH_0328",5896 Main Blvd,False,0.0791887884171883,Low,True,2025-01-09 23:57:41.150727,31.0,177852.0,323883.0
"RF_Clermont County, OH_2139",5477 Pine Blvd,False,0.07917728573686106,Low,False,,,,
"RF_Clermont County, OH_4335",102 Maple Rd,False,0.07915470488652611,Low,False,,,,
"RF_Clermont County, OH_0638",1424 Oak Blvd,False,0.0791405994688213,Low,False,,,,
"RF_Clermont County, OH_1012",7693 Main Blvd,False,0.07913574497558479,Low,False,,,,
"RF_Clermont County, OH_3859",6282 Pine Rd,False,0.07911522312168542,Low,False,,,,
"RF_Clermont County, OH_1847",2012 Main Rd,False,0.07910751131233763,Low,False,,,,
"RF_Clermont County, OH_3040",6168 Pine Blvd,False,0.07909901186391931,Low,False,,,,
"RF_Clermont County, OH_0524",8886 Cedar Rd,False,0.07909398939365786,Low,True,2024-12-21 23:57:41.150727,15.0,619605.0,725375.0
"RF_Clermont County, OH_1338",666 Maple Ave,False,0.07907575445748838,Low,True,2025-02-17 23:57:41.150727,93.0,482740.0,140702.0
"RF_Clermont County, OH_0511",9096 Cedar Ave,False,0.07906319406792758,Low,False,,,,
"RF_Clermont County, OH_2718",3205 Maple St,False,0.07903469384683955,Low,False,,,,
"RF_Clermont County, OH_4935",6585 Oak Ave,False,0.07903395936259872,Low,False,,,,
"RF_Clermont County, OH_0001",4168 Cedar Rd,False,0.07903055137364025,Low,True,2024-08-20 23:57:41.150727,45.0,315182.0,308356.0
"RF_Clermont County, OH_2100",283 Pine Blvd,False,0.0790294089523855,Low,False,,,,
"RF_Clermont County, OH_0805",5360 Cedar Blvd,False,0.07902861968490972,Low,False,,,,
"RF_Clermont County, OH_3577",6884 Oak St,False,0.07900266216370856,Low,False,,,,
"RF_Clermont County, OH_3771",3222 Oak Rd,False,0.07899309274552815,Low,False,,,,
"RF_Clermont County, OH_2373",3358 Cedar Blvd,False,0.07899077261168432,Low,False,,,,
"RF_Clermont County, OH_4454",3960 Pine Blvd,False,0.07899018657010388,Low,True,2025-02-01 23:57:41.150727,127.0,784583.0,332900.0
"RF_Clermont County, OH_4792",6689 Oak Ave,False,0.07898513886232889,Low,False,,,,
"RF_Clermont County, OH_2209",6739 Cedar Rd,False,0.07897665421622542,Low,False,,,,
"RF_Clermont County, OH_3742",8098 Maple Ave,False,0.07897104912927332,Low,False,,,,
"RF_Clermont County, OH_3591",3004 Cedar Rd,False,0.07895382068876547,Low,False,,,,
"RF_Clermont County, OH_0946",4458 Pine Ave,False,0.07895151176837223,Low,False,,,,
"RF_Clermont County, OH_3544",7411 Cedar Rd,False,0.07894598032561913,Low,False,,,,
"RF_Clermont County, OH_2453",8811 Cedar Ave,False,0.07894434955364367,Low,False,,,,
"RF_Clermont County, OH_2117",7108 Maple St,False,0.07893719721453592,Low,False,,,,
"RF_Clermont County, OH_0133",3646 Oak St,False,0.07892717190522062,Low,False,,,,
"RF_Clermont County, OH_3413",3115 Main Rd,False,0.07892433169368193,Low,False,,,,
"RF_Clermont County, OH_3102",3401 Maple Blvd,False,0.07889294776525593,Low,True,2025-06-17 23:57:41.150727,42.0,296467.0,300810.0
"RF_Clermont County, OH_1079",9901 Pine Ave,False,0.07888203245747726,Low,True,2024-12-21 23:57:41.150727,27.0,303619.0,783449.0
"RF_Clermont County, OH_1008",5509 Maple St,False,0.07887215371425096,Low,False,,,,
"RF_Clermont County, OH_1896",4501 Maple Blvd,False,0.07887157241686499,Low,True,2025-02-17 23:57:41.150727,136.0,468656.0,334804.0
"RF_Clermont County, OH_0725",9131 Cedar Ave,False,0.07884765154404501,Low,False,,,,
"RF_Clermont County, OH_4675",4452 Oak St,False,0.07883921362816333,Low,False,,,,
"RF_Clermont County, OH_1736",6373 Cedar Blvd,False,0.07883444558133472,Low,False,,,,
"RF_Clermont County, OH_4397",6587 Oak Blvd,False,0.07883329975096276,Low,False,,,,
"RF_Clermont County, OH_1467",1975 Oak Blvd,False,0.07882155820328308,Low,False,,,,
"RF_Clermont County, OH_4111",327 Oak St,False,0.07878794285034867,Low,False,,,,
"RF_Clermont County, OH_4117",1320 Oak St,False,0.07878793714214376,Low,False,,,,
"RF_Clermont County, OH_0740",4220 Cedar Blvd,False,0.07878424404300763,Low,True,2025-03-22 23:57:41.150727,56.0,599526.0,328662.0
"RF_Clermont County, OH_0455",3676 Oak Rd,False,0.07878192357048214,Low,False,,,,
"RF_Clermont County, OH_2412",7360 Cedar Ave,False,0.07877242620416053,Low,True,2025-07-25 23:57:41.150727,28.0,312977.0,241462.0
"RF_Clermont County, OH_2444",7538 Oak Ave,False,0.07876880972311015,Low,False,,,,
"RF_Clermont County, OH_1001",9814 Main Rd,False,0.0787441032145995,Low,False,,,,
"RF_Clermont County, OH_2053",3671 Pine St,False,0.07874216062317602,Low,False,,,,
"RF_Clermont County, OH_3333",8767 Cedar Ave,False,0.07869790481212345,Low,False,,,,
"RF_Clermont County, OH_3108",2081 Pine St,False,0.0786938404659847,Low,False,,,,
"RF_Clermont County, OH_4816",9808 Pine Blvd,False,0.07869310995950386,Low,False,,,,
"RF_Clermont County, OH_4602",3858 Maple Ave,False,0.07868497919453951,Low,False,,,,
"RF_Clermont County, OH_2854",2514 Pine St,False,0.07868081204823538,Low,False,,,,
"RF_Clermont County, OH_2531",5531 Oak St,False,0.07865803147294427,Low,False,,,,
"RF_Clermont County, OH_1771",2680 Main Rd,False,0.0786353942379666,Low,False,,,,
"RF_Clermont County, OH_4070",9366 Pine Blvd,False,0.0786309684846553,Low,False,,,,
"RF_Clermont County, OH_3037",2013 Oak Blvd,False,0.0786285514235364,Low,True,2025-01-18 23:57:41.150727,156.0,504887.0,502959.0
"RF_Clermont County, OH_1749",6257 Pine Blvd,False,0.07861959282964585,Low,False,,,,
"RF_Clermont County, OH_0555",9959 Oak Blvd,False,0.07861191849143312,Low,False,,,,
"RF_Clermont County, OH_4606",5319 Cedar St,False,0.07859691852338,Low,False,,,,
"RF_Clermont County, OH_4361",2824 Main Blvd,False,0.07859641055087216,Low,False,,,,
"RF_Clermont County, OH_2082",7530 Oak Blvd,False,0.07859260854170971,Low,False,,,,
"RF_Clermont County, OH_1878",9120 Oak Blvd,False,0.07858246474694651,Low,False,,,,
"RF_Clermont County, OH_2738",6318 Pine Rd,False,0.07858044552678026,Low,False,,,,
"RF_Clermont County, OH_3376",5408 Cedar Blvd,False,0.07857075242959914,Low,False,,,,
"RF_Clermont County, OH_4562",751 Maple Rd,False,0.0785548638582031,Low,False,,,,
"RF_Clermont County, OH_2649",7461 Main Blvd,False,0.0785467790033978,Low,True,2024-09-08 23:57:41.150727,79.0,641148.0,742543.0
"RF_Clermont County, OH_2355",7956 Pine St,False,0.07852982242614523,Low,False,,,,
"RF_Clermont County, OH_0679",345 Maple Rd,False,0.07852403925189373,Low,False,,,,
"RF_Clermont County, OH_1023",851 Main Blvd,False,0.07851701913929299,Low,False,,,,
"RF_Clermont County, OH_1266",757 Maple Ave,False,0.07851632368760736,Low,False,,,,
"RF_Clermont County, OH_2765",1867 Cedar Blvd,False,0.07851630309614137,Low,False,,,,
"RF_Clermont County, OH_4897",4858 Cedar St,False,0.0785149951370284,Low,False,,,,
"RF_Clermont County, OH_3447",3330 Main Ave,False,0.07851490909796707,Low,False,,,,
"RF_Clermont County, OH_0011",9254 Oak Rd,False,0.07850690012054673,Low,True,2024-11-08 23:57:41.150727,139.0,590410.0,697804.0
"RF_Clermont County, OH_4391",8924 Pine St,False,0.07848883323369564,Low,False,,,,
"RF_Clermont County, OH_3956",8446 Oak Ave,False,0.07848773096858602,Low,False,,,,
"RF_Clermont County, OH_0113",4036 Maple Blvd,False,0.07848694107464463,Low,False,,,,
"RF_Clermont County, OH_1192",6309 Pine Ave,False,0.07848087896332018,Low,False,,,,
"RF_Clermont County, OH_0246",1645 Maple Rd,False,0.07846709615318347,Low,False,,,,
"RF_Clermont County, OH_0834",4443 Pine Blvd,False,0.07845272669216308,Low,False,,,,
"RF_Clermont County, OH_0318",6066 Pine St,False,0.07845218438376471,Low,False,,,,
"RF_Clermont County, OH_0308",7370 Cedar Rd,False,0.07842150079110165,Low,False,,,,
"RF_Clermont County, OH_2870",5393 Oak St,False,0.07840323289950146,Low,False,,,,
"RF_Clermont County, OH_4707",6118 Main Rd,False,0.07840077343986179,Low,True,2025-01-14 23:57:41.150727,159.0,323180.0,231146.0
"RF_Clermont County, OH_3122",3855 Cedar Rd,False,0.07838014506353196,Low,True,2024-08-06 23:57:41.150727,162.0,213348.0,718123.0
"RF_Clermont County, OH_1383",622 Cedar St,False,0.07837785854046088,Low,True,2024-12-12 23:57:41.150727,53.0,565821.0,485109.0
"RF_Clermont County, OH_4486",5521 Pine Blvd,False,0.0783613167888762,Low,False,,,,
"RF_Clermont County, OH_1754",720 Pine Blvd,False,0.07835298747990126,Low,False,,,,
"RF_Clermont County, OH_1801",1605 Cedar Rd,False,0.07835036494937501,Low,False,,,,
"RF_Clermont County, OH_2265",5426 Maple Rd,False,0.0783438609565549,Low,False,,,,
"RF_Clermont County, OH_3395",477 Maple St,False,0.07834376617355285,Low,False,,,,
"RF_Clermont County, OH_2770",5823 Oak Ave,False,0.07834258974658019,Low,False,,,,
"RF_Clermont County, OH_0698",7664 Pine St,False,0.07831634368647829,Low,False,,,,
"RF_Clermont County, OH_0794",6496 Pine Rd,False,0.07831557073537634,Low,False,,,,
"RF_Clermont County, OH_4448",7138 Main Rd,False,0.07831106052247008,Low,False,,,,
"RF_Clermont County, OH_3294",8251 Pine St,False,0.07829504075175711,Low,False,,,,
"RF_Clermont County, OH_0640",6115 Main Rd,False,0.07829094573175444,Low,False,,,,
"RF_Clermont County, OH_2240",4743 Maple Blvd,False,0.07825946822847982,Low,False,,,,
"RF_Clermont County, OH_0508",6248 Main Blvd,False,0.07825313973806432,Low,False,,,,
"RF_Clermont County, OH_2880",9563 Cedar Ave,False,0.07822692739213026,Low,False,,,,
"RF_Clermont County, OH_4699",1444 Cedar Blvd,False,0.0782182603874417,Low,False,,,,
"RF_Clermont County, OH_2889",344 Oak Blvd,False,0.07821477905603455,Low,False,,,,
"RF_Clermont County, OH_3282",9334 Cedar St,False,0.07821071527509893,Low,False,,,,
"RF_Clermont County, OH_1856",2206 Main St,False,0.07817401702188437,Low,False,,,,
"RF_Clermont County, OH_2638",5678 Oak Blvd,False,0.07816645205563298,Low,True,2025-01-08 23:57:41.150727,79.0,393041.0,556930.0
"RF_Clermont County, OH_3836",3376 Oak Rd,False,0.07813875655242099,Low,False,,,,
"RF_Clermont County, OH_4289",6596 Maple Blvd,False,0.07813643350662305,Low,False,,,,
"RF_Clermont County, OH_0198",7099 Pine Rd,False,0.07813218738223429,Low,False,,,,
"RF_Clermont County, OH_1919",3618 Maple Blvd,False,0.07809338543981242,Low,False,,,,
"RF_Clermont County, OH_4924",3466 Oak Ave,False,0.07808283380888986,Low,False,,,,
"RF_Clermont County, OH_0973",2522 Cedar St,False,0.07808277589159365,Low,False,,,,
"RF_Clermont County, OH_4362",3625 Main Ave,False,0.0780802569644491,Low,False,,,,
"RF_Clermont County, OH_2457",8155 Oak Blvd,False,0.07807896232275796,Low,False,,,,
"RF_Clermont County, OH_0317",8751 Maple St,False,0.07806090130732223,Low,False,,,,
"RF_Clermont County, OH_0153",4990 Main Rd,False,0.07803913364598619,Low,True,2024-08-02 23:57:41.150727,73.0,205189.0,597896.0
"RF_Clermont County, OH_3419",380 Cedar Rd,False,0.07801154518025727,Low,False,,,,
"RF_Clermont County, OH_1422",334 Main Blvd,False,0.07798829399781587,Low,True,2024-09-07 23:57:41.150727,144.0,385804.0,214826.0
"RF_Clermont County, OH_4902",212 Cedar Rd,False,0.07798638362852973,Low,False,,,,
"RF_Clermont County, OH_0092",9498 Maple St,False,0.07797481824972642,Low,False,,,,
"RF_Clermont County, OH_0615",899 Main Blvd,False,0.07794958344126797,Low,False,,,,
"RF_Clermont County, OH_2737",7227 Maple Rd,False,0.07793009138110944,Low,False,,,,
"RF_Clermont County, OH_2210",3938 Cedar Ave,False,0.0779271592346882,Low,False,,,,
"RF_Clermont County, OH_3870",6569 Pine Ave,False,0.07792054145819666,Low,False,,,,
"RF_Clermont County, OH_2165",7532 Main Rd,False,0.07791570499402797,Low,False,,,,
"RF_Clermont County, OH_3980",3146 Maple Ave,False,0.07791321848553391,Low,False,,,,
"RF_Clermont County, OH_3296",954 Cedar Blvd,False,0.07790975168473385,Low,True,2024-12-09 23:57:41.150727,21.0,737472.0,427515.0
"RF_Clermont County, OH_4123",8109 Cedar Ave,False,0.07790286110168239,Low,False,,,,
"RF_Clermont County, OH_0355",229 Pine Rd,False,0.07788886159826588,Low,False,,,,
"RF_Clermont County, OH_3693",6444 Maple Rd,False,0.07787568407016114,Low,False,,,,
"RF_Clermont County, OH_3055",6946 Oak Ave,False,0.07786601762953324,Low,False,,,,
"RF_Clermont County, OH_1125",5610 Cedar Ave,False,0.07785272109603199,Low,False,,,,
"RF_Clermont County, OH_4420",8888 Cedar St,False,0.07784260306577669,Low,False,,,,
"RF_Clermont County, OH_2732",595 Main St,False,0.07783688238891281,Low,False,,,,
"RF_Clermont County, OH_3354",5486 Main Ave,False,0.07783538404033949,Low,False,,,,
"RF_Clermont County, OH_0770",2924 Maple Rd,False,0.07781549152173074,Low,False,,,,
"RF_Clermont County, OH_4418",9455 Oak Rd,False,0.07781348184086036,Low,False,,,,
"RF_Clermont County, OH_0399",7729 Maple St,False,0.07779539864044384,Low,False,,,,
"RF_Clermont County, OH_4752",716 Cedar St,False,0.07777998234650303,Low,False,,,,
"RF_Clermont County, OH_4305",3024 Cedar St,False,0.07775313829504533,Low,False,,,,
"RF_Clermont County, OH_1078",548 Cedar Blvd,False,0.07773788911353544,Low,False,,,,
"RF_Clermont County, OH_2814",2277 Main Blvd,False,0.07773276650016271,Low,True,2025-06-12 23:57:41.150727,38.0,416129.0,365469.0
"RF_Clermont County, OH_3682",2816 Pine St,False,0.07769166895144837,Low,False,,,,
"RF_Clermont County, OH_4949",273 Oak St,False,0.0776758198721231,Low,False,,,,
"RF_Clermont County, OH_0924",9889 Cedar Rd,False,0.07763257458946496,Low,False,,,,
"RF_Clermont County, OH_4743",4892 Cedar Rd,False,0.07763137502878024,Low,False,,,,
"RF_Clermont County, OH_2537",2839 Main Ave,False,0.07762988842958314,Low,False,,,,
"RF_Clermont County, OH_4033",9528 Main Ave,False,0.07760244426137694,Low,False,,,,
"RF_Clermont County, OH_4200",4574 Cedar Ave,False,0.07759784574161517,Low,False,,,,
"RF_Clermont County, OH_3380",7013 Pine Rd,False,0.07759537570955372,Low,False,,,,
"RF_Clermont County, OH_2378",6746 Maple St,False,0.07759131730403153,Low,False,,,,
"RF_Clermont County, OH_3351",4311 Main Blvd,False,0.07756041190305943,Low,False,,,,
"RF_Clermont County, OH_3903",9222 Cedar Ave,False,0.07755729381163065,Low,False,,,,
"RF_Clermont County, OH_4013",621 Cedar Ave,False,0.07754949079371275,Low,False,,,,
"RF_Clermont County, OH_2626",6955 Main Blvd,False,0.07753931422170429,Low,False,,,,
"RF_Clermont County, OH_1686",634 Oak St,False,0.07753785593611115,Low,False,,,,
"RF_Clermont County, OH_4313",7472 Main Ave,False,0.07751814769422125,Low,True,2024-08-22 23:57:41.150727,52.0,387858.0,149621.0
"RF_Clermont County, OH_3663",5589 Oak Rd,False,0.07750496894162977,Low,False,,,,
"RF_Clermont County, OH_3847",8530 Oak Rd,False,0.07749279794776916,Low,False,,,,
"RF_Clermont County, OH_2058",1774 Pine St,False,0.07747243982405337,Low,False,,,,
"RF_Clermont County, OH_1583",1741 Pine Blvd,False,0.0774700989265273,Low,False,,,,
"RF_Clermont County, OH_0539",9748 Oak Rd,False,0.07745493972172643,Low,False,,,,
"RF_Clermont County, OH_0411",8720 Pine Ave,False,0.07745062757731073,Low,False,,,,
"RF_Clermont County, OH_3417",5519 Maple St,False,0.07744911060737077,Low,False,,,,
"RF_Clermont County, OH_3932",8209 Main Rd,False,0.07744063603428004,Low,True,2025-06-06 23:57:41.150727,164.0,613765.0,625754.0
"RF_Clermont County, OH_0922",5316 Cedar Blvd,False,0.07742698785817262,Low,False,,,,
"RF_Clermont County, OH_3653",8905 Cedar Rd,False,0.0774196379792362,Low,False,,,,
"RF_Clermont County, OH_1937",8560 Cedar Ave,False,0.07741448860723447,Low,False,,,,
"RF_Clermont County, OH_3134",7911 Main Blvd,False,0.07741072738374863,Low,False,,,,
"RF_Clermont County, OH_3969",4407 Cedar Blvd,False,0.0774065794418612,Low,False,,,,
"RF_Clermont County, OH_1063",4373 Maple Ave,False,0.0773827747843749,Low,False,,,,
"RF_Clermont County, OH_4416",1386 Main Blvd,False,0.07735400346622355,Low,False,,,,
"RF_Clermont County, OH_3558",8927 Cedar St,False,0.07733366646715026,Low,False,,,,
"RF_Clermont County, OH_1572",2556 Main St,False,0.07732664153391405,Low,False,,,,
"RF_Clermont County, OH_2796",9003 Cedar Ave,False,0.07730005015709876,Low,False,,,,
"RF_Clermont County, OH_4691",812 Maple Rd,False,0.07727315062918079,Low,False,,,,
"RF_Clermont County, OH_0792",2101 Pine Rd,False,0.07726781854031493,Low,False,,,,
"RF_Clermont County, OH_1390",8806 Cedar Ave,False,0.07725993758461966,Low,False,,,,
"RF_Clermont County, OH_4465",7521 Main Rd,False,0.0772370000793846,Low,False,,,,
"RF_Clermont County, OH_0641",717 Maple Ave,False,0.07723262168058727,Low,False,,,,
"RF_Clermont County, OH_1914",2066 Pine St,False,0.07722334497366286,Low,False,,,,
"RF_Clermont County, OH_3014",1214 Cedar Blvd,False,0.07720128570069895,Low,False,,,,
"RF_Clermont County, OH_1803",2885 Main Ave,False,0.07718631971105584,Low,True,2024-11-02 23:57:41.150727,147.0,162072.0,331688.0
"RF_Clermont County, OH_3299",7511 Pine Ave,False,0.07717873861511929,Low,False,,,,
"RF_Clermont County, OH_1357",5426 Cedar Rd,False,0.07716362808847071,Low,True,2024-11-01 23:57:41.150727,35.0,532954.0,255315.0
"RF_Clermont County, OH_4259",3332 Pine Rd,False,0.0771229695611862,Low,False,,,,
"RF_Clermont County, OH_4689",5185 Cedar St,False,0.07711896504186687,Low,False,,,,
"RF_Clermont County, OH_2630",9266 Pine Ave,False,0.0770545649575303,Low,False,,,,
"RF_Clermont County, OH_0323",9092 Oak Ave,False,0.07704873051278643,Low,False,,,,
"RF_Clermont County, OH_3033",2124 Pine St,False,0.07704392529307368,Low,False,,,,
"RF_Clermont County, OH_1110",9655 Oak Rd,False,0.07703874986220409,Low,True,2025-05-29 23:57:41.150727,174.0,777120.0,686618.0
"RF_Clermont County, OH_0818",2973 Main Rd,False,0.07703043284162939,Low,False,,,,
"RF_Clermont County, OH_4761",2244 Oak Ave,False,0.0770110349799191,Low,False,,,,
"RF_Clermont County, OH_0901",6854 Main St,False,0.07700810773501762,Low,False,,,,
"RF_Clermont County, OH_0898",8004 Oak Blvd,False,0.07700267259890986,Low,False,,,,
"RF_Clermont County, OH_2070",1748 Main Rd,False,0.07699188806986983,Low,False,,,,
"RF_Clermont County, OH_0434",7704 Main Ave,False,0.07699043103535062,Low,False,,,,
"RF_Clermont County, OH_1784",6586 Cedar St,False,0.07698288468110785,Low,False,,,,
"RF_Clermont County, OH_3028",3644 Main Blvd,False,0.07698242772717771,Low,False,,,,
"RF_Clermont County, OH_3285",7776 Main Blvd,False,0.07697862130878472,Low,False,,,,
"RF_Clermont County, OH_3183",4279 Oak Ave,False,0.0769781512963443,Low,False,,,,
"RF_Clermont County, OH_3242",2692 Main St,False,0.07697616638586259,Low,False,,,,
"RF_Clermont County, OH_4181",3592 Oak Blvd,False,0.07697218839566888,Low,False,,,,
"RF_Clermont County, OH_3754",3103 Cedar St,False,0.0769665409791469,Low,False,,,,
"RF_Clermont County, OH_4354",1513 Pine St,False,0.07696291097211713,Low,False,,,,
"RF_Clermont County, OH_2706",1439 Cedar Blvd,False,0.07692651620912405,Low,False,,,,
"RF_Clermont County, OH_1260",978 Pine Blvd,False,0.0769253538803049,Low,False,,,,
"RF_Clermont County, OH_4736",9816 Main Blvd,False,0.07692097189306228,Low,False,,,,
"RF_Clermont County, OH_0072",3585 Pine St,False,0.07689356182611339,Low,False,,,,
"RF_Clermont County, OH_0059",6563 Maple Rd,False,0.07688398854173992,Low,False,,,,
"RF_Clermont County, OH_3588",8594 Oak St,False,0.07687623904149818,Low,False,,,,
"RF_Clermont County, OH_2176",5957 Oak Rd,False,0.07687165341406757,Low,False,,,,
"RF_Clermont County, OH_0530",8291 Main Rd,False,0.07684991431275277,Low,False,,,,
"RF_Clermont County, OH_3756",5953 Main Rd,False,0.07684713893107135,Low,False,,,,
"RF_Clermont County, OH_4408",5445 Maple Blvd,False,0.07681843987296001,Low,False,,,,
"RF_Clermont County, OH_4432",3575 Oak Blvd,False,0.07681546849739561,Low,False,,,,
"RF_Clermont County, OH_1280",543 Cedar Blvd,False,0.07680637380325338,Low,False,,,,
"RF_Clermont County, OH_3292",6228 Maple Blvd,False,0.07677830612884187,Low,False,,,,
"RF_Clermont County, OH_3324",6678 Maple Ave,False,0.07677582661572094,Low,False,,,,
"RF_Clermont County, OH_3186",7292 Pine St,False,0.07675095420155915,Low,False,,,,
"RF_Clermont County, OH_1191",5392 Maple Blvd,False,0.07673889765312891,Low,False,,,,
"RF_Clermont County, OH_4880",2736 Oak Rd,False,0.07673863334177605,Low,False,,,,
"RF_Clermont County, OH_4545",4544 Cedar Blvd,False,0.07673390009786855,Low,False,,,,
"RF_Clermont County, OH_4942",9274 Oak Rd,False,0.07673374284796543,Low,False,,,,
"RF_Clermont County, OH_1302",3095 Pine Blvd,False,0.07672850088245664,Low,True,2024-12-08 23:57:41.150727,151.0,790213.0,443296.0
"RF_Clermont County, OH_3365",7702 Cedar Blvd,False,0.07671845690334128,Low,False,,,,
"RF_Clermont County, OH_1121",1041 Oak Rd,False,0.07670555220219155,Low,False,,,,
"RF_Clermont County, OH_1561",1449 Cedar Ave,False,0.07666778771863733,Low,False,,,,
"RF_Clermont County, OH_3849",4171 Oak St,False,0.07665221482534967,Low,False,,,,
"RF_Clermont County, OH_3270",9475 Oak Ave,False,0.07664578746032222,Low,False,,,,
"RF_Clermont County, OH_3565",1316 Oak Ave,False,0.07664424017104478,Low,False,,,,
"RF_Clermont County, OH_1404",1803 Pine Blvd,False,0.07663248049835746,Low,False,,,,
"RF_Clermont County, OH_4738",6481 Main Ave,False,0.07662823113480094,Low,False,,,,
"RF_Clermont County, OH_0681",7452 Main St,False,0.07660845188531934,Low,False,,,,
"RF_Clermont County, OH_0991",7228 Oak Ave,False,0.07659351769236382,Low,False,,,,
"RF_Clermont County, OH_4365",1410 Pine St,False,0.07657291051279623,Low,False,,,,
"RF_Clermont County, OH_4980",6734 Pine Rd,False,0.07657015666904433,Low,False,,,,
"RF_Clermont County, OH_2823",2772 Pine St,False,0.07654192826088461,Low,False,,,,
"RF_Clermont County, OH_1773",2321 Main Ave,False,0.07653882644785148,Low,False,,,,
"RF_Clermont County, OH_2776",5424 Oak Rd,False,0.07652972523170092,Low,False,,,,
"RF_Clermont County, OH_4136",6155 Main Blvd,False,0.07649711660841117,Low,False,,,,
"RF_Clermont County, OH_4771",8897 Maple Blvd,False,0.0764927944662468,Low,False,,,,
"RF_Clermont County, OH_2849",4774 Maple Rd,False,0.07648916894609223,Low,False,,,,
"RF_Clermont County, OH_3715",7616 Pine St,False,0.07647762850821806,Low,False,,,,
"RF_Clermont County, OH_3973",6050 Main St,False,0.07647173571007693,Low,False,,,,
"RF_Clermont County, OH_4751",3013 Oak St,False,0.07645658841398831,Low,True,2025-05-14 23:57:41.150727,83.0,198485.0,368254.0
"RF_Clermont County, OH_2290",2028 Cedar Ave,False,0.07645152513375243,Low,False,,,,
"RF_Clermont County, OH_0796",7806 Main St,False,0.07643826519985063,Low,False,,,,
"RF_Clermont County, OH_3165",2688 Oak Ave,False,0.07643182063760716,Low,False,,,,
"RF_Clermont County, OH_2201",8574 Main St,False,0.07637652570155856,Low,False,,,,
"RF_Clermont County, OH_3787",1502 Pine Ave,False,0.07637439418278029,Low,True,2025-03-27 23:57:41.150727,144.0,492060.0,147855.0
"RF_Clermont County, OH_0817",6621 Cedar Ave,False,0.0763709399434149,Low,False,,,,
"RF_Clermont County, OH_2595",9918 Pine Ave,False,0.07636829202920747,Low,False,,,,
"RF_Clermont County, OH_1913",8393 Pine Ave,False,0.07636714482441273,Low,True,2025-05-16 23:57:41.150727,135.0,596320.0,698823.0
"RF_Clermont County, OH_1874",8407 Maple Ave,False,0.07636654757935836,Low,False,,,,
"RF_Clermont County, OH_1215",3283 Pine St,False,0.0763485267909427,Low,True,2025-06-08 23:57:41.150727,98.0,674216.0,440095.0
"RF_Clermont County, OH_4241",7076 Pine St,False,0.0763338687866434,Low,False,,,,
"RF_Clermont County, OH_1609",2979 Cedar St,False,0.07631570305090969,Low,False,,,,
"RF_Clermont County, OH_2606",3402 Oak Rd,False,0.07630083162560956,Low,False,,,,
"RF_Clermont County, OH_4976",9625 Pine Rd,False,0.07629688323003658,Low,False,,,,
"RF_Clermont County, OH_2287",5196 Pine Rd,False,0.07629007428001895,Low,True,2024-09-23 23:57:41.150727,32.0,386320.0,764137.0
"RF_Clermont County, OH_3124",5846 Pine Ave,False,0.07628954428680186,Low,False,,,,
"RF_Clermont County, OH_2469",7766 Main Ave,False,0.07628337658570458,Low,False,,,,
"RF_Clermont County, OH_4474",3181 Cedar Rd,False,0.07627346112429724,Low,False,,,,
"RF_Clermont County, OH_0027",4910 Oak Rd,False,0.07626992915718148,Low,False,,,,
"RF_Clermont County, OH_3819",768 Maple Rd,False,0.0762661092223195,Low,False,,,,
"RF_Clermont County, OH_0470",9071 Pine Rd,False,0.07625942127477878,Low,False,,,,
"RF_Clermont County, OH_1693",575 Cedar Blvd,False,0.07625240335719502,Low,False,,,,
"RF_Clermont County, OH_2499",1873 Oak St,False,0.07623027994509503,Low,False,,,,
"RF_Clermont County, OH_2152",605 Cedar Ave,False,0.07622989032066015,Low,False,,,,
"RF_Clermont County, OH_4430",3208 Cedar Rd,False,0.07621100578068409,Low,False,,,,
"RF_Clermont County, OH_0233",7074 Main Rd,False,0.07620464267527227,Low,False,,,,
"RF_Clermont County, OH_2497",5862 Pine St,False,0.07620228200487651,Low,False,,,,
"RF_Clermont County, OH_1946",984 Oak Rd,False,0.07619128555148963,Low,False,,,,
"RF_Clermont County, OH_1683",6145 Oak Blvd,False,0.0761762307272793,Low,False,,,,
"RF_Clermont County, OH_2364",9375 Oak Blvd,False,0.07617557603786393,Low,False,,,,
"RF_Clermont County, OH_0241",1470 Main Rd,False,0.07615869818626705,Low,False,,,,
"RF_Clermont County, OH_1195",6760 Main Blvd,False,0.07614015071992207,Low,False,,,,
"RF_Clermont County, OH_2097",9855 Pine Ave,False,0.07612596043848707,Low,False,,,,
"RF_Clermont County, OH_2394",9045 Maple Rd,False,0.07611764279112603,Low,False,,,,
"RF_Clermont County, OH_2029",3467 Maple Ave,False,0.076098067989911,Low,True,2025-05-21 23:57:41.150727,40.0,773444.0,207078.0
"RF_Clermont County, OH_3459",2453 Main St,False,0.07608851529950106,Low,False,,,,
"RF_Clermont County, OH_4826",8386 Pine Rd,False,0.07608244889069363,Low,False,,,,
"RF_Clermont County, OH_2448",3944 Maple St,False,0.07608135470653743,Low,False,,,,
"RF_Clermont County, OH_0082",3266 Maple St,False,0.07607737253028375,Low,False,,,,
"RF_Clermont County, OH_1062",328 Maple Ave,False,0.07606048485447285,Low,False,,,,
"RF_Clermont County, OH_0087",114 Pine Rd,False,0.07605940301805442,Low,False,,,,
"RF_Clermont County, OH_0487",2056 Oak St,False,0.07605938968224185,Low,False,,,,
"RF_Clermont County, OH_3258",4664 Cedar Blvd,False,0.07603550675193985,Low,False,,,,
"RF_Clermont County, OH_4178",7453 Cedar Rd,False,0.07602551287486198,Low,True,2025-04-12 23:57:41.150727,100.0,564580.0,809896.0
"RF_Clermont County, OH_1464",3175 Oak St,False,0.0759974088254897,Low,True,2025-06-19 23:57:41.150727,147.0,474551.0,243671.0
"RF_Clermont County, OH_2361",4990 Maple Rd,False,0.07597170695812969,Low,False,,,,
"RF_Clermont County, OH_2591",3304 Maple St,False,0.07592697332136385,Low,False,,,,
"RF_Clermont County, OH_2466",6951 Cedar Blvd,False,0.0759109049015969,Low,False,,,,
"RF_Clermont County, OH_4529",6434 Cedar Blvd,False,0.07587850696022856,Low,False,,,,
"RF_Clermont County, OH_0926",1379 Maple Ave,False,0.07587511817087503,Low,False,,,,
"RF_Clermont County, OH_4782",3803 Pine St,False,0.07585958951902394,Low,True,2024-10-04 23:57:41.150727,159.0,272405.0,278516.0
"RF_Clermont County, OH_1587",1268 Cedar St,False,0.07584859409420487,Low,False,,,,
"RF_Clermont County, OH_1438",5849 Cedar Rd,False,0.0758467297136577,Low,False,,,,
"RF_Clermont County, OH_2543",1286 Main Rd,False,0.07583782202335586,Low,False,,,,
"RF_Clermont County, OH_3017",370 Pine Rd,False,0.0758336076077709,Low,False,,,,
"RF_Clermont County, OH_0982",9195 Maple St,False,0.07580791318174245,Low,False,,,,
"RF_Clermont County, OH_3563",7091 Pine Blvd,False,0.07578217165923097,Low,False,,,,
"RF_Clermont County, OH_1329",2149 Pine St,False,0.0757779421628553,Low,False,,,,
"RF_Clermont County, OH_0381",2805 Cedar St,False,0.07577295771380421,Low,False,,,,
"RF_Clermont County, OH_1497",3380 Oak Blvd,False,0.0757703405529473,Low,False,,,,
"RF_Clermont County, OH_4796",7036 Cedar Blvd,False,0.07576679813895537,Low,False,,,,
"RF_Clermont County, OH_1870",8523 Pine Rd,False,0.075759150205244,Low,False,,,,
"RF_Clermont County, OH_1658",5711 Pine Rd,False,0.07575726357007594,Low,False,,,,
"RF_Clermont County, OH_0118",5415 Pine Rd,False,0.07574860516455977,Low,False,,,,
"RF_Clermont County, OH_1522",561 Pine Ave,False,0.07573898035119944,Low,True,2024-11-17 23:57:41.150727,45.0,748346.0,576551.0
"RF_Clermont County, OH_1416",6222 Oak Ave,False,0.0757186911428013,Low,False,,,,
"RF_Clermont County, OH_4730",6615 Pine Rd,False,0.07569916576944966,Low,False,,,,
"RF_Clermont County, OH_1322",2865 Oak Blvd,False,0.0756947000615024,Low,False,,,,
"RF_Clermont County, OH_3195",729 Oak Ave,False,0.07568808257760921,Low,False,,,,
"RF_Clermont County, OH_2261",7720 Main Rd,False,0.07566956169381359,Low,False,,,,
"RF_Clermont County, OH_3746",8332 Maple Ave,False,0.07566921172544235,Low,False,,,,
"RF_Clermont County, OH_2438",1651 Main Blvd,False,0.07566533405996398,Low,False,,,,
"RF_Clermont County, OH_0743",4624 Oak Blvd,False,0.07565024622132188,Low,False,,,,
"RF_Clermont County, OH_0714",2201 Cedar Rd,False,0.07564059858878655,Low,False,,,,
"RF_Clermont County, OH_0911",2963 Pine St,False,0.07563404816857684,Low,False,,,,
"RF_Clermont County, OH_0610",1795 Maple Ave,False,0.07562901443859421,Low,False,,,,
"RF_Clermont County, OH_1344",8542 Pine St,False,0.07561852025486017,Low,False,,,,
"RF_Clermont County, OH_3069",2041 Main St,False,0.0756068708398131,Low,False,,,,
"RF_Clermont County, OH_3250",9492 Oak Ave,False,0.07559780996587975,Low,False,,,,
"RF_Clermont County, OH_1372",9125 Oak Ave,False,0.07558903270601151,Low,False,,,,
"RF_Clermont County, OH_2184",8421 Cedar Rd,False,0.07558324284357673,Low,False,,,,
"RF_Clermont County, OH_2571",5854 Oak Ave,False,0.07556267072917368,Low,True,2025-05-31 23:57:41.150727,24.0,426763.0,257901.0
"RF_Clermont County, OH_2681",5487 Oak Blvd,False,0.07553199646550131,Low,False,,,,
"RF_Clermont County, OH_4827",6555 Maple Blvd,False,0.07550112489234205,Low,False,,,,
"RF_Clermont County, OH_3062",9729 Cedar St,False,0.07547810590878912,Low,False,,,,
"RF_Clermont County, OH_2576",9786 Main Ave,False,0.07547644309587796,Low,False,,,,
"RF_Clermont County, OH_3309",277 Pine Blvd,False,0.07546608998211923,Low,False,,,,
"RF_Clermont County, OH_1692",6892 Pine Ave,False,0.0754606685961429,Low,False,,,,
"RF_Clermont County, OH_1617",8160 Oak St,False,0.07543957832113998,Low,False,,,,
"RF_Clermont County, OH_2482",5848 Main Rd,False,0.07542279721122919,Low,False,,,,
"RF_Clermont County, OH_1385",8288 Cedar St,False,0.07542024830574906,Low,False,,,,
"RF_Clermont County, OH_1393",9856 Pine Blvd,False,0.07538096136204916,Low,False,,,,
"RF_Clermont County, OH_1655",989 Pine Ave,False,0.0753630159696381,Low,False,,,,
"RF_Clermont County, OH_1541",4508 Pine Ave,False,0.07535468172461053,Low,False,,,,
"RF_Clermont County, OH_1040",8167 Main Blvd,False,0.07533002242073479,Low,True,2024-10-03 23:57:41.150727,24.0,510178.0,285317.0
"RF_Clermont County, OH_1549",3688 Pine Ave,False,0.07532909047762458,Low,False,,,,
"RF_Clermont County, OH_2437",2622 Pine Rd,False,0.0752871208627823,Low,False,,,,
"RF_Clermont County, OH_3356",6849 Pine Blvd,False,0.07527172392485143,Low,False,,,,
"RF_Clermont County, OH_4984",7257 Cedar St,False,0.07526874117049288,Low,False,,,,
"RF_Clermont County, OH_4640",2150 Cedar St,False,0.07525245742502705,Low,False,,,,
"RF_Clermont County, OH_2816",4664 Oak Rd,False,0.07524390456484857,Low,False,,,,
"RF_Clermont County, OH_3532",6318 Pine Rd,False,0.0752319163468517,Low,True,2024-09-19 23:57:41.150727,71.0,365066.0,676180.0
"RF_Clermont County, OH_4492",554 Maple Rd,False,0.07523126468223662,Low,False,,,,
"RF_Clermont County, OH_0207",907 Cedar Ave,False,0.07522995689585849,Low,False,,,,
"RF_Clermont County, OH_1660",9099 Maple St,False,0.07522541875313304,Low,False,,,,
"RF_Clermont County, OH_1903",243 Main Rd,False,0.07521195625072752,Low,False,,,,
"RF_Clermont County, OH_2557",4285 Main St,False,0.0752089627838236,Low,False,,,,
"RF_Clermont County, OH_1646",9039 Maple St,False,0.07517048226527888,Low,False,,,,
"RF_Clermont County, OH_2756",7457 Oak Blvd,False,0.07512704041311512,Low,False,,,,
"RF_Clermont County, OH_1421",7119 Cedar Blvd,False,0.07509946344127205,Low,True,2025-02-22 23:57:41.150727,101.0,175275.0,643900.0
"RF_Clermont County, OH_1982",680 Maple Blvd,False,0.07509436396459764,Low,False,,,,
"RF_Clermont County, OH_2278",8799 Pine Ave,False,0.07508855099073379,Low,False,,,,
"RF_Clermont County, OH_0416",7191 Maple Blvd,False,0.0750766108389392,Low,False,,,,
"RF_Clermont County, OH_1666",5031 Oak Rd,False,0.07504469247680813,Low,False,,,,
"RF_Clermont County, OH_3330",1531 Cedar St,False,0.0750387591324819,Low,False,,,,
"RF_Clermont County, OH_1599",6546 Oak Ave,False,0.07503045869296945,Low,False,,,,
"RF_Clermont County, OH_4894",993 Maple Ave,False,0.07502667260371054,Low,False,,,,
"RF_Clermont County, OH_2161",472 Oak St,False,0.07501906485393496,Low,False,,,,
"RF_Clermont County, OH_4749",5309 Maple Rd,False,0.0749951182777135,Low,False,,,,
"RF_Clermont County, OH_2421",4629 Oak Ave,False,0.07499211461086946,Low,False,,,,
"RF_Clermont County, OH_0646",3431 Cedar Ave,False,0.07498935838791994,Low,False,,,,
"RF_Clermont County, OH_3211",1049 Pine Blvd,False,0.0749884376247635,Low,False,,,,
"RF_Clermont County, OH_3261",1072 Main Blvd,False,0.07496560217653071,Low,False,,,,
"RF_Clermont County, OH_0044",4995 Main Ave,False,0.07495097843928658,Low,False,,,,
"RF_Clermont County, OH_2607",6947 Maple St,False,0.07494931877624614,Low,False,,,,
"RF_Clermont County, OH_4510",8986 Cedar St,False,0.07494274521700428,Low,False,,,,
"RF_Clermont County, OH_1301",2205 Oak Blvd,False,0.07493908838394195,Low,True,2024-08-28 23:57:41.150727,47.0,403380.0,672000.0
"RF_Clermont County, OH_2489",735 Cedar St,False,0.07491490446263828,Low,False,,,,
"RF_Clermont County, OH_0034",3581 Pine St,False,0.07489761768196242,Low,False,,,,
"RF_Clermont County, OH_1562",3243 Pine St,False,0.07487056495472755,Low,False,,,,
"RF_Clermont County, OH_3448",9036 Oak Ave,False,0.07487033291530804,Low,False,,,,
"RF_Clermont County, OH_4148",9016 Cedar Rd,False,0.07486790206848201,Low,False,,,,
"RF_Clermont County, OH_2762",3007 Maple Rd,False,0.07486735706438728,Low,False,,,,
"RF_Clermont County, OH_0962",8178 Cedar Blvd,False,0.07484710071910826,Low,False,,,,
"RF_Clermont County, OH_3423",7388 Oak St,False,0.07482689279420868,Low,False,,,,
"RF_Clermont County, OH_0864",3536 Maple Rd,False,0.07481771411153085,Low,False,,,,
"RF_Clermont County, OH_4855",2440 Oak Rd,False,0.07480657704306114,Low,False,,,,
"RF_Clermont County, OH_4307",497 Main Blvd,False,0.07480101061930855,Low,False,,,,
"RF_Clermont County, OH_4849",6859 Oak Rd,False,0.07477924428889215,Low,True,2025-05-04 23:57:41.150727,62.0,696763.0,616748.0
"RF_Clermont County, OH_2072",7009 Cedar Blvd,False,0.07476237438141482,Low,False,,,,
"RF_Clermont County, OH_1721",4877 Cedar Rd,False,0.074746103617336,Low,False,,,,
"RF_Clermont County, OH_0182",368 Cedar St,False,0.07472009825476933,Low,False,,,,
"RF_Clermont County, OH_4673",6137 Oak St,False,0.07471818948452216,Low,False,,,,
"RF_Clermont County, OH_0111",9363 Pine Rd,False,0.07471071996775497,Low,False,,,,
"RF_Clermont County, OH_4255",4184 Maple St,False,0.07468630510489033,Low,False,,,,
"RF_Clermont County, OH_1059",2310 Maple Ave,False,0.07466138042612369,Low,False,,,,
"RF_Clermont County, OH_1929",8378 Maple Rd,False,0.07464933273559406,Low,False,,,,
"RF_Clermont County, OH_1245",8788 Cedar St,False,0.07464603122251438,Low,True,2025-07-23 23:57:41.150727,65.0,718854.0,559919.0
"RF_Clermont County, OH_3813",3566 Cedar Ave,False,0.07463377023768278,Low,False,,,,
"RF_Clermont County, OH_1821",1536 Maple Rd,False,0.07462599461310845,Low,False,,,,
"RF_Clermont County, OH_1352",2885 Maple Rd,False,0.07460169084959226,Low,False,,,,
"RF_Clermont County, OH_2656",3567 Oak Ave,False,0.07459603954214866,Low,True,2024-08-20 23:57:41.150727,121.0,167452.0,797755.0
"RF_Clermont County, OH_2124",5727 Pine St,False,0.07456777104808467,Low,False,,,,
"RF_Clermont County, OH_1351",7900 Pine St,False,0.0745370801801396,Low,False,,,,
"RF_Clermont County, OH_3672",2836 Oak St,False,0.0745143981610578,Low,False,,,,
"RF_Clermont County, OH_3916",1626 Cedar St,False,0.07450568019067595,Low,False,,,,
"RF_Clermont County, OH_1689",5216 Maple Blvd,False,0.07450346555082427,Low,False,,,,
"RF_Clermont County, OH_0533",4575 Maple Blvd,False,0.07450258478532042,Low,True,2025-06-18 23:57:41.150727,103.0,476421.0,469270.0
"RF_Clermont County, OH_1996",3566 Main Ave,False,0.07450195289067588,Low,False,,,,
"RF_Clermont County, OH_0121",6027 Cedar Ave,False,0.07449978818075834,Low,True,2025-03-09 23:57:41.150727,119.0,384330.0,774182.0
"RF_Clermont County, OH_3489",6144 Pine Blvd,False,0.07449309308786435,Low,False,,,,
"RF_Clermont County, OH_0722",5988 Cedar St,False,0.07448870654220105,Low,False,,,,
"RF_Clermont County, OH_4452",8468 Maple Blvd,False,0.07448322981567676,Low,False,,,,
"RF_Clermont County, OH_4575",7743 Oak Blvd,False,0.0744763265065173,Low,False,,,,
"RF_Clermont County, OH_4741",5724 Oak Ave,False,0.07445578252655531,Low,False,,,,
"RF_Clermont County, OH_3223",744 Cedar Ave,False,0.07444642663392012,Low,False,,,,
"RF_Clermont County, OH_2704",1762 Oak St,False,0.07443918854854567,Low,False,,,,
"RF_Clermont County, OH_1681",1067 Oak Ave,False,0.07443328457637835,Low,False,,,,
"RF_Clermont County, OH_4958",4783 Main Rd,False,0.07442820577756079,Low,False,,,,
"RF_Clermont County, OH_4236",9379 Oak Blvd,False,0.07442598142314581,Low,False,,,,
"RF_Clermont County, OH_4470",851 Maple Blvd,False,0.07440810921511831,Low,False,,,,
"RF_Clermont County, OH_0074",9171 Maple Ave,False,0.07440115253449199,Low,False,,,,
"RF_Clermont County, OH_1316",3376 Pine St,False,0.0743874889682706,Low,False,,,,
"RF_Clermont County, OH_1388",6567 Maple Ave,False,0.07438506874129626,Low,False,,,,
"RF_Clermont County, OH_3048",5227 Oak Blvd,False,0.07435921695916574,Low,False,,,,
"RF_Clermont County, OH_0423",9852 Cedar St,False,0.07433049464805072,Low,True,2025-04-14 23:57:41.150727,64.0,769978.0,749145.0
"RF_Clermont County, OH_4780",9354 Maple Rd,False,0.0743257683474452,Low,False,,,,
"RF_Clermont County, OH_2617",9046 Maple Rd,False,0.07429823498554734,Low,True,2024-08-10 23:57:41.150727,29.0,733663.0,643953.0
"RF_Clermont County, OH_3778",7964 Oak Blvd,False,0.07427092884614485,Low,False,,,,
"RF_Clermont County, OH_2503",3065 Maple St,False,0.0742564734769984,Low,False,,,,
"RF_Clermont County, OH_3114",1015 Oak Rd,False,0.0742512124472992,Low,False,,,,
"RF_Clermont County, OH_2020",1355 Maple St,False,0.07425091611740563,Low,False,,,,
"RF_Clermont County, OH_0006",877 Cedar St,False,0.07422243238060293,Low,False,,,,
"RF_Clermont County, OH_4113",830 Cedar St,False,0.07421237361580048,Low,False,,,,
"RF_Clermont County, OH_0437",9134 Oak Rd,False,0.0742067930913901,Low,False,,,,
"RF_Clermont County, OH_0405",6267 Main Blvd,False,0.07420107645302831,Low,False,,,,
"RF_Clermont County, OH_2204",5229 Pine St,False,0.07418572682693753,Low,False,,,,
"RF_Clermont County, OH_0578",3723 Cedar Rd,False,0.07417152115551023,Low,False,,,,
"RF_Clermont County, OH_0645",4345 Main St,False,0.07416990853582378,Low,False,,,,
"RF_Clermont County, OH_4848",3644 Cedar Blvd,False,0.0741633361167811,Low,False,,,,
"RF_Clermont County, OH_4390",3815 Maple St,False,0.0741511441939988,Low,False,,,,
"RF_Clermont County, OH_2216",6413 Maple St,False,0.07411313655590929,Low,False,,,,
"RF_Clermont County, OH_2068",6666 Maple Rd,False,0.07411123560758656,Low,False,,,,
"RF_Clermont County, OH_2692",4463 Pine Rd,False,0.07409454760693852,Low,False,,,,
"RF_Clermont County, OH_2180",7853 Pine St,False,0.0740900847605329,Low,True,2024-11-05 23:57:41.150727,134.0,444592.0,726909.0
"RF_Clermont County, OH_3422",7483 Cedar Blvd,False,0.0740859867405827,Low,False,,,,
"RF_Clermont County, OH_1691",751 Cedar Blvd,False,0.07407510114717229,Low,False,,,,
"RF_Clermont County, OH_0367",4144 Cedar Blvd,False,0.07407156650303313,Low,False,,,,
"RF_Clermont County, OH_4993",1036 Cedar St,False,0.07406237425749207,Low,False,,,,
"RF_Clermont County, OH_1326",3654 Cedar Rd,False,0.0740501635719806,Low,False,,,,
"RF_Clermont County, OH_4698",4980 Pine Rd,False,0.07404892465995616,Low,True,2025-04-21 23:57:41.150727,179.0,628774.0,751322.0
"RF_Clermont County, OH_4521",4054 Cedar St,False,0.07404240245186408,Low,False,,,,
"RF_Clermont County, OH_2042",6934 Pine St,False,0.07403055694137413,Low,False,,,,
"RF_Clermont County, OH_0769",6683 Cedar Blvd,False,0.07402751975674385,Low,False,,,,
"RF_Clermont County, OH_4881",6375 Pine Ave,False,0.07402314225847445,Low,False,,,,
"RF_Clermont County, OH_2953",1239 Pine Blvd,False,0.07400346327385589,Low,False,,,,
"RF_Clermont County, OH_3198",5938 Pine St,False,0.07399165038877947,Low,False,,,,
"RF_Clermont County, OH_4753",1007 Pine St,False,0.07398633215805239,Low,True,2024-10-16 23:57:41.150727,75.0,651105.0,797695.0
"RF_Clermont County, OH_4937",4333 Main Ave,False,0.07397624822095673,Low,False,,,,
"RF_Clermont County, OH_1844",9654 Cedar Rd,False,0.07396711089218626,Low,False,,,,
"RF_Clermont County, OH_0694",8309 Maple St,False,0.07395681238293862,Low,False,,,,
"RF_Clermont County, OH_0791",5019 Oak Rd,False,0.07395579146280856,Low,False,,,,
"RF_Clermont County, OH_2390",4812 Maple Ave,False,0.07395543626617876,Low,False,,,,
"RF_Clermont County, OH_1729",7900 Main Blvd,False,0.07394386597961597,Low,False,,,,
"RF_Clermont County, OH_2128",176 Main Blvd,False,0.07394211258480782,Low,False,,,,
"RF_Clermont County, OH_2599",3562 Maple St,False,0.07393552067656967,Low,False,,,,
"RF_Clermont County, OH_4731",8641 Pine Blvd,False,0.07393026496537013,Low,False,,,,
"RF_Clermont County, OH_0884",4925 Cedar Blvd,False,0.07391879098468827,Low,True,2024-12-22 23:57:41.150727,78.0,190519.0,175995.0
"RF_Clermont County, OH_2445",3177 Maple Blvd,False,0.07387403054113269,Low,False,,,,
"RF_Clermont County, OH_3758",412 Oak Blvd,False,0.07387166064221905,Low,False,,,,
"RF_Clermont County, OH_4269",1136 Main Ave,False,0.07386266467681707,Low,False,,,,
"RF_Clermont County, OH_0041",6071 Oak Rd,False,0.07385213273723137,Low,False,,,,
"RF_Clermont County, OH_4464",3742 Pine Rd,False,0.07382606645562656,Low,False,,,,
"RF_Clermont County, OH_1389",6382 Pine St,False,0.0738118075699399,Low,False,,,,
"RF_Clermont County, OH_0611",9845 Pine St,False,0.07380301176425834,Low,False,,,,
"RF_Clermont County, OH_1025",1843 Pine Ave,False,0.07380153429887415,Low,False,,,,
"RF_Clermont County, OH_4966",9467 Main Rd,False,0.07380147932783968,Low,False,,,,
"RF_Clermont County, OH_3455",2842 Main Rd,False,0.07379861179891369,Low,False,,,,
"RF_Clermont County, OH_3725",1653 Maple Ave,False,0.07379245678632704,Low,False,,,,
"RF_Clermont County, OH_4719",808 Main Blvd,False,0.07378727711789886,Low,False,,,,
"RF_Clermont County, OH_3375",2980 Oak Rd,False,0.07378189744093339,Low,True,2025-03-03 23:57:41.150727,34.0,171856.0,553896.0
"RF_Clermont County, OH_1518",1824 Main Blvd,False,0.07373699385459134,Low,False,,,,
"RF_Clermont County, OH_0086",6134 Cedar Blvd,False,0.07370726908354992,Low,False,,,,
"RF_Clermont County, OH_4330",1654 Main Ave,False,0.07366122701553503,Low,False,,,,
"RF_Clermont County, OH_4501",3142 Pine Blvd,False,0.0736559852546417,Low,False,,,,
"RF_Clermont County, OH_2923",5707 Cedar Blvd,False,0.07362984343377772,Low,False,,,,
"RF_Clermont County, OH_4372",2732 Maple Rd,False,0.07359806371696732,Low,False,,,,
"RF_Clermont County, OH_2749",918 Maple Blvd,False,0.07359151755677512,Low,False,,,,
"RF_Clermont County, OH_2311",4719 Main Rd,False,0.07358872582999611,Low,False,,,,
"RF_Clermont County, OH_4820",8279 Main Ave,False,0.07358822181368416,Low,False,,,,
"RF_Clermont County, OH_1570",7020 Oak Ave,False,0.07357968037720378,Low,False,,,,
"RF_Clermont County, OH_2760",5394 Oak Ave,False,0.07356726123494353,Low,False,,,,
"RF_Clermont County, OH_1176",3976 Main St,False,0.0735612736903983,Low,False,,,,
"RF_Clermont County, OH_4351",8897 Cedar Ave,False,0.07353939318765632,Low,False,,,,
"RF_Clermont County, OH_1028",6137 Cedar St,False,0.07352484177108555,Low,False,,,,
"RF_Clermont County, OH_2980",4343 Cedar Ave,False,0.07351333542305194,Low,False,,,,
"RF_Clermont County, OH_3928",7926 Pine Ave,False,0.07349101055351429,Low,False,,,,
"RF_Clermont County, OH_2481",444 Maple Blvd,False,0.07347223895978582,Low,False,,,,
"RF_Clermont County, OH_0697",5899 Oak Blvd,False,0.07343017792720909,Low,False,,,,
"RF_Clermont County, OH_2534",2993 Maple Ave,False,0.07342652978343397,Low,False,,,,
"RF_Clermont County, OH_4500",7932 Main Rd,False,0.07342299689919034,Low,False,,,,
"RF_Clermont County, OH_0055",2463 Oak St,False,0.07341908534869471,Low,False,,,,
"RF_Clermont County, OH_4763",7239 Main St,False,0.07341307360964502,Low,True,2024-11-09 23:57:41.150727,48.0,684564.0,570648.0
"RF_Clermont County, OH_3701",5667 Cedar Ave,False,0.07341293218344298,Low,False,,,,
"RF_Clermont County, OH_0853",109 Maple Ave,False,0.07339641544391219,Low,False,,,,
"RF_Clermont County, OH_0621",4458 Maple Blvd,False,0.07338672420340853,Low,False,,,,
"RF_Clermont County, OH_1943",9868 Pine Blvd,False,0.07337394841351096,Low,True,2024-12-24 23:57:41.150727,17.0,159797.0,558423.0
"RF_Clermont County, OH_0609",5688 Pine St,False,0.07336519729809884,Low,False,,,,
"RF_Clermont County, OH_2255",7515 Pine Rd,False,0.0733501392797875,Low,False,,,,
"RF_Clermont County, OH_2149",1435 Oak Ave,False,0.07333878605316657,Low,False,,,,
"RF_Clermont County, OH_1230",4604 Pine Ave,False,0.07332833097306522,Low,False,,,,
"RF_Clermont County, OH_2362",962 Main Rd,False,0.07331004775608808,Low,False,,,,
"RF_Clermont County, OH_2712",7258 Maple Rd,False,0.07330750711878632,Low,False,,,,
"RF_Clermont County, OH_1720",2232 Cedar Blvd,False,0.07328625484806445,Low,False,,,,
"RF_Clermont County, OH_0289",3153 Pine St,False,0.07328611625008231,Low,False,,,,
"RF_Clermont County, OH_2322",7390 Oak St,False,0.07328008702842471,Low,False,,,,
"RF_Clermont County, OH_0313",7956 Pine Ave,False,0.07327993786950021,Low,False,,,,
"RF_Clermont County, OH_1712",3803 Main Blvd,False,0.07326596631266989,Low,False,,,,
"RF_Clermont County, OH_4249",1165 Maple Blvd,False,0.0732609817461813,Low,False,,,,
"RF_Clermont County, OH_4647",978 Cedar Blvd,False,0.07325794382740543,Low,False,,,,
"RF_Clermont County, OH_4571",3915 Oak Ave,False,0.07324272861701886,Low,False,,,,
"RF_Clermont County, OH_4525",2300 Pine St,False,0.07323780641946763,Low,True,2024-10-26 23:57:41.150727,146.0,732653.0,345597.0
"RF_Clermont County, OH_1274",4267 Maple St,False,0.07322491557564662,Low,False,,,,
"RF_Clermont County, OH_4972",3640 Oak Rd,False,0.0732238337149182,Low,True,2024-09-23 23:57:41.150727,99.0,570834.0,701698.0
"RF_Clermont County, OH_0677",8920 Oak St,False,0.07321716436768909,Low,False,,,,
"RF_Clermont County, OH_4074",4066 Pine St,False,0.07321542571435766,Low,False,,,,
"RF_Clermont County, OH_1475",6932 Oak Rd,False,0.07315953944364212,Low,False,,,,
"RF_Clermont County, OH_2109",2819 Oak Blvd,False,0.07315922921807938,Low,False,,,,
"RF_Clermont County, OH_2615",3254 Main St,False,0.07313437275757732,Low,False,,,,
"RF_Clermont County, OH_0112",9263 Main Rd,False,0.07312822460146944,Low,False,,,,
"RF_Clermont County, OH_1857",3170 Main Blvd,False,0.07311338301252648,Low,False,,,,
"RF_Clermont County, OH_3927",633 Cedar St,False,0.07310758194351145,Low,False,,,,
"RF_Clermont County, OH_1290",1093 Cedar St,False,0.07310034116599586,Low,False,,,,
"RF_Clermont County, OH_4604",1069 Main Ave,False,0.07309572305991739,Low,True,2025-03-18 23:57:41.150727,27.0,554799.0,805173.0
"RF_Clermont County, OH_0703",9350 Oak St,False,0.07307771720639035,Low,False,,,,
"RF_Clermont County, OH_2694",8665 Maple Rd,False,0.07307346854738585,Low,False,,,,
"RF_Clermont County, OH_4836",1966 Oak St,False,0.07301747528683537,Low,False,,,,
"RF_Clermont County, OH_2268",5534 Oak St,False,0.07301570102454755,Low,False,,,,
"RF_Clermont County, OH_3265",9793 Maple Ave,False,0.07300887791150402,Low,False,,,,
"RF_Clermont County, OH_4982",5670 Main Rd,False,0.07297784092683322,Low,False,,,,
"RF_Clermont County, OH_2533",3413 Main Ave,False,0.07297628046039473,Low,False,,,,
"RF_Clermont County, OH_4945",1156 Pine Rd,False,0.07294778042376832,Low,False,,,,
"RF_Clermont County, OH_2528",4201 Oak St,False,0.07294508474124882,Low,False,,,,
"RF_Clermont County, OH_0857",9990 Oak Ave,False,0.07293927593474969,Low,False,,,,
"RF_Clermont County, OH_1610",7537 Pine St,False,0.07293101382097071,Low,True,2024-12-24 23:57:41.150727,112.0,578956.0,403816.0
"RF_Clermont County, OH_1817",8546 Oak Ave,False,0.07291944300298729,Low,False,,,,
"RF_Clermont County, OH_4292",7974 Pine St,False,0.07285563592826498,Low,False,,,,
"RF_Clermont County, OH_3726",1972 Pine Ave,False,0.07284898019088386,Low,True,2024-10-26 23:57:41.150727,130.0,706025.0,431683.0
"RF_Clermont County, OH_3817",2570 Pine Blvd,False,0.07280856389995954,Low,False,,,,
"RF_Clermont County, OH_2871",4499 Maple Blvd,False,0.07279141932761185,Low,False,,,,
"RF_Clermont County, OH_2403",4803 Cedar St,False,0.07278905706957213,Low,False,,,,
"RF_Clermont County, OH_1577",6978 Maple Rd,False,0.07278275450368248,Low,False,,,,
"RF_Clermont County, OH_3732",7101 Oak St,False,0.0727378986236684,Low,False,,,,
"RF_Clermont County, OH_3452",2367 Main Ave,False,0.07272857672114258,Low,True,2025-05-10 23:57:41.150727,79.0,337933.0,380094.0
"RF_Clermont County, OH_3773",213 Maple Rd,False,0.07270939743046494,Low,False,,,,
"RF_Clermont County, OH_2283",4943 Maple Blvd,False,0.0726805667584201,Low,False,,,,
"RF_Clermont County, OH_2179",1543 Pine Ave,False,0.07265448364618414,Low,False,,,,
"RF_Clermont County, OH_0531",1300 Maple Blvd,False,0.07263998129756806,Low,False,,,,
"RF_Clermont County, OH_3437",6943 Cedar Blvd,False,0.07263911051036578,Low,False,,,,
"RF_Clermont County, OH_4286",1525 Pine Ave,False,0.07263523494038732,Low,False,,,,
"RF_Clermont County, OH_0049",7765 Maple Blvd,False,0.07262660929142865,Low,False,,,,
"RF_Clermont County, OH_4983",1321 Oak St,False,0.07262453554298749,Low,False,,,,
"RF_Clermont County, OH_1714",7935 Oak Rd,False,0.07262155694822169,Low,False,,,,
"RF_Clermont County, OH_1820",8055 Maple Ave,False,0.0726160552159429,Low,False,,,,
"RF_Clermont County, OH_3818",5229 Maple Ave,False,0.0726098348766762,Low,False,,,,
"RF_Clermont County, OH_0016",3115 Maple Rd,False,0.07260326821033151,Low,False,,,,
"RF_Clermont County, OH_1361",3760 Pine St,False,0.07260207581489232,Low,False,,,,
"RF_Clermont County, OH_4195",3439 Main Blvd,False,0.07257357633703752,Low,False,,,,
"RF_Clermont County, OH_0628",1014 Cedar St,False,0.07257071058808841,Low,False,,,,
"RF_Clermont County, OH_0458",7282 Maple St,False,0.0725585851054877,Low,False,,,,
"RF_Clermont County, OH_1071",2107 Main Ave,False,0.07255527443437396,Low,False,,,,
"RF_Clermont County, OH_0386",1111 Main St,False,0.07250769641970405,Low,False,,,,
"RF_Clermont County, OH_3254",6127 Cedar Ave,False,0.072505027536089,Low,False,,,,
"RF_Clermont County, OH_3302",4499 Maple Ave,False,0.07249154216746675,Low,False,,,,
"RF_Clermont County, OH_2055",5314 Maple Rd,False,0.07248939705829578,Low,False,,,,
"RF_Clermont County, OH_1533",6909 Pine Blvd,False,0.07247808665972263,Low,False,,,,
"RF_Clermont County, OH_3340",3174 Maple Blvd,False,0.07246997501101583,Low,False,,,,
"RF_Clermont County, OH_1654",5311 Main Ave,False,0.07246671376775894,Low,False,,,,
"RF_Clermont County, OH_4961",568 Oak Rd,False,0.07245670111613879,Low,False,,,,
"RF_Clermont County, OH_4094",368 Main Rd,False,0.07245630773788496,Low,False,,,,
"RF_Clermont County, OH_4003",5024 Main Rd,False,0.07242144567529746,Low,False,,,,
"RF_Clermont County, OH_2547",3958 Oak St,False,0.0724186524001047,Low,False,,,,
"RF_Clermont County, OH_4268",4589 Cedar St,False,0.07240903379512298,Low,False,,,,
"RF_Clermont County, OH_4331",5245 Maple Rd,False,0.07240468615364905,Low,False,,,,
"RF_Clermont County, OH_4724",712 Cedar Ave,False,0.0724044821522848,Low,False,,,,
"RF_Clermont County, OH_1099",7680 Main Blvd,False,0.07240228925785114,Low,False,,,,
"RF_Clermont County, OH_3947",345 Main Rd,False,0.07237709488581705,Low,False,,,,
"RF_Clermont County, OH_0311",2434 Maple Ave,False,0.07237022000953892,Low,False,,,,
"RF_Clermont County, OH_0525",1714 Cedar Ave,False,0.07236241453456321,Low,False,,,,
"RF_Clermont County, OH_3047",9145 Oak Ave,False,0.07235022169406544,Low,False,,,,
"RF_Clermont County, OH_0075",8100 Cedar Ave,False,0.07232440349953977,Low,False,,,,
"RF_Clermont County, OH_3707",1387 Oak Rd,False,0.07230642942133463,Low,False,,,,
"RF_Clermont County, OH_0774",516 Maple St,False,0.07227034664711116,Low,False,,,,
"RF_Clermont County, OH_4161",8647 Oak Ave,False,0.07224418041272945,Low,False,,,,
"RF_Clermont County, OH_3263",422 Pine Rd,False,0.07223729944890031,Low,False,,,,
"RF_Clermont County, OH_3674",8040 Cedar Ave,False,0.07222817739064052,Low,False,,,,
"RF_Clermont County, OH_2257",8021 Main St,False,0.0722219296690027,Low,False,,,,
"RF_Clermont County, OH_4542",7101 Cedar Ave,False,0.07221484268346236,Low,False,,,,
"RF_Clermont County, OH_3531",1532 Main Blvd,False,0.072195191037592,Low,False,,,,
"RF_Clermont County, OH_1185",3717 Cedar St,False,0.07215254810155977,Low,False,,,,
"RF_Clermont County, OH_0250",8475 Pine St,False,0.07214753219822613,Low,False,,,,
"RF_Clermont County, OH_0871",4215 Pine Ave,False,0.07214398917155428,Low,False,,,,
"RF_Clermont County, OH_0506",4478 Pine Ave,False,0.07213291898291355,Low,True,2025-06-09 23:57:41.150727,169.0,626210.0,284453.0
"RF_Clermont County, OH_1852",5637 Cedar Ave,False,0.07210705977621379,Low,True,2024-10-02 23:57:41.150727,32.0,198699.0,601866.0
"RF_Clermont County, OH_0354",2311 Pine Ave,False,0.07210514176216212,Low,False,,,,
"RF_Clermont County, OH_4895",105 Main Blvd,False,0.07209393287663055,Low,False,,,,
"RF_Clermont County, OH_2206",9032 Main St,False,0.07209092710821015,Low,False,,,,
"RF_Clermont County, OH_0537",4667 Cedar Blvd,False,0.07207520036742461,Low,False,,,,
"RF_Clermont County, OH_0173",4000 Main Rd,False,0.07204223731004013,Low,False,,,,
"RF_Clermont County, OH_0119",4785 Maple Rd,False,0.0720370161752023,Low,False,,,,
"RF_Clermont County, OH_4272",9292 Pine Blvd,False,0.0720320565871969,Low,False,,,,
"RF_Clermont County, OH_1175",1897 Pine Ave,False,0.07201745670694547,Low,False,,,,
"RF_Clermont County, OH_1297",6081 Maple Ave,False,0.07200522360086666,Low,False,,,,
"RF_Clermont County, OH_2488",7195 Oak Rd,False,0.07197870503735386,Low,False,,,,
"RF_Clermont County, OH_0586",4120 Pine Rd,False,0.07196457710339726,Low,True,2025-07-04 23:57:41.150727,50.0,729288.0,764018.0
"RF_Clermont County, OH_4321",518 Cedar Blvd,False,0.07194682392010186,Low,False,,,,
"RF_Clermont County, OH_2879",485 Maple St,False,0.0719408632460937,Low,False,,,,
"RF_Clermont County, OH_1330",1358 Pine Blvd,False,0.07191737836913419,Low,False,,,,
"RF_Clermont County, OH_3885",1434 Maple St,False,0.07191414764990192,Low,False,,,,
"RF_Clermont County, OH_1459",4523 Cedar St,False,0.07187806492873916,Low,False,,,,
"RF_Clermont County, OH_3826",3273 Main Rd,False,0.07187293087408152,Low,False,,,,
"RF_Clermont County, OH_2477",4076 Main Ave,False,0.07187255567332497,Low,False,,,,
"RF_Clermont County, OH_0327",9585 Main St,False,0.0718670743735292,Low,False,,,,
"RF_Clermont County, OH_1733",4663 Maple Rd,False,0.07181944426446756,Low,False,,,,
"RF_Clermont County, OH_0079",7966 Pine Ave,False,0.07181733111008319,Low,True,2025-02-21 23:57:41.150727,69.0,571054.0,559207.0
"RF_Clermont County, OH_1973",4269 Pine St,False,0.071816467875921,Low,False,,,,
"RF_Clermont County, OH_0085",3212 Pine Rd,False,0.0717841588342932,Low,False,,,,
"RF_Clermont County, OH_4873",2913 Pine Rd,False,0.0717499429058266,Low,True,2025-02-14 23:57:41.150727,143.0,467132.0,310045.0
"RF_Clermont County, OH_0108",4288 Oak Rd,False,0.07174991906167856,Low,False,,,,
"RF_Clermont County, OH_2416",5852 Pine Ave,False,0.07173176510703703,Low,False,,,,
"RF_Clermont County, OH_3206",2878 Oak St,False,0.07173121716526731,Low,False,,,,
"RF_Clermont County, OH_0414",2348 Cedar Rd,False,0.07172217562002482,Low,False,,,,
"RF_Clermont County, OH_4989",5868 Oak Rd,False,0.07172038521847773,Low,False,,,,
"RF_Clermont County, OH_1678",7727 Main Rd,False,0.07167392778740567,Low,False,,,,
"RF_Clermont County, OH_2409",4792 Oak Rd,False,0.07166317169063523,Low,False,,,,
"RF_Clermont County, OH_4276",4806 Maple Ave,False,0.07163908911165406,Low,False,,,,
"RF_Clermont County, OH_2012",5176 Maple St,False,0.07163403894350828,Low,True,2024-12-24 23:57:41.150727,33.0,727538.0,672871.0
"RF_Clermont County, OH_0158",3448 Maple Rd,False,0.0716247275862135,Low,False,,,,
"RF_Clermont County, OH_0326",7621 Cedar Rd,False,0.07160706401865101,Low,False,,,,
"RF_Clermont County, OH_2324",4761 Oak Blvd,False,0.07159368184090709,Low,False,,,,
"RF_Clermont County, OH_3983",8628 Pine Blvd,False,0.0715726516109472,Low,False,,,,
"RF_Clermont County, OH_1540",8249 Main Blvd,False,0.07157093788410743,Low,False,,,,
"RF_Clermont County, OH_2892",4009 Oak Ave,False,0.0715693837060397,Low,False,,,,
"RF_Clermont County, OH_2112",6502 Cedar Rd,False,0.07156784178519014,Low,False,,,,
"RF_Clermont County, OH_3744",3811 Cedar Rd,False,0.07155973793407955,Low,False,,,,
"RF_Clermont County, OH_2196",9795 Maple Ave,False,0.0715588797290721,Low,False,,,,
"RF_Clermont County, OH_3518",3589 Maple Ave,False,0.07155700907369741,Low,False,,,,
"RF_Clermont County, OH_1507",8344 Oak St,False,0.07155499405662556,Low,False,,,,
"RF_Clermont County, OH_3762",2180 Pine Ave,False,0.07153009235769762,Low,False,,,,
"RF_Clermont County, OH_0196",6015 Main Rd,False,0.07148297238207214,Low,False,,,,
"RF_Clermont County, OH_4127",6695 Oak Rd,False,0.07147044986701111,Low,False,,,,
"RF_Clermont County, OH_3070",9005 Pine Blvd,False,0.07146619123060914,Low,False,,,,
"RF_Clermont County, OH_3799",2307 Oak Rd,False,0.07142187878289138,Low,False,,,,
"RF_Clermont County, OH_3248",8576 Cedar Rd,False,0.07141115327855882,Low,False,,,,
"RF_Clermont County, OH_3941",9736 Cedar Rd,False,0.07139814505855122,Low,False,,,,
"RF_Clermont County, OH_2377",8449 Main Rd,False,0.07138345928714838,Low,False,,,,
"RF_Clermont County, OH_2929",9146 Pine Blvd,False,0.07137856374090916,Low,False,,,,
"RF_Clermont County, OH_0480",8644 Cedar Rd,False,0.07137771797091606,Low,False,,,,
"RF_Clermont County, OH_3484",6177 Main Ave,False,0.07137447337983888,Low,False,,,,
"RF_Clermont County, OH_1881",2396 Maple Blvd,False,0.07136222016089125,Low,False,,,,
"RF_Clermont County, OH_2456",9494 Oak Blvd,False,0.07132553607696673,Low,True,2025-05-25 23:57:41.150727,143.0,596959.0,594177.0
"RF_Clermont County, OH_1261",7604 Oak Ave,False,0.07131273321359106,Low,False,,,,
"RF_Clermont County, OH_0266",7989 Maple St,False,0.07130536497802661,Low,False,,,,
"RF_Clermont County, OH_2237",8842 Oak Rd,False,0.07130123940414959,Low,False,,,,
"RF_Clermont County, OH_3439",7106 Cedar Blvd,False,0.07129001460380738,Low,False,,,,
"RF_Clermont County, OH_0781",7347 Oak Ave,False,0.07126987908212296,Low,False,,,,
"RF_Clermont County, OH_4038",3480 Cedar St,False,0.07125917255722224,Low,False,,,,
"RF_Clermont County, OH_2162",1685 Cedar Blvd,False,0.0712535429831774,Low,False,,,,
"RF_Clermont County, OH_1065",4778 Oak Ave,False,0.071234195604534,Low,False,,,,
"RF_Clermont County, OH_3361",5381 Maple St,False,0.07120624952113183,Low,False,,,,
"RF_Clermont County, OH_0489",9255 Cedar Blvd,False,0.0711888770275299,Low,False,,,,
"RF_Clermont County, OH_4821",4129 Main St,False,0.07115949325654383,Low,False,,,,
"RF_Clermont County, OH_1211",9058 Oak Ave,False,0.07115224004384715,Low,False,,,,
"RF_Clermont County, OH_2414",7141 Oak Ave,False,0.0711324440622677,Low,False,,,,
"RF_Clermont County, OH_3832",7105 Oak Rd,False,0.07113061359362471,Low,False,,,,
"RF_Clermont County, OH_4790",5624 Main St,False,0.07113049178110115,Low,False,,,,
"RF_Clermont County, OH_1866",2094 Cedar Rd,False,0.07112284272027906,Low,True,2025-06-15 23:57:41.150727,76.0,261355.0,309237.0
"RF_Clermont County, OH_1366",2379 Cedar Blvd,False,0.07111925209776837,Low,False,,,,
"RF_Clermont County, OH_4527",8070 Oak St,False,0.0711069248057283,Low,False,,,,
"RF_Clermont County, OH_0287",6478 Main Ave,False,0.07110057498466361,Low,False,,,,
"RF_Clermont County, OH_1048",5259 Main Rd,False,0.0710912987158405,Low,False,,,,
"RF_Clermont County, OH_4429",1162 Pine Ave,False,0.07106846392703207,Low,False,,,,
"RF_Clermont County, OH_2918",9285 Maple St,False,0.07106268195222673,Low,False,,,,
"RF_Clermont County, OH_0783",4187 Main St,False,0.07105090822773379,Low,False,,,,
"RF_Clermont County, OH_3660",591 Oak St,False,0.07104779759683309,Low,True,2024-10-25 23:57:41.150727,49.0,723323.0,565557.0
"RF_Clermont County, OH_2956",5782 Maple Ave,False,0.07104677812379688,Low,False,,,,
"RF_Clermont County, OH_3770",8923 Cedar Blvd,False,0.07104497132244836,Low,False,,,,
"RF_Clermont County, OH_3506",9129 Maple Blvd,False,0.07104365584434456,Low,False,,,,
"RF_Clermont County, OH_1376",7534 Oak Blvd,False,0.07101148692355688,Low,False,,,,
"RF_Clermont County, OH_0878",2890 Main St,False,0.07099273189952379,Low,True,2025-01-30 23:57:41.150727,61.0,574502.0,712190.0
"RF_Clermont County, OH_2779",7160 Main Rd,False,0.07098340627130628,Low,True,2025-05-14 23:57:41.150727,134.0,530694.0,451016.0
"RF_Clermont County, OH_4297",4490 Main Rd,False,0.07096262148953246,Low,False,,,,
"RF_Clermont County, OH_2467",441 Main Rd,False,0.07093641077797021,Low,False,,,,
"RF_Clermont County, OH_1414",9761 Maple Rd,False,0.07093419488448056,Low,False,,,,
"RF_Clermont County, OH_1321",7775 Oak Rd,False,0.07092303347771735,Low,False,,,,
"RF_Clermont County, OH_4620",6195 Oak Rd,False,0.07091448731478524,Low,False,,,,
"RF_Clermont County, OH_1972",5061 Oak Rd,False,0.07089451104131905,Low,False,,,,
"RF_Clermont County, OH_1885",2879 Main Ave,False,0.07087851599949938,Low,False,,,,
"RF_Clermont County, OH_4363",3001 Maple Blvd,False,0.07085868845127713,Low,False,,,,
"RF_Clermont County, OH_3995",2811 Cedar Ave,False,0.07084067242398666,Low,False,,,,
"RF_Clermont County, OH_2969",2456 Cedar St,False,0.07082994492914171,Low,False,,,,
"RF_Clermont County, OH_3215",8800 Maple Blvd,False,0.07082286152059952,Low,False,,,,
"RF_Clermont County, OH_2465",8353 Cedar Ave,False,0.0707797198847294,Low,False,,,,
"RF_Clermont County, OH_2420",6269 Maple St,False,0.07077477840393025,Low,False,,,,
"RF_Clermont County, OH_0203",4959 Cedar St,False,0.07077231233151349,Low,False,,,,
"RF_Clermont County, OH_2991",761 Pine Rd,False,0.07076255737908556,Low,False,,,,
"RF_Clermont County, OH_1910",4644 Oak Blvd,False,0.07076197168276151,Low,False,,,,
"RF_Clermont County, OH_4051",9653 Pine Ave,False,0.07075863625368514,Low,False,,,,
"RF_Clermont County, OH_2133",1225 Cedar Blvd,False,0.07075126538990341,Low,False,,,,
"RF_Clermont County, OH_3075",5224 Maple Ave,False,0.0707139221647294,Low,False,,,,
"RF_Clermont County, OH_2242",5776 Main Blvd,False,0.07070022965172498,Low,False,,,,
"RF_Clermont County, OH_4697",7771 Main Rd,False,0.07069794593949022,Low,False,,,,
"RF_Clermont County, OH_3830",3974 Maple Rd,False,0.07067979986814334,Low,False,,,,
"RF_Clermont County, OH_1832",211 Oak Rd,False,0.07064242573537045,Low,False,,,,
"RF_Clermont County, OH_3441",307 Oak Ave,False,0.07063875311585302,Low,False,,,,
"RF_Clermont County, OH_0218",1346 Cedar Blvd,False,0.07063007568764205,Low,False,,,,
"RF_Clermont County, OH_1605",8261 Main St,False,0.07061999533287691,Low,False,,,,
"RF_Clermont County, OH_1235",9644 Cedar Rd,False,0.07057846205499001,Low,False,,,,
"RF_Clermont County, OH_0371",6752 Pine St,False,0.07057387055966177,Low,False,,,,
"RF_Clermont County, OH_4469",5805 Oak St,False,0.070566745444998,Low,True,2024-11-07 23:57:41.150727,117.0,640120.0,246401.0
"RF_Clermont County, OH_4257",9358 Main Rd,False,0.07054741524328764,Low,False,,,,
"RF_Clermont County, OH_0168",1154 Cedar St,False,0.07053948903625668,Low,True,2025-01-25 23:57:41.150727,111.0,595037.0,294570.0
"RF_Clermont County, OH_4576",3607 Maple Ave,False,0.07051953704911579,Low,False,,,,
"RF_Clermont County, OH_3326",142 Pine St,False,0.07049608521637848,Low,False,,,,
"RF_Clermont County, OH_2158",2725 Main St,False,0.07047090254611998,Low,False,,,,
"RF_Clermont County, OH_1213",4537 Maple Blvd,False,0.07047010745913646,Low,False,,,,
"RF_Clermont County, OH_4299",8101 Oak Ave,False,0.07046572834100642,Low,False,,,,
"RF_Clermont County, OH_4540",5070 Oak Rd,False,0.07045739308286508,Low,False,,,,
"RF_Clermont County, OH_0699",9993 Maple Blvd,False,0.07044694314535552,Low,False,,,,
"RF_Clermont County, OH_4811",4912 Maple Rd,False,0.07042487247165802,Low,False,,,,
"RF_Clermont County, OH_4612",3056 Main Rd,False,0.07041466251316789,Low,False,,,,
"RF_Clermont County, OH_4544",5667 Oak Ave,False,0.07037668748474935,Low,False,,,,
"RF_Clermont County, OH_0977",9229 Maple St,False,0.07032338452927234,Low,False,,,,
"RF_Clermont County, OH_2921",1436 Main Ave,False,0.07029178808530617,Low,False,,,,
"RF_Clermont County, OH_0157",7128 Main Rd,False,0.07028924368758188,Low,False,,,,
"RF_Clermont County, OH_3926",6987 Pine Ave,False,0.07024388096518501,Low,False,,,,
"RF_Clermont County, OH_1798",8427 Oak St,False,0.07022990870740602,Low,False,,,,
"RF_Clermont County, OH_4086",7557 Cedar St,False,0.0702273412957211,Low,False,,,,
"RF_Clermont County, OH_4727",8467 Maple Rd,False,0.07021140738365801,Low,False,,,,
"RF_Clermont County, OH_0848",3412 Main Blvd,False,0.07020354963142285,Low,False,,,,
"RF_Clermont County, OH_0306",2163 Maple Blvd,False,0.07020083701445692,Low,False,,,,
"RF_Clermont County, OH_0565",2163 Main Rd,False,0.07020048056967954,Low,False,,,,
"RF_Clermont County, OH_4453",132 Main Rd,False,0.07019189726863774,Low,False,,,,
"RF_Clermont County, OH_3837",3900 Pine Ave,False,0.07019188655230185,Low,False,,,,
"RF_Clermont County, OH_4867",4996 Cedar St,False,0.07018720962218326,Low,False,,,,
"RF_Clermont County, OH_3961",5110 Cedar Blvd,False,0.07018367994987808,Low,False,,,,
"RF_Clermont County, OH_4204",7761 Main Rd,False,0.07014500200623427,Low,False,,,,
"RF_Clermont County, OH_0493",2855 Maple St,False,0.0701412614774093,Low,True,2025-01-04 23:57:41.150727,70.0,683338.0,731498.0
"RF_Clermont County, OH_2698",1573 Oak Blvd,False,0.07013857315835814,Low,False,,,,
"RF_Clermont County, OH_0504",3830 Pine Rd,False,0.07013316528504096,Low,False,,,,
"RF_Clermont County, OH_0364",3371 Oak St,False,0.07012969778000594,Low,False,,,,
"RF_Clermont County, OH_0819",2065 Maple St,False,0.07012474768450024,Low,False,,,,
"RF_Clermont County, OH_4661",7057 Main Blvd,False,0.07008653798615835,Low,False,,,,
"RF_Clermont County, OH_1130",4071 Pine Rd,False,0.07008207955112813,Low,False,,,,
"RF_Clermont County, OH_2906",4546 Pine St,False,0.07002088230405587,Low,False,,,,
"RF_Clermont County, OH_4348",948 Maple St,False,0.0699941361879655,Low,False,,,,
"RF_Clermont County, OH_1902",4884 Oak Ave,False,0.06998865121763102,Low,False,,,,
"RF_Clermont County, OH_4239",5662 Pine Rd,False,0.06998241589954439,Low,False,,,,
"RF_Clermont County, OH_4389",7292 Oak St,False,0.06995633011315378,Low,False,,,,
"RF_Clermont County, OH_0148",8506 Main Ave,False,0.06995054192714419,Low,False,,,,
"RF_Clermont County, OH_4934",2193 Maple St,False,0.06992860178383649,Low,False,,,,
"RF_Clermont County, OH_2538",5942 Pine Rd,False,0.06990155039499214,Low,False,,,,
"RF_Clermont County, OH_2486",2481 Pine Ave,False,0.06989748915074245,Low,False,,,,
"RF_Clermont County, OH_4265",4382 Oak Rd,False,0.06987234745344006,Low,True,2024-10-06 23:57:41.150727,74.0,778052.0,144289.0
"RF_Clermont County, OH_1466",7971 Pine Ave,False,0.06986872725974337,Low,False,,,,
"RF_Clermont County, OH_1793",1570 Maple Rd,False,0.06984709965641073,Low,False,,,,
"RF_Clermont County, OH_4392",9240 Cedar Rd,False,0.06984031355888272,Low,False,,,,
"RF_Clermont County, OH_4263",8784 Maple Blvd,False,0.0698389536595679,Low,False,,,,
"RF_Clermont County, OH_4601",5898 Maple Ave,False,0.06983858749839827,Low,False,,,,
"RF_Clermont County, OH_4573",2485 Cedar Ave,False,0.06983186622015806,Low,False,,,,
"RF_Clermont County, OH_4442",3182 Cedar Blvd,False,0.06982230025650352,Low,False,,,,
"RF_Clermont County, OH_4295",664 Main St,False,0.06978296073009324,Low,False,,,,
"RF_Clermont County, OH_2699",1032 Maple St,False,0.06977535543080984,Low,False,,,,
"RF_Clermont County, OH_1785",9566 Cedar St,False,0.06977370722053468,Low,True,2025-02-01 23:57:41.150727,150.0,204051.0,318388.0
"RF_Clermont County, OH_2641",3297 Main Rd,False,0.06975895193567262,Low,True,2024-10-14 23:57:41.150727,39.0,768619.0,350570.0
"RF_Clermont County, OH_2588",7748 Maple Blvd,False,0.06975882030306053,Low,False,,,,
"RF_Clermont County, OH_0772",5421 Cedar Blvd,False,0.06974897580859002,Low,True,2024-10-13 23:57:41.150727,150.0,184661.0,602885.0
"RF_Clermont County, OH_0963",753 Cedar St,False,0.0697315424680229,Low,False,,,,
"RF_Clermont County, OH_3834",8978 Cedar Ave,False,0.06969910903102966,Low,False,,,,
"RF_Clermont County, OH_2590",2463 Main St,False,0.06969291773379592,Low,True,2024-09-29 23:57:41.150727,179.0,279728.0,660913.0
"RF_Clermont County, OH_3714",2150 Cedar Blvd,False,0.06965863034715782,Low,False,,,,
"RF_Clermont County, OH_2076",8657 Oak St,False,0.06963553571013431,Low,False,,,,
"RF_Clermont County, OH_0888",9885 Main Rd,False,0.06963072913326562,Low,False,,,,
"RF_Clermont County, OH_0634",7165 Main Ave,False,0.06961504726794222,Low,False,,,,
"RF_Clermont County, OH_0749",4259 Pine Rd,False,0.06961240848638356,Low,False,,,,
"RF_Clermont County, OH_1285",1641 Cedar Rd,False,0.06959221454058259,Low,False,,,,
"RF_Clermont County, OH_1345",3316 Cedar Blvd,False,0.06958702029522748,Low,False,,,,
"RF_Clermont County, OH_1277",929 Cedar St,False,0.06956570857142312,Low,False,,,,
"RF_Clermont County, OH_3646",3448 Maple Blvd,False,0.06956343496081825,Low,False,,,,
"RF_Clermont County, OH_4226",1541 Maple St,False,0.06954358676796392,Low,False,,,,
"RF_Clermont County, OH_2797",6860 Cedar Rd,False,0.06954305234233425,Low,False,,,,
"RF_Clermont County, OH_4197",9172 Main Ave,False,0.06953813230054076,Low,False,,,,
"RF_Clermont County, OH_2596",4110 Cedar Ave,False,0.06952621768922436,Low,False,,,,
"RF_Clermont County, OH_0098",5274 Main St,False,0.06950590596729835,Low,True,2025-04-25 23:57:41.150727,33.0,686176.0,205585.0
"RF_Clermont County, OH_1442",897 Maple Ave,False,0.06949890031273283,Low,False,,,,
"RF_Clermont County, OH_1337",8004 Cedar Ave,False,0.06947823111257041,Low,False,,,,
"RF_Clermont County, OH_4720",5895 Pine St,False,0.06944124541995683,Low,False,,,,
"RF_Clermont County, OH_1483",2428 Main Blvd,False,0.06942664500688035,Low,False,,,,
"RF_Clermont County, OH_1114",9099 Pine St,False,0.06940320109180906,Low,False,,,,
"RF_Clermont County, OH_2279",7129 Maple St,False,0.06939555530624662,Low,False,,,,
"RF_Clermont County, OH_4997",8338 Oak Blvd,False,0.06938987624008741,Low,False,,,,
"RF_Clermont County, OH_1538",7549 Oak Rd,False,0.06938758191342381,Low,False,,,,
"RF_Clermont County, OH_1884",1413 Main Ave,False,0.06938145461385642,Low,False,,,,
"RF_Clermont County, OH_0642",8874 Cedar St,False,0.06935976604718966,Low,False,,,,
"RF_Clermont County, OH_1425",9359 Pine St,False,0.06933510541521007,Low,False,,,,
"RF_Clermont County, OH_1755",7173 Main Rd,False,0.0693146303163704,Low,False,,,,
"RF_Clermont County, OH_3278",4010 Oak Blvd,False,0.06926747929374011,Low,False,,,,
"RF_Clermont County, OH_0808",9883 Maple Blvd,False,0.06919993851160866,Low,False,,,,
"RF_Clermont County, OH_2326",7183 Oak Blvd,False,0.06918702605460396,Low,False,,,,
"RF_Clermont County, OH_0442",8223 Oak Blvd,False,0.06918345513595953,Low,False,,,,
"RF_Clermont County, OH_0787",440 Main Rd,False,0.06917378887962358,Low,False,,,,
"RF_Clermont County, OH_2513",5374 Cedar Rd,False,0.06913545660160463,Low,False,,,,
"RF_Clermont County, OH_0348",9773 Pine Ave,False,0.06913219606352061,Low,False,,,,
"RF_Clermont County, OH_2114",5639 Oak Rd,False,0.06908459396630989,Low,False,,,,
"RF_Clermont County, OH_1226",1944 Cedar St,False,0.06906423794725994,Low,False,,,,
"RF_Clermont County, OH_4944",4356 Main Blvd,False,0.06904052967128,Low,False,,,,
"RF_Clermont County, OH_1034",2017 Main Rd,False,0.06900741016517294,Low,False,,,,
"RF_Clermont County, OH_0394",7931 Maple St,False,0.06900711027309059,Low,False,,,,
"RF_Clermont County, OH_0450",7792 Main Ave,False,0.06896677349462786,Low,False,,,,
"RF_Clermont County, OH_1374",108 Maple St,False,0.06890739511866892,Low,False,,,,
"RF_Clermont County, OH_1196",3508 Pine St,False,0.0688941336872526,Low,False,,,,
"RF_Clermont County, OH_0509",5822 Maple Ave,False,0.06888600288595957,Low,False,,,,
"RF_Clermont County, OH_0488",3018 Cedar Ave,False,0.0688738666200846,Low,False,,,,
"RF_Clermont County, OH_4027",1463 Main Rd,False,0.0688398429597676,Low,False,,,,
"RF_Clermont County, OH_0660",9751 Main Ave,False,0.06881949326754071,Low,False,,,,
"RF_Clermont County, OH_0190",487 Oak Ave,False,0.06880506410715378,Low,False,,,,
"RF_Clermont County, OH_4766",1513 Main Rd,False,0.06880231681086887,Low,False,,,,
"RF_Clermont County, OH_3598",7910 Main St,False,0.06879337745675619,Low,False,,,,
"RF_Clermont County, OH_3235",1671 Cedar Blvd,False,0.0687860331372714,Low,False,,,,
"RF_Clermont County, OH_4910",2779 Cedar Rd,False,0.0687786620520283,Low,False,,,,
"RF_Clermont County, OH_0858",7803 Cedar St,False,0.06877510971870769,Low,True,2024-12-18 23:57:41.150727,75.0,648393.0,401688.0
"RF_Clermont County, OH_0329",8587 Cedar Blvd,False,0.06877424822419653,Low,False,,,,
"RF_Clermont County, OH_3279",6020 Maple Rd,False,0.06875999771623714,Low,False,,,,
"RF_Clermont County, OH_1586",5410 Main St,False,0.06874642890637425,Low,False,,,,
"RF_Clermont County, OH_2636",7919 Maple Blvd,False,0.06872720663113249,Low,False,,,,
"RF_Clermont County, OH_4216",3160 Pine Ave,False,0.06871528835483637,Low,True,2025-04-28 23:57:41.150727,115.0,227028.0,590623.0
"RF_Clermont County, OH_1612",878 Maple St,False,0.06869491059406616,Low,False,,,,
"RF_Clermont County, OH_2041",5156 Oak Rd,False,0.06868704960036787,Low,False,,,,
"RF_Clermont County, OH_0626",7127 Maple Blvd,False,0.06867277218897105,Low,False,,,,
"RF_Clermont County, OH_4076",3036 Maple Ave,False,0.06865852935457495,Low,False,,,,
"RF_Clermont County, OH_3808",9402 Oak Rd,False,0.06865229874982728,Low,False,,,,
"RF_Clermont County, OH_0955",6876 Oak Rd,False,0.06865034907721748,Low,False,,,,
"RF_Clermont County, OH_3570",9689 Pine St,False,0.06860991470990963,Low,False,,,,
"RF_Clermont County, OH_3404",9205 Main Rd,False,0.06860399650277187,Low,False,,,,
"RF_Clermont County, OH_0745",1699 Cedar St,False,0.06859028334368272,Low,False,,,,
"RF_Clermont County, OH_1011",8459 Main St,False,0.06856545646629869,Low,False,,,,
"RF_Clermont County, OH_0592",9996 Main St,False,0.06856460167713008,Low,False,,,,
"RF_Clermont County, OH_3553",2175 Cedar Rd,False,0.06850446457345614,Low,False,,,,
"RF_Clermont County, OH_0943",7493 Main Ave,False,0.06850111399396423,Low,True,2025-04-19 23:57:41.150727,157.0,264248.0,459522.0
"RF_Clermont County, OH_4012",3857 Main Ave,False,0.06848416629165803,Low,False,,,,
"RF_Clermont County, OH_3699",2548 Pine Ave,False,0.06843804585235137,Low,False,,,,
"RF_Clermont County, OH_4337",3386 Main Rd,False,0.06843710198363348,Low,False,,,,
"RF_Clermont County, OH_2745",5649 Pine Rd,False,0.06843162768959235,Low,False,,,,
"RF_Clermont County, OH_2464",1717 Pine Rd,False,0.06843056632365206,Low,False,,,,
"RF_Clermont County, OH_1113",974 Main Blvd,False,0.06842944286687286,Low,False,,,,
"RF_Clermont County, OH_0188",9280 Oak Rd,False,0.06841697970389225,Low,False,,,,
"RF_Clermont County, OH_3118",1962 Maple Ave,False,0.06840719124668496,Low,False,,,,
"RF_Clermont County, OH_0185",4868 Oak Rd,False,0.06840709805520037,Low,False,,,,
"RF_Clermont County, OH_2131",2704 Cedar Ave,False,0.06839981898846303,Low,False,,,,
"RF_Clermont County, OH_0397",7361 Main St,False,0.06839474971192017,Low,False,,,,
"RF_Clermont County, OH_2512",7970 Oak St,False,0.06837503965791719,Low,False,,,,
"RF_Clermont County, OH_1594",4193 Oak St,False,0.06835319970211849,Low,False,,,,
"RF_Clermont County, OH_1384",298 Oak St,False,0.06835045751510375,Low,False,,,,
"RF_Clermont County, OH_3700",2785 Main St,False,0.0683257735249706,Low,False,,,,
"RF_Clermont County, OH_4162",6027 Cedar St,False,0.06828927787987454,Low,False,,,,
"RF_Clermont County, OH_0851",5687 Main Rd,False,0.06824133965376299,Low,False,,,,
"RF_Clermont County, OH_4440",4070 Oak St,False,0.06822851410091471,Low,True,2025-02-17 23:57:41.150727,58.0,211507.0,487688.0
"RF_Clermont County, OH_1783",2349 Maple Ave,False,0.06821388136495665,Low,False,,,,
"RF_Clermont County, OH_2215",8441 Oak Rd,False,0.0681608678195841,Low,False,,,,
"RF_Clermont County, OH_2570",5150 Oak Ave,False,0.06814463153058713,Low,True,2025-07-06 23:57:41.150727,40.0,526282.0,488132.0
"RF_Clermont County, OH_4410",3384 Main Blvd,False,0.06814031586220108,Low,False,,,,
"RF_Clermont County, OH_0957",829 Maple Ave,False,0.0681229127611617,Low,False,,,,
"RF_Clermont County, OH_1217",5148 Pine St,False,0.06809710949945916,Low,False,,,,
"RF_Clermont County, OH_3297",8123 Pine Rd,False,0.06806780130844643,Low,False,,,,
"RF_Clermont County, OH_1931",5213 Maple Ave,False,0.06805500646223417,Low,False,,,,
"RF_Clermont County, OH_3948",3608 Pine Rd,False,0.06799761182586407,Low,False,,,,
"RF_Clermont County, OH_1626",4900 Pine Rd,False,0.06797836188519539,Low,False,,,,
"RF_Clermont County, OH_4212",9322 Main St,False,0.06797762404780804,Low,False,,,,
"RF_Clermont County, OH_4041",8433 Oak St,False,0.06797618996790614,Low,False,,,,
"RF_Clermont County, OH_3706",3290 Maple Ave,False,0.06796806672743853,Low,False,,,,
"RF_Clermont County, OH_4287",455 Main St,False,0.06796722050000228,Low,False,,,,
"RF_Clermont County, OH_0174",7380 Pine Blvd,False,0.06792987044235828,Low,False,,,,
"RF_Clermont County, OH_2825",3749 Pine Ave,False,0.0679235448430437,Low,False,,,,
"RF_Clermont County, OH_2935",9814 Maple Blvd,False,0.06792242872788015,Low,False,,,,
"RF_Clermont County, OH_0809",8496 Main Rd,False,0.0679007476029613,Low,False,,,,
"RF_Clermont County, OH_1871",4578 Oak Blvd,False,0.067896447435048,Low,False,,,,
"RF_Clermont County, OH_4805",4184 Pine Rd,False,0.06787358668593703,Low,False,,,,
"RF_Clermont County, OH_2757",7615 Maple Rd,False,0.06787021633924765,Low,False,,,,
"RF_Clermont County, OH_0760",7405 Cedar St,False,0.06786867577364461,Low,False,,,,
"RF_Clermont County, OH_0215",9144 Oak Ave,False,0.06786324707725007,Low,False,,,,
"RF_Clermont County, OH_2510",3495 Maple Blvd,False,0.06783473331964585,Low,False,,,,
"RF_Clermont County, OH_0623",844 Main Rd,False,0.06782705283021606,Low,False,,,,
"RF_Clermont County, OH_0357",836 Main Rd,False,0.0677985482997996,Low,False,,,,
"RF_Clermont County, OH_3467",1948 Pine Rd,False,0.06775159278785658,Low,False,,,,
"RF_Clermont County, OH_0053",540 Cedar St,False,0.06774720011088552,Low,False,,,,
"RF_Clermont County, OH_1200",9918 Maple Blvd,False,0.06771874661782938,Low,False,,,,
"RF_Clermont County, OH_1465",9190 Cedar Blvd,False,0.06770359281338008,Low,False,,,,
"RF_Clermont County, OH_0342",2200 Maple Ave,False,0.06770178800206365,Low,False,,,,
"RF_Clermont County, OH_1349",5680 Main Rd,False,0.06768687758330233,Low,False,,,,
"RF_Clermont County, OH_3951",5495 Main St,False,0.0676765021583804,Low,True,2025-07-27 23:57:41.150727,136.0,418844.0,798046.0
"RF_Clermont County, OH_3668",8128 Maple Ave,False,0.06761461308873666,Low,True,2025-07-01 23:57:41.150727,62.0,449293.0,576993.0
"RF_Clermont County, OH_4157",6942 Cedar Ave,False,0.06755281374961532,Low,False,,,,
"RF_Clermont County, OH_4040",9782 Cedar St,False,0.06754937810309053,Low,False,,,,
"RF_Clermont County, OH_2959",1130 Pine Ave,False,0.0675301397949705,Low,False,,,,
"RF_Clermont County, OH_1746",6906 Cedar Blvd,False,0.06752990525028962,Low,False,,,,
"RF_Clermont County, OH_4630",8845 Maple Ave,False,0.06751403549633093,Low,False,,,,
"RF_Clermont County, OH_3981",2469 Maple Blvd,False,0.06749583064060867,Low,True,2025-06-28 23:57:41.150727,65.0,157409.0,703916.0
"RF_Clermont County, OH_4437",5748 Maple Ave,False,0.06748708635369854,Low,False,,,,
"RF_Clermont County, OH_1440",728 Maple Ave,False,0.0674420308043546,Low,False,,,,
"RF_Clermont County, OH_0139",5864 Cedar Blvd,False,0.06743858642503972,Low,False,,,,
"RF_Clermont County, OH_2178",3632 Cedar Rd,False,0.06741391200146762,Low,False,,,,
"RF_Clermont County, OH_0054",3862 Main St,False,0.06735499332426242,Low,False,,,,
"RF_Clermont County, OH_4643",915 Cedar Rd,False,0.06734994286658783,Low,False,,,,
"RF_Clermont County, OH_4979",1635 Oak St,False,0.0673359535694381,Low,False,,,,
"RF_Clermont County, OH_3464",8055 Maple Ave,False,0.0673235935110441,Low,False,,,,
"RF_Clermont County, OH_0324",5836 Maple St,False,0.06732332875397201,Low,False,,,,
"RF_Clermont County, OH_4587",4457 Main Blvd,False,0.06730968960084487,Low,True,2024-11-16 23:57:41.150727,147.0,792919.0,758858.0
"RF_Clermont County, OH_3855",7066 Main Ave,False,0.0672680035136577,Low,True,2025-04-23 23:57:41.150727,167.0,185547.0,384586.0
"RF_Clermont County, OH_0170",8749 Maple St,False,0.06722481848153544,Low,False,,,,
"RF_Clermont County, OH_3226",4413 Cedar St,False,0.06722037221940093,Low,True,2025-04-08 23:57:41.150727,24.0,387531.0,232965.0
"RF_Clermont County, OH_3535",9397 Maple St,False,0.06719831629884769,Low,False,,,,
"RF_Clermont County, OH_2669",9553 Main Rd,False,0.06718785910994116,Low,False,,,,
"RF_Clermont County, OH_1710",9620 Oak Blvd,False,0.0671779412730965,Low,False,,,,
"RF_Clermont County, OH_0547",7138 Cedar Rd,False,0.06714836374062125,Low,False,,,,
"RF_Clermont County, OH_4585",3356 Main Ave,False,0.06710769320466359,Low,False,,,,
"RF_Clermont County, OH_1916",8604 Cedar Ave,False,0.06710272761240753,Low,False,,,,
"RF_Clermont County, OH_1864",2055 Main St,False,0.06709925642453063,Low,False,,,,
"RF_Clermont County, OH_1250",5398 Cedar Ave,False,0.06709475144743811,Low,False,,,,
"RF_Clermont County, OH_4298",9988 Cedar Ave,False,0.0670794443758013,Low,False,,,,
"RF_Clermont County, OH_3113",6582 Pine Rd,False,0.06707504052394007,Low,False,,,,
"RF_Clermont County, OH_3061",7087 Pine St,False,0.06706037935764476,Low,False,,,,
"RF_Clermont County, OH_0780",4607 Main Blvd,False,0.06705955765582723,Low,False,,,,
"RF_Clermont County, OH_3123",9463 Cedar Rd,False,0.06705166185293797,Low,False,,,,
"RF_Clermont County, OH_4072",2313 Cedar St,False,0.06705076576290882,Low,False,,,,
"RF_Clermont County, OH_4084",1989 Oak St,False,0.06704387586162376,Low,False,,,,
"RF_Clermont County, OH_0116",5175 Pine St,False,0.067035139286691,Low,False,,,,
"RF_Clermont County, OH_0958",6865 Oak St,False,0.06702844689658757,Low,False,,,,
"RF_Clermont County, OH_4246",1657 Maple St,False,0.06702249403670058,Low,False,,,,
"RF_Clermont County, OH_4533",3897 Oak Rd,False,0.06701882265634548,Low,False,,,,
"RF_Clermont County, OH_3644",8226 Pine Rd,False,0.06701616123734408,Low,False,,,,
"RF_Clermont County, OH_2105",5084 Pine Rd,False,0.06697770425659402,Low,False,,,,
"RF_Clermont County, OH_4063",7613 Pine Rd,False,0.06696562834248485,Low,False,,,,
"RF_Clermont County, OH_4234",8188 Pine Ave,False,0.06696149477938199,Low,False,,,,
"RF_Clermont County, OH_4831",9138 Cedar Blvd,False,0.0669241189596683,Low,False,,,,
"RF_Clermont County, OH_2096",8782 Oak St,False,0.06691530111449959,Low,False,,,,
"RF_Clermont County, OH_4688",2207 Main St,False,0.06691417124948196,Low,False,,,,
"RF_Clermont County, OH_2817",8171 Maple Ave,False,0.06691003590910621,Low,False,,,,
"RF_Clermont County, OH_3735",3648 Main Rd,False,0.06688085673614401,Low,False,,,,
"RF_Clermont County, OH_4016",9389 Cedar Blvd,False,0.06686820156870547,Low,True,2025-02-11 23:57:41.150727,72.0,515666.0,651963.0
"RF_Clermont County, OH_4802",8048 Maple St,False,0.0668351281852951,Low,False,,,,
"RF_Clermont County, OH_3540",9962 Maple Blvd,False,0.06680853304203387,Low,False,,,,
"RF_Clermont County, OH_0912",6735 Oak Blvd,False,0.06679237128800673,Low,False,,,,
"RF_Clermont County, OH_2610",4741 Maple Ave,False,0.06679190179639938,Low,False,,,,
"RF_Clermont County, OH_0673",5489 Maple Ave,False,0.06676161893328367,Low,False,,,,
"RF_Clermont County, OH_3901",8294 Pine Rd,False,0.06674746722605691,Low,False,,,,
"RF_Clermont County, OH_3232",709 Main Blvd,False,0.06674680287899092,Low,False,,,,
"RF_Clermont County, OH_0568",2728 Maple Rd,False,0.0666485155804723,Low,False,,,,
"RF_Clermont County, OH_4100",3293 Pine St,False,0.0666430893526648,Low,False,,,,
"RF_Clermont County, OH_3637",2562 Main St,False,0.06662810242617195,Low,False,,,,
"RF_Clermont County, OH_3939",8461 Main Blvd,False,0.06661425888503326,Low,False,,,,
"RF_Clermont County, OH_4478",2899 Pine St,False,0.06660593308994693,Low,False,,,,
"RF_Clermont County, OH_3269",9843 Maple Ave,False,0.06658848953794849,Low,False,,,,
"RF_Clermont County, OH_3097",2117 Maple Rd,False,0.06658231691181536,Low,False,,,,
"RF_Clermont County, OH_1101",8518 Main St,False,0.06655405921780226,Low,False,,,,
"RF_Clermont County, OH_4304",6886 Main Blvd,False,0.06654427609281327,Low,False,,,,
"RF_Clermont County, OH_0396",4616 Pine Rd,False,0.06652952192747406,Low,False,,,,
"RF_Clermont County, OH_2553",8435 Cedar Ave,False,0.06650776254191307,Low,True,2024-12-02 23:57:41.150727,157.0,237897.0,786797.0
"RF_Clermont County, OH_4914",2715 Main Blvd,False,0.06649436759940593,Low,False,,,,
"RF_Clermont County, OH_1178",5446 Maple St,False,0.06644891642483262,Low,False,,,,
"RF_Clermont County, OH_2743",1963 Cedar Blvd,False,0.0664369968216468,Low,True,2025-01-24 23:57:41.150727,95.0,585611.0,537873.0
"RF_Clermont County, OH_1320",1564 Oak Blvd,False,0.06642811332085533,Low,False,,,,
"RF_Clermont County, OH_2687",9245 Maple Blvd,False,0.06642631434961897,Low,False,,,,
"RF_Clermont County, OH_1193",4939 Pine Rd,False,0.06641017442404207,Low,False,,,,
"RF_Clermont County, OH_1356",1784 Oak Ave,False,0.06640611073051823,Low,False,,,,
"RF_Clermont County, OH_0513",1494 Oak St,False,0.06639474235675437,Low,False,,,,
"RF_Clermont County, OH_0952",7869 Pine St,False,0.06634493896555513,Low,False,,,,
"RF_Clermont County, OH_2350",8373 Pine Blvd,False,0.06634210119619284,Low,False,,,,
"RF_Clermont County, OH_1284",3893 Maple Rd,False,0.06633981321167459,Low,True,2025-06-29 23:57:41.150727,118.0,633620.0,634263.0
"RF_Clermont County, OH_2470",9881 Oak St,False,0.06627021831276114,Low,False,,,,
"RF_Clermont County, OH_3029",2853 Oak Rd,False,0.06626519471910958,Low,False,,,,
"RF_Clermont County, OH_3266",7283 Main Blvd,False,0.06625974461236288,Low,False,,,,
"RF_Clermont County, OH_2629",843 Oak Ave,False,0.06623309263161307,Low,False,,,,
"RF_Clermont County, OH_3967",2226 Cedar Ave,False,0.06620173501588435,Low,False,,,,
"RF_Clermont County, OH_1160",4222 Main Blvd,False,0.06619950836695279,Low,False,,,,
"RF_Clermont County, OH_3517",2498 Main Ave,False,0.06619157258674659,Low,False,,,,
"RF_Clermont County, OH_2043",6825 Main Blvd,False,0.06617878185884882,Low,False,,,,
"RF_Clermont County, OH_1597",3075 Pine St,False,0.06617643589135795,Low,False,,,,
"RF_Clermont County, OH_2826",1349 Pine Ave,False,0.06616094219304514,Low,False,,,,
"RF_Clermont County, OH_4714",1552 Pine St,False,0.0661341148983315,Low,False,,,,
"RF_Clermont County, OH_2735",2347 Cedar Ave,False,0.06611667949321219,Low,False,,,,
"RF_Clermont County, OH_2078",8521 Pine St,False,0.06610295469838182,Low,False,,,,
"RF_Clermont County, OH_1436",8733 Cedar Ave,False,0.06609408702542366,Low,False,,,,
"RF_Clermont County, OH_3571",5002 Pine Ave,False,0.06608526527023283,Low,False,,,,
"RF_Clermont County, OH_1700",1904 Pine St,False,0.06606062657856548,Low,False,,,,
"RF_Clermont County, OH_4988",8700 Maple Blvd,False,0.06605534885846136,Low,False,,,,
"RF_Clermont County, OH_1076",5490 Maple St,False,0.06604108998360421,Low,False,,,,
"RF_Clermont County, OH_1517",1007 Maple Blvd,False,0.066012974162665,Low,False,,,,
"RF_Clermont County, OH_4783",8493 Maple Rd,False,0.06601280887746802,Low,True,2024-12-04 23:57:41.150727,145.0,299460.0,564936.0
"RF_Clermont County, OH_4889",3437 Main St,False,0.06600534949979953,Low,False,,,,
"RF_Clermont County, OH_4358",5152 Main Ave,False,0.06598561585210737,Low,False,,,,
"RF_Clermont County, OH_3671",9990 Oak Rd,False,0.06595758134172626,Low,False,,,,
"RF_Clermont County, OH_0595",6648 Cedar Blvd,False,0.06593052857794367,Low,False,,,,
"RF_Clermont County, OH_3476",5414 Oak St,False,0.06592791470847723,Low,True,2025-03-26 23:57:41.150727,57.0,529910.0,290682.0
"RF_Clermont County, OH_3881",4408 Main St,False,0.06591685449945507,Low,True,2024-09-19 23:57:41.150727,66.0,302643.0,249700.0
"RF_Clermont County, OH_2566",7135 Maple Rd,False,0.06584759055260055,Low,False,,,,
"RF_Clermont County, OH_2919",2009 Pine Rd,False,0.06584654783454384,Low,False,,,,
"RF_Clermont County, OH_2701",117 Main Blvd,False,0.06583070260799087,Low,True,2025-05-03 23:57:41.150727,85.0,155939.0,313574.0
"RF_Clermont County, OH_4757",6334 Main St,False,0.06582867646622606,Low,False,,,,
"RF_Clermont County, OH_0229",8076 Cedar Ave,False,0.06581621439655562,Low,False,,,,
"RF_Clermont County, OH_4421",2552 Main St,False,0.06580385082001552,Low,False,,,,
"RF_Clermont County, OH_4726",8499 Pine St,False,0.06580355076076982,Low,False,,,,
"RF_Clermont County, OH_2818",8013 Cedar Rd,False,0.06579316718538672,Low,False,,,,
"RF_Clermont County, OH_4118",2202 Pine Blvd,False,0.06573025265156122,Low,False,,,,
"RF_Clermont County, OH_1134",8280 Oak Ave,False,0.06565444705505251,Low,False,,,,
"RF_Clermont County, OH_4237",2854 Cedar Ave,False,0.06565091588732731,Low,False,,,,
"RF_Clermont County, OH_3899",9582 Main St,False,0.0656325949479788,Low,False,,,,
"RF_Clermont County, OH_4943",9973 Cedar Ave,False,0.06560908691898956,Low,False,,,,
"RF_Clermont County, OH_2337",5923 Oak Ave,False,0.06560385572475577,Low,False,,,,
"RF_Clermont County, OH_1247",2667 Oak St,False,0.06560146558903644,Low,False,,,,
"RF_Clermont County, OH_0937",8966 Pine Ave,False,0.0655930795601854,Low,False,,,,
"RF_Clermont County, OH_4149",9250 Maple Ave,False,0.06558066898849037,Low,False,,,,
"RF_Clermont County, OH_3913",5502 Main Blvd,False,0.06557475690163869,Low,False,,,,
"RF_Clermont County, OH_0649",4565 Oak Blvd,False,0.06556829231777855,Low,False,,,,
"RF_Clermont County, OH_4797",2278 Maple Blvd,False,0.0655420010532018,Low,False,,,,
"RF_Clermont County, OH_2241",3952 Main Ave,False,0.0655046328430297,Low,False,,,,
"RF_Clermont County, OH_0169",101 Maple Ave,False,0.06549666820275458,Low,False,,,,
"RF_Clermont County, OH_1460",2629 Cedar Blvd,False,0.06546578723397876,Low,False,,,,
"RF_Clermont County, OH_3030",7060 Pine St,False,0.0654449150766998,Low,False,,,,
"RF_Clermont County, OH_3035",6117 Pine Rd,False,0.0654339533955906,Low,False,,,,
"RF_Clermont County, OH_0017",6441 Pine St,False,0.06542268390154783,Low,False,,,,
"RF_Clermont County, OH_0127",1546 Main Blvd,False,0.06541829271118015,Low,False,,,,
"RF_Clermont County, OH_0635",4932 Pine Ave,False,0.06536641869918638,Low,False,,,,
"RF_Clermont County, OH_2650",4342 Maple Rd,False,0.06534132890512623,Low,False,,,,
"RF_Clermont County, OH_2643",8217 Maple St,False,0.06528628354343446,Low,True,2025-02-27 23:57:41.150727,86.0,477930.0,532173.0
"RF_Clermont County, OH_2861",245 Maple Ave,False,0.06525043037624818,Low,False,,,,
"RF_Clermont County, OH_0906",670 Oak Rd,False,0.06524994697791664,Low,False,,,,
"RF_Clermont County, OH_4551",3138 Maple St,False,0.06524635416054403,Low,False,,,,
"RF_Clermont County, OH_3952",4976 Main St,False,0.06522290975009126,Low,False,,,,
"RF_Clermont County, OH_3958",7595 Maple Rd,False,0.0651824663535104,Low,True,2025-01-12 23:57:41.150727,164.0,319037.0,421245.0
"RF_Clermont County, OH_0933",3143 Oak Rd,False,0.06517387578224444,Low,True,2025-03-03 23:57:41.150727,168.0,200185.0,401207.0
"RF_Clermont County, OH_1835",3687 Oak St,False,0.06515868725013695,Low,False,,,,
"RF_Clermont County, OH_2298",3131 Cedar Blvd,False,0.06513600653511391,Low,False,,,,
"RF_Clermont County, OH_4373",7380 Pine Blvd,False,0.0651355865551543,Low,False,,,,
"RF_Clermont County, OH_4223",4465 Pine Rd,False,0.06513459471999726,Low,False,,,,
"RF_Clermont County, OH_4583",4123 Maple Rd,False,0.06510740146838595,Low,False,,,,
"RF_Clermont County, OH_4613",7780 Cedar Blvd,False,0.06509867685433188,Low,False,,,,
"RF_Clermont County, OH_3960",1255 Cedar Rd,False,0.0650893400651234,Low,False,,,,
"RF_Clermont County, OH_2855",4921 Oak Blvd,False,0.06507976536447113,Low,False,,,,
"RF_Clermont County, OH_0424",1004 Maple Rd,False,0.06507266400832415,Low,False,,,,
"RF_Clermont County, OH_1765",6877 Main Ave,False,0.06504675227602129,Low,True,2024-11-05 23:57:41.150727,92.0,393334.0,143508.0
"RF_Clermont County, OH_0269",1621 Pine Blvd,False,0.06503785936085486,Low,False,,,,
"RF_Clermont County, OH_1830",7085 Oak St,False,0.06501321606819421,Low,True,2024-09-10 23:57:41.150727,67.0,597635.0,644938.0
"RF_Clermont County, OH_1428",3307 Cedar Blvd,False,0.06496575935048382,Low,False,,,,
"RF_Clermont County, OH_0827",1297 Cedar Blvd,False,0.06490245743855391,Low,False,,,,
"RF_Clermont County, OH_4578",2735 Main Blvd,False,0.06486505835603872,Low,False,,,,
"RF_Clermont County, OH_2646",2624 Oak Rd,False,0.06484114435135976,Low,False,,,,
"RF_Clermont County, OH_4317",8651 Maple St,False,0.06483947294010678,Low,False,,,,
"RF_Clermont County, OH_3629",688 Pine St,False,0.06481421375312947,Low,False,,,,
"RF_Clermont County, OH_4280",6240 Pine Ave,False,0.0648124144779847,Low,False,,,,
"RF_Clermont County, OH_1503",3423 Main Blvd,False,0.0647705868782792,Low,False,,,,
"RF_Clermont County, OH_3425",4391 Maple Blvd,False,0.06473388304205714,Low,False,,,,
"RF_Clermont County, OH_0709",2355 Main Rd,False,0.06472264257708607,Low,True,2025-01-22 23:57:41.150727,159.0,453965.0,273189.0
"RF_Clermont County, OH_3328",7559 Cedar Blvd,False,0.06471653007146327,Low,False,,,,
"RF_Clermont County, OH_2297",199 Pine Rd,False,0.06470033272675092,Low,False,,,,
"RF_Clermont County, OH_3092",399 Main St,False,0.06470008862257241,Low,False,,,,
"RF_Clermont County, OH_0746",6062 Maple St,False,0.06469482516044271,Low,False,,,,
"RF_Clermont County, OH_4977",4503 Pine Rd,False,0.0646872797755653,Low,True,2025-03-23 23:57:41.150727,43.0,501278.0,190425.0
"RF_Clermont County, OH_2234",1420 Oak Rd,False,0.06468700950139937,Low,False,,,,
"RF_Clermont County, OH_1275",2658 Maple Ave,False,0.06464539663031232,Low,True,2025-01-25 23:57:41.150727,44.0,743352.0,816748.0
"RF_Clermont County, OH_1893",683 Maple Blvd,False,0.06464015205424822,Low,False,,,,
"RF_Clermont County, OH_1898",9478 Pine Rd,False,0.06461700025781465,Low,False,,,,
"RF_Clermont County, OH_0392",7022 Oak Ave,False,0.06461600670661358,Low,False,,,,
"RF_Clermont County, OH_4340",1167 Maple Rd,False,0.06460992299727196,Low,False,,,,
"RF_Clermont County, OH_3769",8322 Pine St,False,0.06458064262827068,Low,True,2024-12-27 23:57:41.150727,174.0,691231.0,726647.0
"RF_Clermont County, OH_2148",5545 Oak Ave,False,0.06456868373407841,Low,False,,,,
"RF_Clermont County, OH_0893",8999 Maple Rd,False,0.06449798365392499,Low,False,,,,
"RF_Clermont County, OH_2285",452 Main St,False,0.06444879493571568,Low,False,,,,
"RF_Clermont County, OH_0816",1957 Oak Ave,False,0.06444844709473542,Low,False,,,,
"RF_Clermont County, OH_0588",315 Maple St,False,0.0644460888183942,Low,False,,,,
"RF_Clermont County, OH_4808",3964 Maple St,False,0.06443064019983115,Low,True,2025-07-08 23:57:41.150727,91.0,201998.0,150106.0
"RF_Clermont County, OH_2363",113 Maple St,False,0.0644298412631694,Low,False,,,,
"RF_Clermont County, OH_3298",6033 Oak St,False,0.06440223791318427,Low,False,,,,
"RF_Clermont County, OH_0040",6063 Main St,False,0.06437855016380196,Low,True,2025-05-29 23:57:41.150727,107.0,340332.0,600325.0
"RF_Clermont County, OH_1725",5305 Cedar Blvd,False,0.06435833546054816,Low,True,2025-02-17 23:57:41.150727,155.0,638199.0,516848.0
"RF_Clermont County, OH_3959",3739 Main Rd,False,0.0643498727871106,Low,True,2025-07-20 23:57:41.150727,57.0,243475.0,713481.0
"RF_Clermont County, OH_4712",5196 Cedar St,False,0.06431654144748379,Low,False,,,,
"RF_Clermont County, OH_0476",6924 Oak Rd,False,0.06424501417145503,Low,False,,,,
"RF_Clermont County, OH_1407",877 Main St,False,0.064227443619983,Low,False,,,,
"RF_Clermont County, OH_0813",7751 Main Ave,False,0.06421315311472352,Low,True,2024-10-08 23:57:41.150727,24.0,737259.0,640468.0
"RF_Clermont County, OH_1680",4552 Main St,False,0.0641746440673467,Low,False,,,,
"RF_Clermont County, OH_0238",7560 Main St,False,0.06417187571913895,Low,False,,,,
"RF_Clermont County, OH_3812",3421 Maple Blvd,False,0.06416994422259398,Low,True,2025-03-27 23:57:41.150727,23.0,727703.0,646385.0
"RF_Clermont County, OH_0039",3281 Maple Ave,False,0.06416174124012038,Low,False,,,,
"RF_Clermont County, OH_3105",9300 Maple Ave,False,0.06414575247908016,Low,False,,,,
"RF_Clermont County, OH_2172",3515 Maple Blvd,False,0.06409162343015863,Low,False,,,,
"RF_Clermont County, OH_2672",6094 Oak Rd,False,0.06408618016837317,Low,False,,,,
"RF_Clermont County, OH_1698",1077 Main St,False,0.06403429146766126,Low,False,,,,
"RF_Clermont County, OH_4248",758 Pine Rd,False,0.06403101313836784,Low,True,2025-06-13 23:57:41.150727,29.0,502408.0,638461.0
"RF_Clermont County, OH_2389",7828 Pine Rd,False,0.06402778743762369,Low,True,2024-12-20 23:57:41.150727,146.0,594938.0,583375.0
"RF_Clermont County, OH_1237",688 Cedar St,False,0.06401722139565866,Low,False,,,,
"RF_Clermont County, OH_4846",6851 Maple Blvd,False,0.06397782664406855,Low,False,,,,
"RF_Clermont County, OH_0984",4687 Oak Ave,False,0.06397121069539062,Low,False,,,,
"RF_Clermont County, OH_2592",8695 Oak Rd,False,0.06394603226296175,Low,False,,,,
"RF_Clermont County, OH_3739",7919 Cedar Ave,False,0.06393820113539789,Low,False,,,,
"RF_Clermont County, OH_3740",1811 Pine Blvd,False,0.06390218950942136,Low,False,,,,
"RF_Clermont County, OH_3044",2357 Cedar St,False,0.06389388827724189,Low,False,,,,
"RF_Clermont County, OH_1707",3109 Oak Rd,False,0.06389218558281755,Low,False,,,,
"RF_Clermont County, OH_1169",2765 Pine Blvd,False,0.06388006607215581,Low,False,,,,
"RF_Clermont County, OH_1545",8152 Pine Rd,False,0.06386799109750221,Low,False,,,,
"RF_Clermont County, OH_4308",2889 Maple Rd,False,0.06386236726179965,Low,False,,,,
"RF_Clermont County, OH_0940",9025 Pine Rd,False,0.06383207440338733,Low,False,,,,
"RF_Clermont County, OH_2170",8056 Maple St,False,0.06382864830641728,Low,False,,,,
"RF_Clermont County, OH_0717",8598 Maple Blvd,False,0.06380814553906074,Low,False,,,,
"RF_Clermont County, OH_3548",4085 Pine Ave,False,0.06379313935642802,Low,True,2025-05-07 23:57:41.150727,112.0,422328.0,454116.0
"RF_Clermont County, OH_1449",619 Maple Rd,False,0.06374221071501486,Low,False,,,,
"RF_Clermont County, OH_4994",5720 Pine Ave,False,0.06373858739576252,Low,False,,,,
"RF_Clermont County, OH_2239",1745 Cedar St,False,0.06369589390739809,Low,False,,,,
"RF_Clermont County, OH_2171",3967 Cedar St,False,0.06368334802300255,Low,False,,,,
"RF_Clermont County, OH_2862",8066 Oak Blvd,False,0.06368183875159496,Low,True,2024-09-20 23:57:41.150727,116.0,291245.0,616664.0
"RF_Clermont County, OH_3101",2800 Pine St,False,0.06368058733221721,Low,False,,,,
"RF_Clermont County, OH_3801",9539 Pine Blvd,False,0.06362406918715953,Low,False,,,,
"RF_Clermont County, OH_1127",8624 Oak Rd,False,0.0635310226672617,Low,False,,,,
"RF_Clermont County, OH_1703",113 Main St,False,0.06352356616243732,Low,False,,,,
"RF_Clermont County, OH_2436",2610 Oak St,False,0.06351132940326275,Low,False,,,,
"RF_Clermont County, OH_0032",4889 Oak Ave,False,0.06350601087806539,Low,False,,,,
"RF_Clermont County, OH_0384",2288 Maple St,False,0.06347136439469456,Low,False,,,,
"RF_Clermont County, OH_0070",5299 Pine St,False,0.063466725882659,Low,False,,,,
"RF_Clermont County, OH_0806",3150 Main Blvd,False,0.06345733151836225,Low,False,,,,
"RF_Clermont County, OH_3383",6222 Maple Blvd,False,0.06344790334368343,Low,False,,,,
"RF_Clermont County, OH_1149",8973 Cedar Blvd,False,0.0634269648929767,Low,False,,,,
"RF_Clermont County, OH_1036",2658 Main St,False,0.06341633141297884,Low,False,,,,
"RF_Clermont County, OH_0022",7750 Pine St,False,0.06341317252507114,Low,False,,,,
"RF_Clermont County, OH_4833",8642 Main Blvd,False,0.06339930447023934,Low,False,,,,
"RF_Clermont County, OH_0440",3877 Main Rd,False,0.06339265841697743,Low,False,,,,
"RF_Clermont County, OH_1904",1519 Main Blvd,False,0.06338352999680238,Low,False,,,,
"RF_Clermont County, OH_1964",172 Pine St,False,0.06337801387352612,Low,True,2024-11-08 23:57:41.150727,107.0,403814.0,628923.0
"RF_Clermont County, OH_3984",8965 Cedar Blvd,False,0.06336906121028399,Low,False,,,,
"RF_Clermont County, OH_2898",821 Pine St,False,0.06333865270149205,Low,False,,,,
"RF_Clermont County, OH_4906",1553 Oak Rd,False,0.06332486683062521,Low,False,,,,
"RF_Clermont County, OH_4619",9557 Cedar Rd,False,0.06330240968305006,Low,False,,,,
"RF_Clermont County, OH_2603",1264 Cedar Blvd,False,0.06329307866162599,Low,False,,,,
"RF_Clermont County, OH_4580",2954 Oak St,False,0.06327635459316043,Low,False,,,,
"RF_Clermont County, OH_1158",207 Main Rd,False,0.06327215581935462,Low,True,2024-12-29 23:57:41.150727,154.0,679004.0,338339.0
"RF_Clermont County, OH_0467",5683 Maple Rd,False,0.06326221799663607,Low,False,,,,
"RF_Clermont County, OH_2494",9630 Main Ave,False,0.06324375270380111,Low,True,2024-08-01 23:57:41.150727,174.0,470524.0,499734.0
"RF_Clermont County, OH_0080",604 Maple Blvd,False,0.06321839263245216,Low,False,,,,
"RF_Clermont County, OH_3284",7121 Pine Rd,False,0.06321346833320607,Low,False,,,,
"RF_Clermont County, OH_3920",5514 Pine St,False,0.063205209704223,Low,False,,,,
"RF_Clermont County, OH_0663",307 Pine Rd,False,0.0631898332608331,Low,False,,,,
"RF_Clermont County, OH_4219",7723 Oak Blvd,False,0.0631368745219253,Low,False,,,,
"RF_Clermont County, OH_1944",9009 Cedar Rd,False,0.06312897619457901,Low,False,,,,
"RF_Clermont County, OH_2983",9766 Maple St,False,0.06312861431915191,Low,False,,,,
"RF_Clermont County, OH_0448",3601 Pine St,False,0.06310073050602254,Low,False,,,,
"RF_Clermont County, OH_3512",7448 Cedar Rd,False,0.06301101032184901,Low,False,,,,
"RF_Clermont County, OH_4025",8519 Cedar Blvd,False,0.06300764984242367,Low,False,,,,
"RF_Clermont County, OH_0605",6545 Pine Ave,False,0.06300227698925143,Low,False,,,,
"RF_Clermont County, OH_0939",7224 Maple St,False,0.06299893367679445,Low,False,,,,
"RF_Clermont County, OH_2127",9721 Oak Ave,False,0.06297789922478335,Low,False,,,,
"RF_Clermont County, OH_4953",6839 Oak Blvd,False,0.06294715983845066,Low,True,2024-08-19 23:57:41.150727,35.0,708439.0,609948.0
"RF_Clermont County, OH_4883",2876 Maple Rd,False,0.06293886518052902,Low,False,,,,
"RF_Clermont County, OH_4809",3303 Cedar Blvd,False,0.0628930385283425,Low,False,,,,
"RF_Clermont County, OH_2314",8192 Main St,False,0.06286601601245861,Low,False,,,,
"RF_Clermont County, OH_1702",706 Oak Blvd,False,0.06282887033367116,Low,False,,,,
"RF_Clermont County, OH_2102",8245 Pine Ave,False,0.06282838403399471,Low,False,,,,
"RF_Clermont County, OH_1659",5721 Oak Ave,False,0.06282171655679869,Low,False,,,,
"RF_Clermont County, OH_2798",7047 Cedar St,False,0.0628017232765719,Low,False,,,,
"RF_Clermont County, OH_0101",4634 Cedar Rd,False,0.06280121231653595,Low,True,2025-07-12 23:57:41.150727,170.0,584384.0,519917.0
"RF_Clermont County, OH_1151",3965 Maple Ave,False,0.06273708751215952,Low,False,,,,
"RF_Clermont County, OH_4567",7193 Oak St,False,0.06273707123773604,Low,False,,,,
"RF_Clermont County, OH_3344",5340 Pine Ave,False,0.0627243404580719,Low,False,,,,
"RF_Clermont County, OH_3889",7879 Cedar Rd,False,0.06270185684099236,Low,False,,,,
"RF_Clermont County, OH_0472",8431 Maple St,False,0.0626865634529053,Low,False,,,,
"RF_Clermont County, OH_0115",9066 Oak St,False,0.06260571584762528,Low,False,,,,
"RF_Clermont County, OH_1087",4038 Cedar St,False,0.06260309304460976,Low,True,2025-05-30 23:57:41.150727,58.0,653023.0,534082.0
"RF_Clermont County, OH_2642",3912 Oak Rd,False,0.06259319290304101,Low,False,,,,
"RF_Clermont County, OH_0918",8695 Cedar St,False,0.0625660987244083,Low,False,,,,
"RF_Clermont County, OH_3541",9553 Cedar Rd,False,0.06254357842461072,Low,False,,,,
"RF_Clermont County, OH_1673",7258 Cedar Ave,False,0.06251651830287547,Low,False,,,,
"RF_Clermont County, OH_0358",9861 Oak St,False,0.06249609052469115,Low,True,2024-11-21 23:57:41.150727,23.0,217807.0,557096.0
"RF_Clermont County, OH_1782",1713 Pine Ave,False,0.062484024296619284,Low,False,,,,
"RF_Clermont County, OH_3841",746 Pine Rd,False,0.06246955529555188,Low,False,,,,
"RF_Clermont County, OH_1141",5062 Main Ave,False,0.06246733223049866,Low,True,2024-12-09 23:57:41.150727,61.0,461732.0,238103.0
"RF_Clermont County, OH_4923",843 Main Rd,False,0.062447147957277085,Low,False,,,,
"RF_Clermont County, OH_1409",2864 Cedar Rd,False,0.06243495230383183,Low,False,,,,
"RF_Clermont County, OH_2263",2495 Main St,False,0.06241104348790473,Low,False,,,,
"RF_Clermont County, OH_1636",5163 Cedar Rd,False,0.062410779599949236,Low,False,,,,
"RF_Clermont County, OH_4971",8882 Pine Rd,False,0.06237579376276969,Low,False,,,,
"RF_Clermont County, OH_4524",8662 Main Blvd,False,0.062354609244651374,Low,False,,,,
"RF_Clermont County, OH_1554",6193 Pine Rd,False,0.062302985181531455,Low,False,,,,
"RF_Clermont County, OH_4775",7021 Maple Blvd,False,0.0622974970589294,Low,False,,,,
"RF_Clermont County, OH_2668",1323 Cedar Rd,False,0.06228916723525008,Low,False,,,,
"RF_Clermont County, OH_4767",5526 Main Rd,False,0.06228833239930123,Low,True,2025-01-07 23:57:41.150727,59.0,283305.0,406779.0
"RF_Clermont County, OH_1314",913 Maple Blvd,False,0.06227421548707211,Low,True,2025-04-12 23:57:41.150727,21.0,162369.0,763549.0
"RF_Clermont County, OH_2833",7268 Main Ave,False,0.06226904737060991,Low,False,,,,
"RF_Clermont County, OH_4779",2603 Cedar Blvd,False,0.06223412359017024,Low,False,,,,
"RF_Clermont County, OH_0425",162 Maple Rd,False,0.06220870310225855,Low,False,,,,
"RF_Clermont County, OH_3300",6152 Cedar Ave,False,0.062185847282622074,Low,False,,,,
"RF_Clermont County, OH_1578",2088 Oak Ave,False,0.062184266215119514,Low,False,,,,
"RF_Clermont County, OH_2227",1733 Main Ave,False,0.06213940222962287,Low,False,,,,
"RF_Clermont County, OH_4375",6749 Maple Rd,False,0.06213326621304981,Low,True,2024-09-23 23:57:41.150727,33.0,795656.0,415189.0
"RF_Clermont County, OH_3610",2800 Maple Blvd,False,0.06212829892032253,Low,True,2025-03-13 23:57:41.150727,66.0,264810.0,323517.0
"RF_Clermont County, OH_3593",4943 Pine St,False,0.06212797808574757,Low,False,,,,
"RF_Clermont County, OH_1205",2371 Maple Rd,False,0.06212102029795265,Low,False,,,,
"RF_Clermont County, OH_0880",4177 Maple Ave,False,0.06208800928460915,Low,False,,,,
"RF_Clermont County, OH_2845",1942 Pine St,False,0.06207234568318099,Low,True,2024-12-05 23:57:41.150727,44.0,697590.0,674866.0
"RF_Clermont County, OH_4312",5549 Maple Blvd,False,0.062067531675075394,Low,False,,,,
"RF_Clermont County, OH_0904",8974 Pine St,False,0.062038384800772776,Low,False,,,,
"RF_Clermont County, OH_0346",3277 Maple Ave,False,0.062012160934408825,Low,True,2024-12-10 23:57:41.150727,91.0,539197.0,436714.0
"RF_Clermont County, OH_2092",2907 Main Rd,False,0.06201051556353078,Low,False,,,,
"RF_Clermont County, OH_4364",5988 Cedar Blvd,False,0.06199436910871995,Low,False,,,,
"RF_Clermont County, OH_2608",2763 Oak St,False,0.06199356638180928,Low,False,,,,
"RF_Clermont County, OH_3440",714 Pine Blvd,False,0.06199206578739801,Low,False,,,,
"RF_Clermont County, OH_1269",3907 Main St,False,0.061965768473423145,Low,False,,,,
"RF_Clermont County, OH_0927",8458 Main Rd,False,0.06192633538571869,Low,False,,,,
"RF_Clermont County, OH_4865",7866 Maple Blvd,False,0.06191413052989532,Low,False,,,,
"RF_Clermont County, OH_2036",5011 Cedar St,False,0.0618947748616252,Low,False,,,,
"RF_Clermont County, OH_4425",1896 Pine Rd,False,0.06186293009844481,Low,False,,,,
"RF_Clermont County, OH_2705",9863 Oak Rd,False,0.06185947572597024,Low,False,,,,
"RF_Clermont County, OH_2116",2068 Maple Ave,False,0.06180582261732157,Low,True,2025-04-21 23:57:41.150727,88.0,564227.0,421453.0
"RF_Clermont County, OH_4166",4368 Main St,False,0.06179504531689904,Low,False,,,,
"RF_Clermont County, OH_2708",5679 Pine Ave,False,0.06178396310364185,Low,False,,,,
"RF_Clermont County, OH_2670",3739 Maple Ave,False,0.061772085645571094,Low,False,,,,
"RF_Clermont County, OH_3112",1096 Pine St,False,0.061771598943999376,Low,False,,,,
"RF_Clermont County, OH_1276",7211 Oak Rd,False,0.06177032315226922,Low,False,,,,
"RF_Clermont County, OH_2644",6156 Main Ave,False,0.06176997020099459,Low,False,,,,
"RF_Clermont County, OH_3080",9660 Maple Rd,False,0.06174902236972852,Low,False,,,,
"RF_Clermont County, OH_1831",2698 Maple Rd,False,0.06172690416983172,Low,False,,,,
"RF_Clermont County, OH_2801",4751 Main Blvd,False,0.061710821283244253,Low,False,,,,
"RF_Clermont County, OH_4043",2795 Cedar Rd,False,0.0616785358571981,Low,False,,,,
"RF_Clermont County, OH_3621",1455 Main Blvd,False,0.06166169672905231,Low,False,,,,
"RF_Clermont County, OH_1131",886 Main Ave,False,0.06161053157642349,Low,True,2025-01-23 23:57:41.150727,66.0,377659.0,269308.0
"RF_Clermont County, OH_1478",2283 Pine Rd,False,0.06159192311528406,Low,False,,,,
"RF_Clermont County, OH_1030",2170 Main St,False,0.06157909808720203,Low,False,,,,
"RF_Clermont County, OH_4758",8763 Maple Ave,False,0.0615640797922981,Low,False,,,,
"RF_Clermont County, OH_2752",6517 Maple Blvd,False,0.06156273808410125,Low,False,,,,
"RF_Clermont County, OH_1069",2712 Cedar Rd,False,0.06153525772840364,Low,False,,,,
"RF_Clermont County, OH_2834",7018 Main Ave,False,0.06152027175956446,Low,True,2025-03-17 23:57:41.150727,125.0,370095.0,772245.0
"RF_Clermont County, OH_2562",4345 Oak Ave,False,0.0615179473552053,Low,False,,,,
"RF_Clermont County, OH_2679",4768 Maple Ave,False,0.061482186251198626,Low,False,,,,
"RF_Clermont County, OH_2904",4889 Oak St,False,0.06148078958271149,Low,False,,,,
"RF_Clermont County, OH_0286",7330 Pine St,False,0.061478864714811635,Low,False,,,,
"RF_Clermont County, OH_3680",3563 Pine Ave,False,0.06144177423872962,Low,False,,,,
"RF_Clermont County, OH_2473",5417 Oak Ave,False,0.06143989043489889,Low,False,,,,
"RF_Clermont County, OH_2258",4319 Main St,False,0.06143054329984427,Low,False,,,,
"RF_Clermont County, OH_4557",5337 Pine Rd,False,0.06142475208753106,Low,False,,,,
"RF_Clermont County, OH_3396",3924 Pine Rd,False,0.06139939838492291,Low,False,,,,
"RF_Clermont County, OH_2194",1486 Main St,False,0.06139156492025875,Low,True,2024-10-06 23:57:41.150727,70.0,458436.0,400601.0
"RF_Clermont County, OH_2296",6625 Cedar St,False,0.06136834933534228,Low,False,,,,
"RF_Clermont County, OH_4939",5882 Pine St,False,0.06136522891533661,Low,False,,,,
"RF_Clermont County, OH_0666",4773 Cedar Rd,False,0.06135705954432919,Low,False,,,,
"RF_Clermont County, OH_2274",7677 Main St,False,0.06133223038981411,Low,False,,,,
"RF_Clermont County, OH_4784",8915 Main St,False,0.06131207834808126,Low,False,,,,
"RF_Clermont County, OH_4282",4030 Maple Rd,False,0.06128657713989641,Low,False,,,,
"RF_Clermont County, OH_0163",833 Maple Blvd,False,0.06127901491238194,Low,False,,,,
"RF_Clermont County, OH_1642",999 Pine Blvd,False,0.06124513391641746,Low,False,,,,
"RF_Clermont County, OH_0830",885 Cedar Blvd,False,0.06123634209561913,Low,False,,,,
"RF_Clermont County, OH_0999",6342 Pine Ave,False,0.06122523595211993,Low,False,,,,
"RF_Clermont County, OH_1394",4039 Main Rd,False,0.06120109860886289,Low,True,2025-05-16 23:57:41.150727,128.0,152834.0,569721.0
"RF_Clermont County, OH_3691",1647 Oak Blvd,False,0.06118598386526047,Low,False,,,,
"RF_Clermont County, OH_4789",1156 Maple Ave,False,0.06118504316141601,Low,False,,,,
"RF_Clermont County, OH_4107",248 Pine St,False,0.06115629961858709,Low,False,,,,
"RF_Clermont County, OH_1496",4528 Main Rd,False,0.061109903861113625,Low,False,,,,
"RF_Clermont County, OH_2624",7847 Oak Ave,False,0.06110799904972487,Low,False,,,,
"RF_Clermont County, OH_1311",3077 Maple St,False,0.061104397870101676,Low,False,,,,
"RF_Clermont County, OH_2253",8632 Maple St,False,0.06109853126505106,Low,False,,,,
"RF_Clermont County, OH_4067",5069 Cedar Rd,False,0.06106320396407317,Low,False,,,,
"RF_Clermont County, OH_1559",7304 Main Blvd,False,0.061045800131152614,Low,False,,,,
"RF_Clermont County, OH_3738",8146 Cedar Ave,False,0.0610274775308715,Low,True,2024-12-12 23:57:41.150727,163.0,519071.0,400048.0
"RF_Clermont County, OH_4283",9152 Cedar Rd,False,0.06102466253691998,Low,False,,,,
"RF_Clermont County, OH_0042",312 Main Blvd,False,0.06101738255995709,Low,False,,,,
"RF_Clermont County, OH_3131",7745 Maple Ave,False,0.06096092570658866,Low,False,,,,
"RF_Clermont County, OH_2707",714 Maple St,False,0.06095746642350942,Low,False,,,,
"RF_Clermont County, OH_2653",223 Pine St,False,0.06093036363321802,Low,False,,,,
"RF_Clermont County, OH_4203",175 Cedar St,False,0.06092844913990263,Low,False,,,,
"RF_Clermont County, OH_3805",3509 Pine Blvd,False,0.0609032929818594,Low,False,,,,
"RF_Clermont County, OH_2093",9837 Pine Ave,False,0.060896643896519054,Low,False,,,,
"RF_Clermont County, OH_3702",4279 Cedar Blvd,False,0.0608921541959122,Low,True,2025-06-20 23:57:41.150727,18.0,600895.0,778183.0
"RF_Clermont County, OH_1697",6796 Pine Rd,False,0.06089112135323231,Low,True,2025-03-26 23:57:41.150727,15.0,153782.0,468592.0
"RF_Clermont County, OH_1194",3111 Main Rd,False,0.06084516946866756,Low,False,,,,
"RF_Clermont County, OH_1838",9864 Oak Ave,False,0.06083395978418779,Low,False,,,,
"RF_Clermont County, OH_0738",4233 Pine St,False,0.06081628683028206,Low,False,,,,
"RF_Clermont County, OH_2492",9567 Pine St,False,0.060813869525073366,Low,False,,,,
"RF_Clermont County, OH_2250",5441 Maple St,False,0.06080995599832636,Low,False,,,,
"RF_Clermont County, OH_1947",2373 Main Ave,False,0.06079474577401803,Low,False,,,,
"RF_Clermont County, OH_1256",6519 Pine St,False,0.060794148188314856,Low,True,2024-12-25 23:57:41.150727,157.0,541004.0,443977.0
"RF_Clermont County, OH_2863",4138 Cedar Rd,False,0.060771882695463394,Low,False,,,,
"RF_Clermont County, OH_4154",7287 Maple St,False,0.0607682297043024,Low,False,,,,
"RF_Clermont County, OH_0297",8394 Cedar Rd,False,0.06073004859471557,Low,True,2024-12-18 23:57:41.150727,154.0,528171.0,612688.0
"RF_Clermont County, OH_0658",4056 Main Blvd,False,0.06071937404065535,Low,False,,,,
"RF_Clermont County, OH_3432",5151 Maple Rd,False,0.06071804856947333,Low,False,,,,
"RF_Clermont County, OH_0403",6306 Cedar St,False,0.06070260332984764,Low,False,,,,
"RF_Clermont County, OH_3205",6028 Maple St,False,0.060697802599965295,Low,False,,,,
"RF_Clermont County, OH_4835",7011 Oak St,False,0.06066399850045837,Low,False,,,,
"RF_Clermont County, OH_1759",1553 Main St,False,0.060663487852990625,Low,False,,,,
"RF_Clermont County, OH_2334",4352 Cedar St,False,0.06062955882269103,Low,False,,,,
"RF_Clermont County, OH_2851",3138 Pine St,False,0.060566662786841065,Low,False,,,,
"RF_Clermont County, OH_1631",3393 Main St,False,0.06054092423631276,Low,False,,,,
"RF_Clermont County, OH_4742",5643 Cedar St,False,0.06052064031012747,Low,False,,,,
"RF_Clermont County, OH_1635",9433 Main St,False,0.06051025128850454,Low,False,,,,
"RF_Clermont County, OH_1718",3843 Maple Rd,False,0.06049742048285786,Low,False,,,,
"RF_Clermont County, OH_1825",7432 Maple St,False,0.06047753935086004,Low,True,2024-12-08 23:57:41.150727,97.0,163885.0,396591.0
"RF_Clermont County, OH_3479",6835 Maple St,False,0.06046484335058756,Low,False,,,,
"RF_Clermont County, OH_3471",3792 Oak St,False,0.06045007819287758,Low,False,,,,
"RF_Clermont County, OH_0656",1102 Main Blvd,False,0.060412735352468,Low,False,,,,
"RF_Clermont County, OH_4031",4753 Main Blvd,False,0.0604071774748135,Low,False,,,,
"RF_Clermont County, OH_3662",6558 Maple St,False,0.060400473784091045,Low,True,2025-06-07 23:57:41.150727,151.0,693500.0,740358.0
"RF_Clermont County, OH_2480",6323 Main Ave,False,0.06039669578258239,Low,False,,,,
"RF_Clermont County, OH_1035",2890 Maple St,False,0.06036229122405017,Low,False,,,,
"RF_Clermont County, OH_4617",2402 Oak St,False,0.06031274908686726,Low,False,,,,
"RF_Clermont County, OH_4146",8383 Maple Blvd,False,0.06028893540805675,Low,False,,,,
"RF_Clermont County, OH_3120",7902 Main Blvd,False,0.06028848383631584,Low,False,,,,
"RF_Clermont County, OH_2368",4852 Pine Blvd,False,0.0602526358850049,Low,True,2025-03-15 23:57:41.150727,16.0,476555.0,673433.0
"RF_Clermont County, OH_2946",8565 Main Blvd,False,0.06025076610661569,Low,False,,,,
"RF_Clermont County, OH_2709",2949 Oak Ave,False,0.06023739652796731,Low,False,,,,
"RF_Clermont County, OH_1936",2762 Cedar St,False,0.06023311967146362,Low,False,,,,
"RF_Clermont County, OH_0102",1111 Pine Blvd,False,0.060154153313783924,Low,False,,,,
"RF_Clermont County, OH_3196",9213 Maple Blvd,False,0.06009865448458905,Low,False,,,,
"RF_Clermont County, OH_2198",9937 Pine Ave,False,0.06008417175275324,Low,False,,,,
"RF_Clermont County, OH_4462",4631 Oak Rd,False,0.0600729935366358,Low,False,,,,
"RF_Clermont County, OH_2111",3531 Cedar Blvd,False,0.06006294633578874,Low,False,,,,
"RF_Clermont County, OH_0142",5567 Pine St,False,0.06001239319479934,Low,False,,,,
"RF_Clermont County, OH_0731",9402 Main Blvd,False,0.05998419233163007,Low,False,,,,
"RF_Clermont County, OH_4596",7415 Oak St,False,0.05996245517121041,Low,False,,,,
"RF_Clermont County, OH_3909",2619 Main Blvd,False,0.05994993279903094,Low,True,2024-09-09 23:57:41.150727,156.0,171651.0,411528.0
"RF_Clermont County, OH_4134",6146 Main Rd,False,0.05994382119374761,Low,False,,,,
"RF_Clermont County, OH_3516",1340 Cedar Rd,False,0.05987994375376109,Low,False,,,,
"RF_Clermont County, OH_3322",6072 Main Rd,False,0.0598474373481532,Low,True,2025-04-14 23:57:41.150727,112.0,215981.0,249654.0
"RF_Clermont County, OH_3683",2439 Oak St,False,0.05983815217644186,Low,False,,,,
"RF_Clermont County, OH_3784",824 Main Ave,False,0.05979318814402491,Low,False,,,,
"RF_Clermont County, OH_3066",2137 Pine Ave,False,0.05979147018006199,Low,False,,,,
"RF_Clermont County, OH_1222",6928 Maple St,False,0.05975150230422595,Low,False,,,,
"RF_Clermont County, OH_4171",6154 Cedar Ave,False,0.05973497199098627,Low,False,,,,
"RF_Clermont County, OH_0876",2122 Cedar St,False,0.05972350229807769,Low,False,,,,
"RF_Clermont County, OH_3098",1576 Cedar Rd,False,0.05967929746662175,Low,False,,,,
"RF_Clermont County, OH_1800",6276 Cedar Blvd,False,0.059675629502735666,Low,False,,,,
"RF_Clermont County, OH_4933",1109 Pine Blvd,False,0.05967367492703459,Low,False,,,,
"RF_Clermont County, OH_2560",3328 Main Blvd,False,0.059673327220493434,Low,False,,,,
"RF_Clermont County, OH_1164",300 Maple Blvd,False,0.05965127185751557,Low,False,,,,
"RF_Clermont County, OH_2063",3164 Cedar Rd,False,0.05964407089798249,Low,False,,,,
"RF_Clermont County, OH_2907",3544 Oak Rd,False,0.059562264794499366,Low,False,,,,
"RF_Clermont County, OH_3042",4286 Oak Blvd,False,0.059522789069829975,Low,False,,,,
"RF_Clermont County, OH_4703",9381 Cedar Blvd,False,0.059520046049095214,Low,False,,,,
"RF_Clermont County, OH_4210",5355 Oak Rd,False,0.05948241129199984,Low,False,,,,
"RF_Clermont County, OH_2074",9787 Oak Rd,False,0.05945784766859825,Low,False,,,,
"RF_Clermont County, OH_3839",9612 Cedar Ave,False,0.059419742231544614,Low,False,,,,
"RF_Clermont County, OH_3005",3698 Oak Blvd,False,0.05937656852248021,Low,False,,,,
"RF_Clermont County, OH_1335",2838 Main Blvd,False,0.0593704980764043,Low,True,2025-06-02 23:57:41.150727,147.0,747977.0,591604.0
"RF_Clermont County, OH_3833",7446 Maple Rd,False,0.059361640329027125,Low,True,2025-04-03 23:57:41.150727,36.0,659831.0,252581.0
"RF_Clermont County, OH_2774",992 Oak Rd,False,0.05935604769007271,Low,False,,,,
"RF_Clermont County, OH_1298",4067 Oak Ave,False,0.05927439172268983,Low,False,,,,
"RF_Clermont County, OH_3581",6850 Maple Rd,False,0.05924985615853572,Low,False,,,,
"RF_Clermont County, OH_0861",3704 Cedar St,False,0.059206950620721156,Low,False,,,,
"RF_Clermont County, OH_2006",6449 Oak Rd,False,0.059164323586647465,Low,False,,,,
"RF_Clermont County, OH_1828",2602 Maple Blvd,False,0.05913888464960924,Low,True,2024-12-22 23:57:41.150727,74.0,258260.0,375805.0
"RF_Clermont County, OH_2586",7943 Pine Blvd,False,0.05910861183083336,Low,False,,,,
"RF_Clermont County, OH_3496",7305 Maple Blvd,False,0.059096097913171754,Low,False,,,,
"RF_Clermont County, OH_3579",3262 Maple Rd,False,0.05899762330365789,Low,False,,,,
"RF_Clermont County, OH_4725",4998 Maple Ave,False,0.058977676966059885,Low,True,2024-10-15 23:57:41.150727,154.0,228775.0,771188.0
"RF_Clermont County, OH_3607",4532 Oak St,False,0.05895563295167743,Low,False,,,,
"RF_Clermont County, OH_1016",3086 Pine St,False,0.05893605683403322,Low,False,,,,
"RF_Clermont County, OH_3434",6689 Maple Blvd,False,0.05892678329259854,Low,False,,,,
"RF_Clermont County, OH_3317",6715 Pine Blvd,False,0.058894396652608774,Low,False,,,,
"RF_Clermont County, OH_1939",4494 Pine Rd,False,0.05888465848299178,Low,False,,,,
"RF_Clermont County, OH_0700",1437 Oak St,False,0.05885776082951161,Low,False,,,,
"RF_Clermont County, OH_3527",1059 Cedar St,False,0.0588540821036478,Low,False,,,,
"RF_Clermont County, OH_1989",5633 Cedar St,False,0.058847340767621346,Low,False,,,,
"RF_Clermont County, OH_4898",2753 Pine Blvd,False,0.058843145830230446,Low,False,,,,
"RF_Clermont County, OH_0477",4264 Main Rd,False,0.05883350733696002,Low,False,,,,
"RF_Clermont County, OH_4443",6662 Oak Ave,False,0.05880976292694776,Low,False,,,,
"RF_Clermont County, OH_3203",6864 Main Rd,False,0.05880719936449267,Low,False,,,,
"RF_Clermont County, OH_2972",2168 Main Rd,False,0.05878098762283574,Low,False,,,,
"RF_Clermont County, OH_4907",9466 Cedar Ave,False,0.05877578324962218,Low,False,,,,
"RF_Clermont County, OH_4537",2925 Main Blvd,False,0.058754985909285046,Low,False,,,,
"RF_Clermont County, OH_2633",2687 Oak Ave,False,0.05872654305417656,Low,False,,,,
"RF_Clermont County, OH_1891",6956 Cedar Rd,False,0.05870950775659164,Low,False,,,,
"RF_Clermont County, OH_2031",8012 Oak St,False,0.05870560634788512,Low,True,2024-10-31 23:57:41.150727,135.0,317899.0,700227.0
"RF_Clermont County, OH_2950",2707 Pine Blvd,False,0.05868251604434977,Low,True,2025-04-21 23:57:41.150727,39.0,470835.0,205808.0
"RF_Clermont County, OH_3763",111 Cedar Rd,False,0.058671622882250384,Low,False,,,,
"RF_Clermont County, OH_0914",3717 Pine Ave,False,0.05866930369800653,Low,False,,,,
"RF_Clermont County, OH_0337",9133 Cedar Blvd,False,0.05863301991556677,Low,False,,,,
"RF_Clermont County, OH_4497",3387 Pine Rd,False,0.05862924190783766,Low,False,,,,
"RF_Clermont County, OH_1651",3437 Cedar Blvd,False,0.058604640957520486,Low,False,,,,
"RF_Clermont County, OH_3809",1205 Oak Ave,False,0.05859110254541222,Low,False,,,,
"RF_Clermont County, OH_0351",7466 Oak Ave,False,0.05857141850796458,Low,True,2024-10-03 23:57:41.150727,40.0,722694.0,809659.0
"RF_Clermont County, OH_4666",1608 Cedar Blvd,False,0.05853134624909562,Low,True,2024-10-02 23:57:41.150727,129.0,516823.0,784320.0
"RF_Clermont County, OH_3180",7758 Cedar St,False,0.05852907807024616,Low,False,,,,
"RF_Clermont County, OH_3522",9667 Cedar Rd,False,0.05850944650288679,Low,False,,,,
"RF_Clermont County, OH_1585",9175 Maple Ave,False,0.05841284211397594,Low,False,,,,
"RF_Clermont County, OH_4029",6620 Pine Blvd,False,0.05841069741329028,Low,False,,,,
"RF_Clermont County, OH_3852",7041 Maple Rd,False,0.058399681435323855,Low,False,,,,
"RF_Clermont County, OH_2493",5696 Maple Blvd,False,0.05839321978689001,Low,False,,,,
"RF_Clermont County, OH_2804",2530 Pine Ave,False,0.0583903652494029,Low,False,,,,
"RF_Clermont County, OH_2144",187 Cedar Rd,False,0.058382211301560016,Low,False,,,,
"RF_Clermont County, OH_0693",5461 Oak Rd,False,0.05832471145023633,Low,False,,,,
"RF_Clermont County, OH_1912",2358 Pine Blvd,False,0.058277030405936535,Low,False,,,,
"RF_Clermont County, OH_1291",7384 Oak Blvd,False,0.058267813414966084,Low,True,2024-07-29 23:57:41.150727,84.0,535642.0,145938.0
"RF_Clermont County, OH_2192",3709 Maple Rd,False,0.05826411642305043,Low,False,,,,
"RF_Clermont County, OH_1670",6865 Main Ave,False,0.05819539427445938,Low,False,,,,
"RF_Clermont County, OH_1049",7963 Oak Rd,False,0.05819537290843004,Low,False,,,,
"RF_Clermont County, OH_4352",1944 Main Ave,False,0.0581931785765009,Low,False,,,,
"RF_Clermont County, OH_4264",2510 Oak Ave,False,0.05817781392151633,Low,False,,,,
"RF_Clermont County, OH_0406",2017 Maple Rd,False,0.05816462842355143,Low,False,,,,
"RF_Clermont County, OH_3272",5646 Main St,False,0.058148575443310785,Low,False,,,,
"RF_Clermont County, OH_1535",6585 Oak Ave,False,0.058134274686037574,Low,False,,,,
"RF_Clermont County, OH_2388",7431 Cedar Blvd,False,0.05810418088521663,Low,False,,,,
"RF_Clermont County, OH_0486",7425 Main St,False,0.05806182324716851,Low,False,,,,
"RF_Clermont County, OH_3789",4128 Oak Blvd,False,0.05800950278987328,Low,False,,,,
"RF_Clermont County, OH_0837",1900 Cedar Rd,False,0.057986874347453386,Low,False,,,,
"RF_Clermont County, OH_2383",8164 Cedar St,False,0.05796045625042683,Low,True,2024-11-11 23:57:41.150727,48.0,643331.0,358405.0
"RF_Clermont County, OH_1685",347 Oak St,False,0.05794553413431332,Low,False,,,,
"RF_Clermont County, OH_2676",512 Maple Ave,False,0.057932352628332254,Low,False,,,,
"RF_Clermont County, OH_0194",225 Oak Blvd,False,0.05786849928041814,Low,False,,,,
"RF_Clermont County, OH_2767",6809 Pine Ave,False,0.05785667861901556,Low,False,,,,
"RF_Clermont County, OH_0798",2426 Oak St,False,0.05784589390142467,Low,False,,,,
"RF_Clermont County, OH_1168",3795 Main Rd,False,0.057844264039644065,Low,False,,,,
"RF_Clermont County, OH_3908",6779 Pine Blvd,False,0.05779831723228386,Low,False,,,,
"RF_Clermont County, OH_4603",360 Cedar St,False,0.05775704692606859,Low,False,,,,
"RF_Clermont County, OH_3883",9777 Cedar Blvd,False,0.057699643270263445,Low,False,,,,
"RF_Clermont County, OH_0126",3871 Oak Blvd,False,0.057682967139577816,Low,False,,,,
"RF_Clermont County, OH_0916",4191 Cedar Rd,False,0.05767210624379141,Low,False,,,,
"RF_Clermont County, OH_1861",8514 Main Rd,False,0.05765527161135836,Low,False,,,,
"RF_Clermont County, OH_3104",3680 Maple Blvd,False,0.05763162977550011,Low,True,2025-01-27 23:57:41.150727,34.0,474437.0,662219.0
"RF_Clermont County, OH_3806",3741 Oak Ave,False,0.05763040463194786,Low,True,2025-07-03 23:57:41.150727,123.0,505946.0,472051.0
"RF_Clermont County, OH_4922",9406 Cedar St,False,0.05761585117451405,Low,False,,,,
"RF_Clermont County, OH_1790",3535 Oak Ave,False,0.057606891936026555,Low,False,,,,
"RF_Clermont County, OH_4962",5337 Maple St,False,0.05759308743310935,Low,False,,,,
"RF_Clermont County, OH_1293",2031 Cedar Blvd,False,0.057530692256367234,Low,False,,,,
"RF_Clermont County, OH_2357",7396 Main Ave,False,0.057470855611169096,Low,False,,,,
"RF_Clermont County, OH_3212",2345 Maple Rd,False,0.05738883485966506,Low,False,,,,
"RF_Clermont County, OH_3583",1957 Main Ave,False,0.05737124209321027,Low,False,,,,
"RF_Clermont County, OH_0264",6595 Cedar Ave,False,0.05726414558925204,Low,False,,,,
"RF_Clermont County, OH_4928",5476 Cedar St,False,0.057256664169400735,Low,True,2025-06-11 23:57:41.150727,76.0,791312.0,223664.0
"RF_Clermont County, OH_0905",9717 Cedar Ave,False,0.057248395516864094,Low,False,,,,
"RF_Clermont County, OH_1379",1714 Pine St,False,0.05718672708551126,Low,True,2024-08-08 23:57:41.150727,71.0,746856.0,648620.0
"RF_Clermont County, OH_1727",6402 Maple Rd,False,0.05718531422229031,Low,False,,,,
"RF_Clermont County, OH_3736",6926 Cedar Ave,False,0.05717965439342536,Low,False,,,,
"RF_Clermont County, OH_2964",9867 Main St,False,0.05717467199203753,Low,False,,,,
"RF_Clermont County, OH_4885",8446 Oak Ave,False,0.05714419136915556,Low,False,,,,
"RF_Clermont County, OH_1342",158 Maple St,False,0.0571315546222995,Low,True,2025-01-06 23:57:41.150727,166.0,691392.0,584481.0
"RF_Clermont County, OH_2777",4815 Main Ave,False,0.05712663685045609,Low,True,2024-12-20 23:57:41.150727,98.0,432167.0,561480.0
"RF_Clermont County, OH_0562",3135 Maple Rd,False,0.05712149864599976,Low,False,,,,
"RF_Clermont County, OH_4482",8472 Oak St,False,0.057089605240505686,Low,False,,,,
"RF_Clermont County, OH_2118",2700 Maple St,False,0.05708865696174284,Low,False,,,,
"RF_Clermont County, OH_2259",1944 Maple Ave,False,0.057069764534712415,Low,False,,,,
"RF_Clermont County, OH_0892",2128 Cedar Ave,False,0.05706028333782522,Low,False,,,,
"RF_Clermont County, OH_0077",758 Maple St,False,0.05704400709153271,Low,False,,,,
"RF_Clermont County, OH_1739",9677 Main St,False,0.05704257307978868,Low,False,,,,
"RF_Clermont County, OH_3930",7089 Main Ave,False,0.05699724717499216,Low,False,,,,
"RF_Clermont County, OH_4561",9415 Maple Rd,False,0.05699608790750781,Low,True,2025-02-26 23:57:41.150727,153.0,297357.0,637025.0
"RF_Clermont County, OH_3449",8732 Maple Ave,False,0.05698223306837856,Low,False,,,,
"RF_Clermont County, OH_3262",3737 Cedar Blvd,False,0.0568582407914406,Low,False,,,,
"RF_Clermont County, OH_2299",4786 Maple St,False,0.05684206289244766,Low,False,,,,
"RF_Clermont County, OH_4384",5898 Main Blvd,False,0.056825589588051104,Low,False,,,,
"RF_Clermont County, OH_1441",2353 Pine Rd,False,0.05678194348302828,Low,False,,,,
"RF_Clermont County, OH_2568",5991 Main Blvd,False,0.05669671242863005,Low,False,,,,
"RF_Clermont County, OH_4507",9694 Pine Blvd,False,0.05667604153703537,Low,False,,,,
"RF_Clermont County, OH_4554",6590 Maple Rd,False,0.056671168022155424,Low,False,,,,
"RF_Clermont County, OH_4737",7119 Main Rd,False,0.05664870223029545,Low,True,2025-03-17 23:57:41.150727,57.0,286382.0,703709.0
"RF_Clermont County, OH_0484",2858 Main Rd,False,0.05664513270022949,Low,False,,,,
"RF_Clermont County, OH_2821",5615 Maple St,False,0.056640648374295215,Low,False,,,,
"RF_Clermont County, OH_3034",964 Cedar Rd,False,0.05662539346549781,Low,False,,,,
"RF_Clermont County, OH_0909",4744 Cedar Ave,False,0.056552105428283386,Low,False,,,,
"RF_Clermont County, OH_4871",6382 Maple St,False,0.056541565366244786,Low,False,,,,
"RF_Clermont County, OH_1859",1334 Maple St,False,0.056529986464334055,Low,False,,,,
"RF_Clermont County, OH_3068",6670 Oak Blvd,False,0.0565023754953581,Low,False,,,,
"RF_Clermont County, OH_1849",3509 Oak St,False,0.05649712399000584,Low,False,,,,
"RF_Clermont County, OH_0668",2538 Cedar Rd,False,0.05646851669024935,Low,False,,,,
"RF_Clermont County, OH_1608",5960 Cedar Blvd,False,0.056455540728546444,Low,True,2025-06-21 23:57:41.150727,74.0,350403.0,616199.0
"RF_Clermont County, OH_1488",3925 Oak Rd,False,0.056449203894541986,Low,False,,,,
"RF_Clermont County, OH_3412",1414 Oak St,False,0.05644331022582154,Low,False,,,,
"RF_Clermont County, OH_2384",6263 Maple Blvd,False,0.056421893918888466,Low,False,,,,
"RF_Clermont County, OH_4137",3704 Cedar Blvd,False,0.05640652379274998,Low,False,,,,
"RF_Clermont County, OH_4198",9313 Cedar Rd,False,0.05640103109047576,Low,False,,,,
"RF_Clermont County, OH_1410",1581 Main Blvd,False,0.05639347835511847,Low,False,,,,
"RF_Clermont County, OH_3495",8071 Cedar Ave,False,0.056372820350101244,Low,False,,,,
"RF_Clermont County, OH_1639",3055 Maple St,False,0.056360643478872194,Low,False,,,,
"RF_Clermont County, OH_2839",7135 Pine St,False,0.05634902593671996,Low,False,,,,
"RF_Clermont County, OH_2691",7099 Cedar Blvd,False,0.05634853006361255,Low,False,,,,
"RF_Clermont County, OH_4515",9178 Oak Ave,False,0.05633007628199169,Low,False,,,,
"RF_Clermont County, OH_3854",8586 Pine St,False,0.05631241396318677,Low,False,,,,
"RF_Clermont County, OH_2761",6421 Cedar Rd,False,0.0563088797964658,Low,False,,,,
"RF_Clermont County, OH_4625",8510 Main Blvd,False,0.056296971651696774,Low,False,,,,
"RF_Clermont County, OH_0189",1098 Maple Ave,False,0.056267474433862354,Low,False,,,,
"RF_Clermont County, OH_0575",6918 Pine Blvd,False,0.056266427945376715,Low,False,,,,
"RF_Clermont County, OH_4947",3142 Cedar St,False,0.056227480574614595,Low,False,,,,
"RF_Clermont County, OH_1980",5137 Cedar Blvd,False,0.05616056075045913,Low,False,,,,
"RF_Clermont County, OH_2108",2168 Maple St,False,0.056124508146159095,Low,False,,,,
"RF_Clermont County, OH_4822",5026 Cedar St,False,0.05611104915504958,Low,False,,,,
"RF_Clermont County, OH_1137",2740 Cedar St,False,0.05610890629637809,Low,False,,,,
"RF_Clermont County, OH_2579",1145 Pine Rd,False,0.05609424832292439,Low,False,,,,
"RF_Clermont County, OH_0890",9225 Main St,False,0.056065810992800044,Low,False,,,,
"RF_Clermont County, OH_3860",2245 Pine Rd,False,0.05605131583811273,Low,False,,,,
"RF_Clermont County, OH_2775",6704 Pine Rd,False,0.0560446516540701,Low,True,2025-07-17 23:57:41.150727,172.0,526596.0,717563.0
"RF_Clermont County, OH_0105",6935 Main Ave,False,0.05597196418190995,Low,False,,,,
"RF_Clermont County, OH_3696",6229 Oak St,False,0.05597175589501832,Low,False,,,,
"RF_Clermont County, OH_1776",6252 Cedar Rd,False,0.055884000965934634,Low,False,,,,
"RF_Clermont County, OH_1616",579 Oak Blvd,False,0.05587034299729415,Low,False,,,,
"RF_Clermont County, OH_2514",7130 Oak St,False,0.0558363434674705,Low,False,,,,
"RF_Clermont County, OH_2979",6608 Pine St,False,0.0558217332311331,Low,False,,,,
"RF_Clermont County, OH_3835",6109 Cedar Ave,False,0.05580271588805386,Low,False,,,,
"RF_Clermont County, OH_4112",9047 Oak St,False,0.055784055975928275,Low,False,,,,
"RF_Clermont County, OH_2426",6243 Oak Ave,False,0.05577995136402223,Low,False,,,,
"RF_Clermont County, OH_4526",4800 Main St,False,0.05574829106542826,Low,False,,,,
"RF_Clermont County, OH_4530",104 Maple St,False,0.055726014600627156,Low,False,,,,
"RF_Clermont County, OH_4650",2962 Main St,False,0.055702488522526225,Low,True,2025-04-21 23:57:41.150727,177.0,701469.0,606501.0
"RF_Clermont County, OH_0826",290 Maple Blvd,False,0.05567836659728758,Low,False,,,,
"RF_Clermont County, OH_4294",239 Cedar Ave,False,0.055678104817419555,Low,False,,,,
"RF_Clermont County, OH_0160",5560 Main St,False,0.055619737533335,Low,False,,,,
"RF_Clermont County, OH_1855",2878 Maple Ave,False,0.05558393618270619,Low,False,,,,
"RF_Clermont County, OH_3237",5830 Maple Ave,False,0.055580004956600385,Low,False,,,,
"RF_Clermont County, OH_0985",8412 Pine Ave,False,0.05557985825819109,Low,False,,,,
"RF_Clermont County, OH_0986",3607 Pine Rd,False,0.055574720230125156,Low,False,,,,
"RF_Clermont County, OH_3687",6179 Main St,False,0.05547999517213309,Low,False,,,,
"RF_Clermont County, OH_2652",2947 Pine Rd,False,0.055469278138511255,Low,False,,,,
"RF_Clermont County, OH_0832",6987 Main Blvd,False,0.05543201607833082,Low,False,,,,
"RF_Clermont County, OH_2722",8753 Cedar Blvd,False,0.05538832701353943,Low,False,,,,
"RF_Clermont County, OH_4243",521 Pine Blvd,False,0.05533500196733309,Low,False,,,,
"RF_Clermont County, OH_2385",110 Oak Blvd,False,0.05530964143186849,Low,False,,,,
"RF_Clermont County, OH_4807",5163 Pine Ave,False,0.0553029071144079,Low,True,2024-08-11 23:57:41.150727,137.0,506699.0,417809.0
"RF_Clermont County, OH_0874",7631 Oak Blvd,False,0.05528723474247762,Low,False,,,,
"RF_Clermont County, OH_0823",4107 Maple St,False,0.05528336712322613,Low,False,,,,
"RF_Clermont County, OH_0528",3513 Pine Blvd,False,0.05515064008953527,Low,False,,,,
"RF_Clermont County, OH_0181",6710 Oak Blvd,False,0.055135741782708005,Low,True,2024-12-27 23:57:41.150727,160.0,165664.0,306376.0
"RF_Clermont County, OH_2003",8278 Maple St,False,0.055104773711529574,Low,False,,,,
"RF_Clermont County, OH_1456",5723 Maple Ave,False,0.055103965919308294,Low,False,,,,
"RF_Clermont County, OH_1564",2973 Maple St,False,0.055087503921071944,Low,True,2024-08-06 23:57:41.150727,144.0,178573.0,688544.0
"RF_Clermont County, OH_0684",6594 Maple Ave,False,0.05507676197702196,Low,False,,,,
"RF_Clermont County, OH_3427",2125 Main Blvd,False,0.055015020425706336,Low,False,,,,
"RF_Clermont County, OH_1006",3387 Cedar St,False,0.054958684986915994,Low,False,,,,
"RF_Clermont County, OH_4847",8896 Pine Blvd,False,0.05494164317986713,Low,False,,,,
"RF_Clermont County, OH_3011",1630 Pine Rd,False,0.05493969364475436,Low,False,,,,
"RF_Clermont County, OH_2458",1710 Cedar St,False,0.05493813088789074,Low,False,,,,
"RF_Clermont County, OH_0540",3704 Pine Rd,False,0.054936791768486044,Low,False,,,,
"RF_Clermont County, OH_0587",2576 Main Rd,False,0.05490710199618761,Low,False,,,,
"RF_Clermont County, OH_3679",7949 Main St,False,0.05486366771486191,Low,False,,,,
"RF_Clermont County, OH_2574",8611 Pine Blvd,False,0.05478499111130454,Low,False,,,,
"RF_Clermont County, OH_2169",6989 Main St,False,0.05475131978921686,Low,False,,,,
"RF_Clermont County, OH_2684",8563 Oak Blvd,False,0.05474901235271939,Low,False,,,,
"RF_Clermont County, OH_2270",3351 Oak St,False,0.05471034817693605,Low,False,,,,
"RF_Clermont County, OH_3091",7262 Oak Rd,False,0.054685396563550856,Low,False,,,,
"RF_Clermont County, OH_4999",580 Cedar Blvd,False,0.05465676388133094,Low,True,2025-04-09 23:57:41.150727,172.0,216309.0,289576.0
"RF_Clermont County, OH_1763",8562 Pine Blvd,False,0.05462411838595142,Low,False,,,,
"RF_Clermont County, OH_3119",104 Pine St,False,0.0545890008580813,Low,False,,,,
"RF_Clermont County, OH_1588",2825 Oak Blvd,False,0.05455708385804955,Low,False,,,,
"RF_Clermont County, OH_0151",8627 Maple Blvd,False,0.05454912388408854,Low,False,,,,
"RF_Clermont County, OH_0283",4890 Main Rd,False,0.05453757891931506,Low,False,,,,
"RF_Clermont County, OH_3767",6357 Oak Ave,False,0.0544529072517365,Low,False,,,,
"RF_Clermont County, OH_3085",6849 Cedar Blvd,False,0.054421624900845365,Low,False,,,,
"RF_Clermont County, OH_1985",3938 Cedar St,False,0.054402090943586036,Low,False,,,,
"RF_Clermont County, OH_4037",5244 Oak Rd,False,0.05438426822613286,Low,False,,,,
"RF_Clermont County, OH_4309",9520 Cedar Ave,False,0.0543749041422507,Low,False,,,,
"RF_Clermont County, OH_1206",5822 Cedar Ave,False,0.0543267481491142,Low,True,2024-12-13 23:57:41.150727,18.0,433464.0,515058.0
"RF_Clermont County, OH_4326",5730 Maple Ave,False,0.05430033914823146,Low,True,2025-04-04 23:57:41.150727,21.0,769699.0,172272.0
"RF_Clermont County, OH_2423",5054 Oak Blvd,False,0.05428754514990413,Low,False,,,,
"RF_Clermont County, OH_4705",6017 Oak Rd,False,0.05426553680090277,Low,False,,,,
"RF_Clermont County, OH_4366",1358 Pine Rd,False,0.0541815477170236,Low,False,,,,
"RF_Clermont County, OH_0815",1557 Oak St,False,0.05417970842747935,Low,True,2025-01-23 23:57:41.150727,138.0,606903.0,439257.0
"RF_Clermont County, OH_4007",9882 Cedar St,False,0.05401920542118121,Low,False,,,,
"RF_Clermont County, OH_0177",6962 Cedar Blvd,False,0.0540043257747355,Low,False,,,,
"RF_Clermont County, OH_3107",5530 Maple Rd,False,0.05399417520660393,Low,False,,,,
"RF_Clermont County, OH_3505",2942 Pine Blvd,False,0.05397787420238078,Low,False,,,,
"RF_Clermont County, OH_2961",6502 Main Blvd,False,0.05395900398505633,Low,False,,,,
"RF_Clermont County, OH_3043",4748 Cedar Rd,False,0.053937821274092655,Low,False,,,,
"RF_Clermont County, OH_3353",2995 Main Rd,False,0.05384067212822965,Low,True,2025-03-25 23:57:41.150727,50.0,309529.0,182073.0
"RF_Clermont County, OH_4744",4920 Oak Ave,False,0.05379897454434229,Low,False,,,,
"RF_Clermont County, OH_4479",7696 Main Blvd,False,0.053797125058499644,Low,False,,,,
"RF_Clermont County, OH_2727",7679 Pine Blvd,False,0.05377149509635699,Low,False,,,,
"RF_Clermont County, OH_0748",5380 Pine Blvd,False,0.05365806728515667,Low,False,,,,
"RF_Clermont County, OH_4579",4076 Main St,False,0.0536429072588583,Low,False,,,,
"RF_Clermont County, OH_0554",4563 Main St,False,0.05360783107992337,Low,False,,,,
"RF_Clermont County, OH_0268",2802 Main Rd,False,0.05349605198685138,Low,False,,,,
"RF_Clermont County, OH_3234",4481 Oak St,False,0.0534906194281515,Low,False,,,,
"RF_Clermont County, OH_3003",6133 Pine Rd,False,0.053487265029022873,Low,False,,,,
"RF_Clermont County, OH_0776",5152 Main Blvd,False,0.053447427868976695,Low,False,,,,
"RF_Clermont County, OH_3391",1990 Cedar Rd,False,0.05339959171745524,Low,False,,,,
"RF_Clermont County, OH_4199",4499 Main St,False,0.05338120285214135,Low,False,,,,
"RF_Clermont County, OH_0446",3274 Oak Rd,False,0.05336568660974308,Low,True,2025-05-02 23:57:41.150727,148.0,723369.0,477134.0
"RF_Clermont County, OH_2236",6990 Pine Blvd,False,0.0533583631078519,Low,False,,,,
"RF_Clermont County, OH_3398",2576 Pine Ave,False,0.053350041059184096,Low,False,,,,
"RF_Clermont County, OH_2582",9152 Pine Ave,False,0.0533207407490108,Low,False,,,,
"RF_Clermont County, OH_1408",5882 Oak Blvd,False,0.053314976423515625,Low,False,,,,
"RF_Clermont County, OH_2476",7502 Main Ave,False,0.053309543319509475,Low,False,,,,
"RF_Clermont County, OH_1667",8386 Main Rd,False,0.05323239898754812,Low,False,,,,
"RF_Clermont County, OH_4872",4107 Maple St,False,0.05319582444155869,Low,False,,,,
"RF_Clermont County, OH_3923",7455 Oak Blvd,False,0.053163879723728595,Low,False,,,,
"RF_Clermont County, OH_2450",4149 Maple Blvd,False,0.053097139142477004,Low,False,,,,
"RF_Clermont County, OH_1093",5349 Pine Ave,False,0.05308767987131891,Low,False,,,,
"RF_Clermont County, OH_4329",2638 Main St,False,0.05302997446472687,Low,False,,,,
"RF_Clermont County, OH_3911",2740 Oak Ave,False,0.053022246568242004,Low,False,,,,
"RF_Clermont County, OH_2220",1618 Main Rd,False,0.05300433483271194,Low,False,,,,
"RF_Clermont County, OH_4532",7161 Pine Ave,False,0.05294133308151386,Low,True,2025-06-09 23:57:41.150727,159.0,286176.0,474809.0
"RF_Clermont County, OH_1907",3672 Cedar Rd,False,0.05294112329914741,Low,False,,,,
"RF_Clermont County, OH_2995",2879 Oak Rd,False,0.05286301280505465,Low,False,,,,
"RF_Clermont County, OH_0281",432 Main Ave,False,0.05280845485521017,Low,False,,,,
"RF_Clermont County, OH_1022",2175 Maple Ave,False,0.052761819247959266,Low,False,,,,
"RF_Clermont County, OH_3264",8226 Main Ave,False,0.052716153303257844,Low,False,,,,
"RF_Clermont County, OH_4773",9004 Maple St,False,0.052686699302842345,Low,False,,,,
"RF_Clermont County, OH_3082",6420 Oak Blvd,False,0.05267234443584671,Low,False,,,,
"RF_Clermont County, OH_2295",9821 Maple Rd,False,0.05257898771874566,Low,False,,,,
"RF_Clermont County, OH_2387",5520 Main Rd,False,0.052577486449569374,Low,True,2024-10-19 23:57:41.150727,24.0,285882.0,196468.0
"RF_Clermont County, OH_2891",9073 Oak St,False,0.0525731262260766,Low,False,,,,
"RF_Clermont County, OH_1574",4619 Cedar Blvd,False,0.05246807404705457,Low,False,,,,
"RF_Clermont County, OH_4489",1530 Maple Rd,False,0.05246150378207454,Low,False,,,,
"RF_Clermont County, OH_3015",1810 Cedar Blvd,False,0.052423931071104136,Low,False,,,,
"RF_Clermont County, OH_1473",6194 Pine Rd,False,0.05240455609239406,Low,False,,,,
"RF_Clermont County, OH_3018",1620 Pine Ave,False,0.052399422663703864,Low,False,,,,
"RF_Clermont County, OH_4256",3639 Maple St,False,0.052331049825835904,Low,False,,,,
"RF_Clermont County, OH_1152",2845 Pine Ave,False,0.052293083691987034,Low,False,,,,
"RF_Clermont County, OH_3783",3626 Oak Blvd,False,0.05228349198803064,Low,False,,,,
"RF_Clermont County, OH_3872",461 Maple Blvd,False,0.05226657209171176,Low,True,2025-05-10 23:57:41.150727,71.0,575856.0,576590.0
"RF_Clermont County, OH_0951",1252 Maple Rd,False,0.052254759496428396,Low,False,,,,
"RF_Clermont County, OH_3374",3758 Main Rd,False,0.052220477338782836,Low,False,,,,
"RF_Clermont County, OH_0754",5671 Cedar Blvd,False,0.05222017439905118,Low,True,2024-08-03 23:57:41.150727,113.0,281959.0,378546.0
"RF_Clermont County, OH_3884",7972 Cedar Rd,False,0.052214112158366056,Low,False,,,,
"RF_Clermont County, OH_4005",7868 Pine Ave,False,0.05217314269171033,Low,False,,,,
"RF_Clermont County, OH_4400",5910 Cedar St,False,0.05216493620204998,Low,False,,,,
"RF_Clermont County, OH_0255",3822 Maple Ave,False,0.05214952293858564,Low,False,,,,
"RF_Clermont County, OH_3094",5309 Pine Ave,False,0.05213173481984975,Low,False,,,,
"RF_Clermont County, OH_0460",1506 Main Ave,False,0.05200418114212616,Low,False,,,,
"RF_Clermont County, OH_4318",145 Pine Ave,False,0.05200298359289271,Low,False,,,,
"RF_Clermont County, OH_0886",3439 Main Ave,False,0.05195089688491154,Low,False,,,,
"RF_Clermont County, OH_2392",8148 Pine Ave,False,0.05189539513328773,Low,False,,,,
"RF_Clermont County, OH_0692",8534 Maple Rd,False,0.05187029583200441,Low,False,,,,
"RF_Clermont County, OH_0314",9300 Cedar Rd,False,0.05186785856344499,Low,False,,,,
"RF_Clermont County, OH_1848",3465 Oak Rd,False,0.051850843147269746,Low,False,,,,
"RF_Clermont County, OH_0243",5968 Pine Blvd,False,0.0518163083013659,Low,False,,,,
"RF_Clermont County, OH_1348",5777 Cedar Blvd,False,0.05181551093230699,Low,False,,,,
"RF_Clermont County, OH_0167",3269 Main Blvd,False,0.051749971435254366,Low,False,,,,
"RF_Clermont County, OH_3850",648 Cedar Rd,False,0.05168783380799877,Low,False,,,,
"RF_Clermont County, OH_2894",2271 Main St,False,0.05166423184666081,Low,False,,,,
"RF_Clermont County, OH_1839",472 Maple Blvd,False,0.05162066980236254,Low,False,,,,
"RF_Clermont County, OH_0091",2244 Cedar Blvd,False,0.051620051525777394,Low,False,,,,
"RF_Clermont County, OH_2529",9250 Pine Rd,False,0.051611619699055596,Low,False,,,,
"RF_Clermont County, OH_3917",2570 Maple Blvd,False,0.0515776222607577,Low,False,,,,
"RF_Clermont County, OH_2327",3828 Cedar Ave,False,0.051569671726556375,Low,False,,,,
"RF_Clermont County, OH_3251",8828 Cedar Blvd,False,0.05156657268477451,Low,False,,,,
"RF_Clermont County, OH_2802",4722 Pine Blvd,False,0.0515583315605888,Low,False,,,,
"RF_Clermont County, OH_0896",9507 Oak St,False,0.051540540128267504,Low,False,,,,
"RF_Clermont County, OH_0372",9714 Maple Ave,False,0.05145716784667663,Low,False,,,,
"RF_Clermont County, OH_0563",9308 Main St,False,0.051446673046651764,Low,False,,,,
"RF_Clermont County, OH_0661",1537 Cedar St,False,0.051403571340814455,Low,False,,,,
"RF_Clermont County, OH_0149",9263 Main Blvd,False,0.05137774561811484,Low,False,,,,
"RF_Clermont County, OH_3906",6505 Pine Ave,False,0.051376371843243646,Low,False,,,,
"RF_Clermont County, OH_4973",7930 Maple Rd,False,0.05129586423868927,Low,False,,,,
"RF_Clermont County, OH_2090",9838 Maple Blvd,False,0.05128359383046454,Low,False,,,,
"RF_Clermont County, OH_4099",6788 Maple Ave,False,0.05123492670994904,Low,True,2025-06-30 23:57:41.150727,92.0,575619.0,312438.0
"RF_Clermont County, OH_3562",6848 Pine St,False,0.05121462372404432,Low,False,,,,
"RF_Clermont County, OH_1593",3571 Maple Rd,False,0.05115031100135136,Low,False,,,,
"RF_Clermont County, OH_0064",6772 Pine Rd,False,0.051039788078009574,Low,False,,,,
"RF_Clermont County, OH_4801",2669 Cedar Blvd,False,0.0510371198256309,Low,False,,,,
"RF_Clermont County, OH_1323",246 Maple Rd,False,0.05098958133616328,Low,False,,,,
"RF_Clermont County, OH_0155",3040 Main Rd,False,0.05094031725585257,Low,False,,,,
"RF_Clermont County, OH_3142",7589 Oak Blvd,False,0.05090636661022668,Low,False,,,,
"RF_Clermont County, OH_2998",3709 Oak Ave,False,0.050831558112826664,Low,False,,,,
"RF_Clermont County, OH_0057",9851 Main Ave,False,0.05067438383024027,Low,False,,,,
"RF_Clermont County, OH_1415",9246 Oak Ave,False,0.05062395233782076,Low,False,,,,
"RF_Clermont County, OH_2264",5479 Cedar St,False,0.05061391627662705,Low,False,,,,
"RF_Clermont County, OH_1122",6253 Cedar Ave,False,0.05059325682673758,Low,False,,,,
"RF_Clermont County, OH_2182",8329 Maple Ave,False,0.05057750918463102,Low,False,,,,
"RF_Clermont County, OH_0261",2134 Pine Ave,False,0.05056989701203962,Low,False,,,,
"RF_Clermont County, OH_4948",4992 Maple Ave,False,0.05056548156105218,Low,False,,,,
"RF_Clermont County, OH_0388",1824 Oak Blvd,False,0.05053184465392428,Low,True,2024-08-08 23:57:41.150727,75.0,331607.0,580765.0
"RF_Clermont County, OH_3557",2383 Main St,False,0.050531133281458175,Low,False,,,,
"RF_Clermont County, OH_2725",427 Oak Ave,False,0.05053064868853464,Low,False,,,,
"RF_Clermont County, OH_2740",4650 Main St,False,0.050458255895789,Low,False,,,,
"RF_Clermont County, OH_4046",9934 Maple Ave,False,0.050431688253866715,Low,True,2024-11-04 23:57:41.150727,39.0,578229.0,307873.0
"RF_Clermont County, OH_4506",6553 Main Ave,False,0.05041759660333769,Low,False,,,,
"RF_Clermont County, OH_0790",7425 Cedar Rd,False,0.050328140907559264,Low,False,,,,
"RF_Clermont County, OH_3556",5738 Cedar Blvd,False,0.0502990834797478,Low,False,,,,
"RF_Clermont County, OH_1665",5487 Main Rd,False,0.05028514082772012,Low,False,,,,
"RF_Clermont County, OH_0612",5996 Pine St,False,0.05025388989364249,Low,False,,,,
"RF_Clermont County, OH_2697",6374 Maple Rd,False,0.05023527200991604,Low,False,,,,
"RF_Clermont County, OH_0020",7520 Main Rd,False,0.05009447628879719,Low,True,2024-08-12 23:57:41.150727,97.0,611354.0,358289.0
"RF_Clermont County, OH_2080",5724 Maple Rd,False,0.05007854869099867,Low,False,,,,
"RF_Clermont County, OH_4503",3982 Main Blvd,False,0.050065794720951684,Low,False,,,,
"RF_Clermont County, OH_4899",6809 Pine St,False,0.050031139674982364,Low,True,2024-08-19 23:57:41.150727,87.0,433196.0,669393.0
"RF_Clermont County, OH_2716",3942 Maple Ave,False,0.05001977397298964,Low,True,2025-04-28 23:57:41.150727,92.0,419868.0,602698.0
"RF_Clermont County, OH_3410",7683 Oak Rd,False,0.04999592748999625,Low,False,,,,
"RF_Clermont County, OH_2710",7443 Oak Rd,False,0.049968746444240264,Low,False,,,,
"RF_Clermont County, OH_4296",6637 Maple St,False,0.04992481837788289,Low,False,,,,
"RF_Clermont County, OH_3360",8007 Main St,False,0.04991460846384447,Low,False,,,,
"RF_Clermont County, OH_2081",4577 Oak St,False,0.04987909769222107,Low,False,,,,
"RF_Clermont County, OH_1695",4437 Main Rd,False,0.04985005885692147,Low,False,,,,
"RF_Clermont County, OH_3159",187 Maple Ave,False,0.04974746683918541,Low,False,,,,
"RF_Clermont County, OH_4271",6947 Oak Blvd,False,0.04973025752341117,Low,False,,,,
"RF_Clermont County, OH_4671",8687 Cedar Blvd,False,0.049652813275983525,Low,False,,,,
"RF_Clermont County, OH_2703",9604 Cedar Rd,False,0.04962313615351498,Low,False,,,,
"RF_Clermont County, OH_1480",251 Oak Blvd,False,0.04959782200193145,Low,False,,,,
"RF_Clermont County, OH_0852",1634 Oak Ave,False,0.04958502451653712,Low,False,,,,
"RF_Clermont County, OH_3394",9407 Pine Blvd,False,0.04950029419864523,Low,False,,,,
"RF_Clermont County, OH_3815",1084 Main St,False,0.04944703490346911,Low,False,,,,
"RF_Clermont County, OH_3723",7761 Pine Ave,False,0.0494048838298687,Low,False,,,,
"RF_Clermont County, OH_0459",577 Cedar Ave,False,0.049315089589680436,Low,False,,,,
"RF_Clermont County, OH_4909",4124 Pine Rd,False,0.049289629975287484,Low,False,,,,
"RF_Clermont County, OH_2555",5231 Maple Rd,False,0.04921487740236094,Low,False,,,,
"RF_Clermont County, OH_4061",5001 Pine Blvd,False,0.04920564689024259,Low,False,,,,
"RF_Clermont County, OH_3421",6591 Maple Blvd,False,0.04910795363607499,Low,False,,,,
"RF_Clermont County, OH_2951",9986 Cedar St,False,0.04910311397072946,Low,False,,,,
"RF_Clermont County, OH_2866",374 Main Blvd,False,0.04906469234263744,Low,False,,,,
"RF_Clermont County, OH_4955",214 Pine Rd,False,0.04902830478067626,Low,False,,,,
"RF_Clermont County, OH_4187",7017 Main Blvd,False,0.04901911538579118,Low,False,,,,
"RF_Clermont County, OH_1204",6638 Cedar Rd,False,0.04900177573251551,Low,True,2024-11-16 23:57:41.150727,80.0,214609.0,485826.0
"RF_Clermont County, OH_0764",1603 Oak Rd,False,0.04899308775812033,Low,False,,,,
"RF_Clermont County, OH_0197",3320 Pine St,False,0.048975054998458105,Low,False,,,,
"RF_Clermont County, OH_4381",4413 Oak St,False,0.04889271526346926,Low,True,2024-12-15 23:57:41.150727,92.0,478254.0,186574.0
"RF_Clermont County, OH_3592",8923 Pine Blvd,False,0.048862551750827564,Low,False,,,,
"RF_Clermont County, OH_2690",4507 Cedar Blvd,False,0.048857490686247805,Low,False,,,,
"RF_Clermont County, OH_3708",1411 Oak Blvd,False,0.04882793801287436,Low,False,,,,
"RF_Clermont County, OH_3990",4960 Maple St,False,0.04881154730676205,Low,False,,,,
"RF_Clermont County, OH_1889",4820 Pine St,False,0.04880739333576993,Low,False,,,,
"RF_Clermont County, OH_1552",1470 Main Rd,False,0.048804257701610274,Low,False,,,,
"RF_Clermont County, OH_4466",5895 Main Rd,False,0.048792086657825126,Low,False,,,,
"RF_Clermont County, OH_0422",6328 Oak Blvd,False,0.04875380475199463,Low,True,2025-05-18 23:57:41.150727,55.0,319262.0,177290.0
"RF_Clermont County, OH_4633",9431 Cedar Ave,False,0.04871312718271993,Low,False,,,,
"RF_Clermont County, OH_1402",8881 Cedar Rd,False,0.048704889720720665,Low,False,,,,
"RF_Clermont County, OH_0573",5036 Maple St,False,0.04864681451929207,Low,False,,,,
"RF_Clermont County, OH_2000",7787 Oak Ave,False,0.0486332901698656,Low,False,,,,
"RF_Clermont County, OH_2151",237 Main Rd,False,0.048619446670314884,Low,True,2025-02-12 23:57:41.150727,22.0,493567.0,549264.0
"RF_Clermont County, OH_1184",1617 Cedar Ave,False,0.048602982275702096,Low,True,2025-03-25 23:57:41.150727,125.0,710826.0,767223.0
"RF_Clermont County, OH_3844",1845 Maple Rd,False,0.04854761927472023,Low,False,,,,
"RF_Clermont County, OH_3100",340 Main Blvd,False,0.04853930480253653,Low,False,,,,
"RF_Clermont County, OH_2502",3334 Oak St,False,0.04851471257456934,Low,False,,,,
"RF_Clermont County, OH_3898",3295 Cedar Rd,False,0.048511327922284145,Low,False,,,,
"RF_Clermont County, OH_0183",1697 Pine Blvd,False,0.04849377085553473,Low,False,,,,
"RF_Clermont County, OH_3774",6065 Main Rd,False,0.04848274043815273,Low,False,,,,
"RF_Clermont County, OH_2262",4956 Oak Ave,False,0.04844878748345913,Low,True,2025-05-26 23:57:41.150727,145.0,287460.0,204523.0
"RF_Clermont County, OH_3460",2187 Pine Rd,False,0.04842509963742774,Low,False,,,,
"RF_Clermont County, OH_3550",7747 Pine St,False,0.04839858947681491,Low,True,2024-09-10 23:57:41.150727,150.0,513971.0,218524.0
"RF_Clermont County, OH_1684",1049 Main Rd,False,0.048355122641244176,Low,False,,,,
"RF_Clermont County, OH_3869",3420 Maple Ave,False,0.048341478923097966,Low,True,2025-03-09 23:57:41.150727,145.0,278517.0,298948.0
"RF_Clermont County, OH_2410",4422 Pine Blvd,False,0.04833413030965975,Low,False,,,,
"RF_Clermont County, OH_2047",5093 Cedar Blvd,False,0.048304538971058276,Low,False,,,,
"RF_Clermont County, OH_1526",8240 Maple St,False,0.04827274261297652,Low,False,,,,
"RF_Clermont County, OH_4655",732 Maple St,False,0.04824835826037239,Low,False,,,,
"RF_Clermont County, OH_2728",5495 Cedar Blvd,False,0.04819680333357119,Low,False,,,,
"RF_Clermont County, OH_4435",4417 Oak Rd,False,0.048193465889418995,Low,False,,,,
"RF_Clermont County, OH_4238",9603 Maple St,False,0.04817967636898968,Low,False,,,,
"RF_Clermont County, OH_3954",2026 Cedar St,False,0.04817447704219388,Low,False,,,,
"RF_Clermont County, OH_1804",3233 Cedar Blvd,False,0.048147103783883136,Low,False,,,,
"RF_Clermont County, OH_1601",9221 Cedar Rd,False,0.048038761206952524,Low,False,,,,
"RF_Clermont County, OH_3239",3318 Pine Blvd,False,0.048035625617174185,Low,False,,,,
"RF_Clermont County, OH_4314",2164 Maple St,False,0.04801985395513894,Low,False,,,,
"RF_Clermont County, OH_0934",5727 Maple Ave,False,0.04800115662876553,Low,False,,,,
"RF_Clermont County, OH_2985",4200 Oak Blvd,False,0.047971682532157986,Low,False,,,,
"RF_Clermont County, OH_3373",3016 Main Ave,False,0.0479462284560803,Low,False,,,,
"RF_Clermont County, OH_1602",8575 Maple Rd,False,0.047872964050995684,Low,False,,,,
"RF_Clermont County, OH_1961",4680 Main St,False,0.04786336555640968,Low,False,,,,
"RF_Clermont County, OH_2657",673 Pine Blvd,False,0.047850358978940084,Low,False,,,,
"RF_Clermont County, OH_3024",7333 Oak Ave,False,0.04785025922358488,Low,True,2024-10-08 23:57:41.150727,125.0,470878.0,459472.0
"RF_Clermont County, OH_4911",4134 Maple Rd,False,0.04782617062717099,Low,False,,,,
"RF_Clermont County, OH_0536",1141 Maple St,False,0.04779381004780837,Low,False,,,,
"RF_Clermont County, OH_4451",4777 Cedar Ave,False,0.047786450217753816,Low,True,2024-09-07 23:57:41.150727,150.0,751845.0,587340.0
"RF_Clermont County, OH_1873",6237 Main St,False,0.04773828761036316,Low,False,,,,
"RF_Clermont County, OH_2598",1386 Oak St,False,0.04773540391319211,Low,False,,,,
"RF_Clermont County, OH_0829",5531 Main St,False,0.04769699385670306,Low,False,,,,
"RF_Clermont County, OH_4121",6934 Pine Blvd,False,0.04753630792173828,Low,False,,,,
"RF_Clermont County, OH_0288",7235 Oak Rd,False,0.04749832798989968,Low,False,,,,
"RF_Clermont County, OH_1915",1669 Cedar Rd,False,0.047494842729396455,Low,False,,,,
"RF_Clermont County, OH_1837",3589 Main St,False,0.047492184216095114,Low,False,,,,
"RF_Clermont County, OH_1905",3429 Pine Ave,False,0.04745432396768158,Low,True,2025-04-08 23:57:41.150727,56.0,780990.0,592037.0
"RF_Clermont County, OH_0723",5958 Oak Blvd,False,0.047405110689155386,Low,True,2025-01-14 23:57:41.150727,31.0,511902.0,381184.0
"RF_Clermont County, OH_0665",1995 Cedar Blvd,False,0.04736130029207603,Low,False,,,,
"RF_Clermont County, OH_3175",4155 Oak Ave,False,0.04732356895961534,Low,False,,,,
"RF_Clermont County, OH_2928",9973 Oak Rd,False,0.04728413731768805,Low,False,,,,
"RF_Clermont County, OH_3393",2441 Maple Rd,False,0.04724300135970108,Low,True,2025-05-15 23:57:41.150727,28.0,629420.0,583901.0
"RF_Clermont County, OH_0549",6922 Oak Ave,False,0.047200851813569256,Low,False,,,,
"RF_Clermont County, OH_4912",861 Cedar Blvd,False,0.047196924424839415,Low,False,,,,
"RF_Clermont County, OH_4457",6326 Pine Blvd,False,0.047195272521143056,Low,False,,,,
"RF_Clermont County, OH_2134",2734 Main Blvd,False,0.04717681708611049,Low,False,,,,
"RF_Clermont County, OH_0519",6259 Cedar Blvd,False,0.04715186882351803,Low,False,,,,
"RF_Clermont County, OH_0260",3717 Pine St,False,0.04712892436864291,Low,False,,,,
"RF_Clermont County, OH_0492",7214 Pine Ave,False,0.04711923811190742,Low,False,,,,
"RF_Clermont County, OH_0862",5234 Oak Blvd,False,0.04711090146355874,Low,False,,,,
"RF_Clermont County, OH_2859",8121 Maple Ave,False,0.047097581585653324,Low,False,,,,
"RF_Clermont County, OH_4019",2030 Pine St,False,0.04708956540311823,Low,False,,,,
"RF_Clermont County, OH_0316",6585 Cedar St,False,0.04705127303271951,Low,False,,,,
"RF_Clermont County, OH_1550",165 Maple Ave,False,0.047043898544906496,Low,True,2025-01-29 23:57:41.150727,168.0,676743.0,376597.0
"RF_Clermont County, OH_3878",5400 Main Blvd,False,0.04703635661255811,Low,False,,,,
"RF_Clermont County, OH_0402",8011 Pine St,False,0.046942690048199016,Low,False,,,,
"RF_Clermont County, OH_1537",8157 Cedar Rd,False,0.04693253977296346,Low,False,,,,
"RF_Clermont County, OH_3157",489 Pine Ave,False,0.04685253030898556,Low,False,,,,
"RF_Clermont County, OH_3775",3385 Oak Rd,False,0.04684373342975008,Low,False,,,,
"RF_Clermont County, OH_4556",7197 Main St,False,0.04680473591022996,Low,False,,,,
"RF_Clermont County, OH_3339",9514 Oak Rd,False,0.046745893658223174,Low,False,,,,
"RF_Clermont County, OH_1970",5417 Main Ave,False,0.04672107802336974,Low,False,,,,
"RF_Clermont County, OH_1490",3679 Main Ave,False,0.04671300560823896,Low,False,,,,
"RF_Clermont County, OH_2920",7899 Main Ave,False,0.04663089139741927,Low,False,,,,
"RF_Clermont County, OH_1618",5560 Pine Ave,False,0.046619894693730984,Low,False,,,,
"RF_Clermont County, OH_0415",3451 Main Ave,False,0.04661711532535249,Low,False,,,,
"RF_Clermont County, OH_1953",341 Maple Ave,False,0.04660555160504933,Low,False,,,,
"RF_Clermont County, OH_4439",2667 Cedar Blvd,False,0.04656606427606796,Low,False,,,,
"RF_Clermont County, OH_1888",5056 Cedar Blvd,False,0.04647825825585469,Low,False,,,,
"RF_Clermont County, OH_3111",7755 Cedar Blvd,False,0.04646850099404895,Low,False,,,,
"RF_Clermont County, OH_0421",9051 Oak Blvd,False,0.04642687258996346,Low,False,,,,
"RF_Clermont County, OH_4494",1804 Maple Rd,False,0.04641543675208066,Low,False,,,,
"RF_Clermont County, OH_4279",3520 Maple Ave,False,0.04635286663697796,Low,False,,,,
"RF_Clermont County, OH_1148",561 Main Rd,False,0.04631611751943905,Low,False,,,,
"RF_Clermont County, OH_4866",577 Oak Rd,False,0.04629512123390221,Low,False,,,,
"RF_Clermont County, OH_2695",8144 Oak Blvd,False,0.04628865253344348,Low,False,,,,
"RF_Clermont County, OH_4721",8917 Pine Rd,False,0.04624321158519712,Low,False,,,,
"RF_Clermont County, OH_2605",379 Cedar Ave,False,0.046199733545797594,Low,False,,,,
"RF_Clermont County, OH_4634",3341 Oak St,False,0.0461642147024119,Low,False,,,,
"RF_Clermont County, OH_4376",1436 Pine Blvd,False,0.04607205967729533,Low,False,,,,
"RF_Clermont County, OH_2256",2705 Pine Rd,False,0.045966289054186614,Low,False,,,,
"RF_Clermont County, OH_3718",129 Cedar Rd,False,0.04595195672164749,Low,False,,,,
"RF_Clermont County, OH_4008",7240 Maple Rd,False,0.04584275144226202,Low,False,,,,
"RF_Clermont County, OH_3169",9659 Oak St,False,0.04583868312642799,Low,False,,,,
"RF_Clermont County, OH_3499",3801 Cedar Rd,False,0.04580029564175123,Low,False,,,,
"RF_Clermont County, OH_1926",9613 Oak Rd,False,0.045763682169947494,Low,False,,,,
"RF_Clermont County, OH_1998",3084 Pine Ave,False,0.04576171274256157,Low,False,,,,
"RF_Clermont County, OH_3578",5206 Maple Blvd,False,0.04573742267914757,Low,False,,,,
"RF_Clermont County, OH_1166",816 Pine Ave,False,0.04571553516392211,Low,True,2024-10-21 23:57:41.150727,149.0,669504.0,235980.0
"RF_Clermont County, OH_1002",258 Main St,False,0.045709338295123476,Low,False,,,,
"RF_Clermont County, OH_0272",9180 Pine Rd,False,0.04566400186246614,Low,False,,,,
"RF_Clermont County, OH_3088",7673 Cedar St,False,0.045631877034987604,Low,False,,,,
"RF_Clermont County, OH_3450",7827 Pine Blvd,False,0.045600196798664075,Low,False,,,,
"RF_Clermont County, OH_1026",3495 Cedar Ave,False,0.04554038662454951,Low,False,,,,
"RF_Clermont County, OH_2786",1008 Main St,False,0.045482327728013854,Low,False,,,,
"RF_Clermont County, OH_2208",9038 Cedar Rd,False,0.045474050115237884,Low,False,,,,
"RF_Clermont County, OH_2461",2711 Main Ave,False,0.04544867571235194,Low,False,,,,
"RF_Clermont County, OH_2442",1592 Main Ave,False,0.04538374305963488,Low,False,,,,
"RF_Clermont County, OH_3216",5332 Oak Ave,False,0.04537397839746905,Low,False,,,,
"RF_Clermont County, OH_4931",2380 Maple Rd,False,0.045367531234556224,Low,False,,,,
"RF_Clermont County, OH_4854",8080 Oak Rd,False,0.045361895732882955,Low,False,,,,
"RF_Clermont County, OH_0143",6332 Main Ave,False,0.04527519877134135,Low,False,,,,
"RF_Clermont County, OH_3625",7636 Cedar Ave,False,0.04512302309645968,Low,True,2024-09-12 23:57:41.150727,76.0,389940.0,140844.0
"RF_Clermont County, OH_1502",4926 Oak Blvd,False,0.045080657929071524,Low,False,,,,
"RF_Clermont County, OH_0502",5952 Pine Ave,False,0.04506074801875599,Low,False,,,,
"RF_Clermont County, OH_3064",4585 Pine Ave,False,0.0450111474229533,Low,False,,,,
"RF_Clermont County, OH_4125",6856 Oak Blvd,False,0.04479910363711439,Low,False,,,,
"RF_Clermont County, OH_2282",2957 Maple St,False,0.04474289654624173,Low,False,,,,
"RF_Clermont County, OH_3184",2096 Pine Ave,False,0.04474073227997088,Low,True,2025-03-25 23:57:41.150727,32.0,708692.0,502762.0
"RF_Clermont County, OH_2440",7431 Maple Ave,False,0.04467933861010612,Low,False,,,,
"RF_Clermont County, OH_4393",4994 Pine Rd,False,0.04466655402581716,Low,False,,,,
"RF_Clermont County, OH_3218",5732 Oak St,False,0.04457079114117526,Low,False,,,,
"RF_Clermont County, OH_0473",8844 Maple Ave,False,0.04456540218592615,Low,False,,,,
"RF_Clermont County, OH_4858",1800 Main Rd,False,0.04453914439512009,Low,False,,,,
"RF_Clermont County, OH_1150",986 Oak St,False,0.044524130085544456,Low,False,,,,
"RF_Clermont County, OH_0607",4218 Pine Ave,False,0.0444423760940328,Low,False,,,,
"RF_Clermont County, OH_4938",4776 Oak Ave,False,0.0444132649580164,Low,False,,,,
"RF_Clermont County, OH_3752",9552 Maple Ave,False,0.044313072717227966,Low,False,,,,
"RF_Clermont County, OH_1869",6767 Main St,False,0.04429999967983335,Low,False,,,,
"RF_Clermont County, OH_1386",3183 Cedar Ave,False,0.04427430943087531,Low,False,,,,
"RF_Clermont County, OH_3267",3622 Main Rd,False,0.04417451618914432,Low,False,,,,
"RF_Clermont County, OH_0558",4839 Cedar St,False,0.044150365994386286,Low,False,,,,
"RF_Clermont County, OH_0109",5539 Pine Rd,False,0.04409185783458554,Low,False,,,,
"RF_Clermont County, OH_0596",5325 Main St,False,0.04405556307576596,Low,False,,,,
"RF_Clermont County, OH_3864",3881 Maple Ave,False,0.044047652565863266,Low,False,,,,
"RF_Clermont County, OH_3342",3143 Cedar St,False,0.04401318094316075,Low,False,,,,
"RF_Clermont County, OH_3474",713 Oak St,False,0.04396507004827015,Low,False,,,,
"RF_Clermont County, OH_4762",7898 Main St,False,0.04390040004178038,Low,False,,,,
"RF_Clermont County, OH_3209",4903 Maple St,False,0.043826158173974915,Low,True,2025-01-07 23:57:41.150727,143.0,502080.0,191090.0
"RF_Clermont County, OH_2962",4120 Pine Rd,False,0.04379532112459826,Low,False,,,,
"RF_Clermont County, OH_2347",2622 Cedar Ave,False,0.043737447702838196,Low,False,,,,
"RF_Clermont County, OH_1279",7625 Cedar Rd,False,0.043731805425763506,Low,True,2024-12-19 23:57:41.150727,114.0,296558.0,544537.0
"RF_Clermont County, OH_3469",2464 Oak Rd,False,0.04369555603684523,Low,True,2024-10-18 23:57:41.150727,89.0,361086.0,477963.0
"RF_Clermont County, OH_0503",6924 Maple St,False,0.04355820966758207,Low,False,,,,
"RF_Clermont County, OH_2842",793 Pine Ave,False,0.04347378672474338,Low,False,,,,
"RF_Clermont County, OH_3925",487 Cedar Ave,False,0.04346032931093326,Low,False,,,,
"RF_Clermont County, OH_4536",9445 Main Ave,False,0.04344333998325649,Low,False,,,,
"RF_Clermont County, OH_2924",5268 Pine St,False,0.043316987990754126,Low,False,,,,
"RF_Clermont County, OH_2886",4775 Maple Rd,False,0.04331653766139475,Low,False,,,,
"RF_Clermont County, OH_4663",6264 Pine Blvd,False,0.043302961911324,Low,False,,,,
"RF_Clermont County, OH_0590",9479 Pine St,False,0.0432394056264826,Low,False,,,,
"RF_Clermont County, OH_1367",7875 Cedar St,False,0.04323866591398678,Low,False,,,,
"RF_Clermont County, OH_3074",934 Maple Ave,False,0.04299974694349585,Low,False,,,,
"RF_Clermont County, OH_4746",5631 Oak Blvd,False,0.04295509151862719,Low,False,,,,
"RF_Clermont County, OH_2900",3752 Maple Rd,False,0.04292215310859843,Low,False,,,,
"RF_Clermont County, OH_3950",6893 Pine St,False,0.04291952509405275,Low,False,,,,
"RF_Clermont County, OH_4541",637 Pine Rd,False,0.04288933650919551,Low,False,,,,
"RF_Clermont County, OH_4891",5850 Maple Ave,False,0.04285770711707082,Low,False,,,,
"RF_Clermont County, OH_0838",4909 Maple Blvd,False,0.04281121092302298,Low,False,,,,
"RF_Clermont County, OH_1890",5485 Cedar Ave,False,0.042671621572551235,Low,False,,,,
"RF_Clermont County, OH_4441",6817 Pine Ave,False,0.04261672385160939,Low,False,,,,
"RF_Clermont County, OH_2721",8015 Pine Rd,False,0.042583217158406066,Low,False,,,,
"RF_Clermont County, OH_3640",254 Pine St,False,0.0425007689865268,Low,False,,,,
"RF_Clermont County, OH_2597",7292 Main St,False,0.04249576866382472,Low,False,,,,
"RF_Clermont County, OH_3143",2677 Pine St,False,0.042412728554252516,Low,False,,,,
"RF_Clermont County, OH_2711",4964 Pine Rd,False,0.04232290671352421,Low,False,,,,
"RF_Clermont County, OH_2957",3933 Pine Blvd,False,0.04225296256960011,Low,False,,,,
"RF_Clermont County, OH_2689",9772 Main Rd,False,0.042221708874566874,Low,True,2025-07-04 23:57:41.150727,170.0,780752.0,563258.0
"RF_Clermont County, OH_0469",3671 Pine Rd,False,0.04217071845562392,Low,True,2025-03-28 23:57:41.150727,175.0,322985.0,165117.0
"RF_Clermont County, OH_1159",3832 Main Rd,False,0.04198394958100384,Low,False,,,,
"RF_Clermont County, OH_0454",6687 Cedar Ave,False,0.04173984770181579,Low,False,,,,
"RF_Clermont County, OH_0015",1064 Pine Ave,False,0.041724030917846516,Low,False,,,,
"RF_Clermont County, OH_3632",354 Pine Rd,False,0.04158894448321563,Low,False,,,,
"RF_Clermont County, OH_2360",989 Pine St,False,0.04155739149099597,Low,True,2025-06-04 23:57:41.150727,63.0,494449.0,774225.0
"RF_Clermont County, OH_4064",4278 Pine Ave,False,0.04154576502705023,Low,False,,,,
"RF_Clermont County, OH_3426",7288 Main Rd,False,0.041518926790430184,Low,False,,,,
"RF_Clermont County, OH_0797",7677 Cedar Blvd,False,0.0415058315621898,Low,False,,,,
"RF_Clermont County, OH_3116",4549 Pine St,False,0.04134509009534814,Low,True,2025-06-17 23:57:41.150727,173.0,454933.0,540939.0
"RF_Clermont County, OH_3964",7839 Oak St,False,0.04121874060852233,Low,False,,,,
"RF_Clermont County, OH_0925",5715 Oak Ave,False,0.04117451891002946,Low,False,,,,
"RF_Clermont County, OH_0879",7589 Oak Ave,False,0.04112840384688743,Low,False,,,,
"RF_Clermont County, OH_2094",705 Maple St,False,0.0410176396495609,Low,False,,,,
"RF_Clermont County, OH_1493",5868 Pine Ave,False,0.04101252485521837,Low,False,,,,
"RF_Clermont County, OH_0023",192 Maple Rd,False,0.04097742831376082,Low,False,,,,
"RF_Clermont County, OH_3041",7363 Pine Rd,False,0.04096154887200333,Low,False,,,,
"RF_Clermont County, OH_1095",8190 Main Rd,False,0.04093141498525918,Low,False,,,,
"RF_Clermont County, OH_2213",7949 Maple St,False,0.040883541637092125,Low,False,,,,
"RF_Clermont County, OH_3103",8569 Cedar Ave,False,0.04064263556611493,Low,False,,,,
"RF_Clermont County, OH_4649",5250 Pine Rd,False,0.04057899318501132,Low,False,,,,
"RF_Clermont County, OH_2343",7761 Pine St,False,0.040249029781541185,Low,True,2025-01-13 23:57:41.150727,125.0,419876.0,700791.0
"RF_Clermont County, OH_2303",3607 Oak Blvd,False,0.04011040632830674,Low,False,,,,
"RF_Clermont County, OH_1525",4561 Main St,False,0.04002396860555412,Low,False,,,,
"RF_Clermont County, OH_2273",3774 Pine Rd,False,0.03996993516720664,Low,True,2024-12-27 23:57:41.150727,86.0,206007.0,601670.0
"RF_Clermont County, OH_3414",7311 Cedar Ave,False,0.0399334043131409,Low,True,2025-05-03 23:57:41.150727,28.0,175356.0,503732.0
"RF_Clermont County, OH_4250",3810 Main St,False,0.03979843463358404,Low,False,,,,
"RF_Clermont County, OH_2230",1076 Maple Ave,False,0.03975628013851547,Low,True,2024-08-20 23:57:41.150727,148.0,440738.0,548665.0
"RF_Clermont County, OH_4009",4189 Maple Blvd,False,0.03956871108850303,Low,False,,,,
"RF_Clermont County, OH_3582",1447 Pine St,False,0.039514665159600226,Low,False,,,,
"RF_Clermont County, OH_1662",6392 Cedar Blvd,False,0.03950164553334741,Low,False,,,,
"RF_Clermont County, OH_0145",7497 Pine Rd,False,0.03943087518174149,Low,False,,,,
"RF_Clermont County, OH_0632",1753 Oak Blvd,False,0.03940492403675701,Low,False,,,,
"RF_Clermont County, OH_1239",4512 Maple Rd,False,0.03929302026076555,Low,False,,,,
"RF_Clermont County, OH_2408",6676 Pine Rd,False,0.03927000453815025,Low,False,,,,
"RF_Clermont County, OH_1543",9003 Cedar Rd,False,0.03922396593164021,Low,False,,,,
"RF_Clermont County, OH_3016",6955 Oak Rd,False,0.03880402045608584,Low,False,,,,
"RF_Clermont County, OH_4595",4163 Cedar Ave,False,0.0387377853785329,Low,False,,,,
"RF_Clermont County, OH_4342",7851 Cedar Blvd,False,0.03870539161222578,Low,False,,,,
"RF_Clermont County, OH_3874",6851 Main Ave,False,0.038462613391550805,Low,False,,,,
"RF_Clermont County, OH_2785",6217 Cedar Blvd,False,0.03839085428752236,Low,False,,,,
"RF_Clermont County, OH_2380",8101 Pine Blvd,False,0.03819321182538844,Low,True,2025-02-27 23:57:41.150727,15.0,766294.0,143282.0
"RF_Clermont County, OH_0730",3699 Pine Ave,False,0.03800093334290699,Low,False,,,,
"RF_Clermont County, OH_4538",8101 Maple St,False,0.03793385426226025,Low,False,,,,
"RF_Clermont County, OH_4347",2124 Oak Ave,False,0.037931473371088376,Low,False,,,,
"RF_Clermont County, OH_3079",5757 Main Ave,False,0.037761454920287325,Low,False,,,,
"RF_Clermont County, OH_4449",3399 Pine Blvd,False,0.03768566373060413,Low,False,,,,
"RF_Clermont County, OH_3071",7036 Main St,False,0.03749375893798146,Low,False,,,,
"RF_Clermont County, OH_3871",2976 Maple Blvd,False,0.03735202248317997,Low,False,,,,
"RF_Clermont County, OH_1328",3517 Main Blvd,False,0.0372935257282237,Low,False,,,,
"RF_Clermont County, OH_3765",7912 Oak St,False,0.03717294467867311,Low,False,,,,
"RF_Clermont County, OH_1139",2277 Main St,False,0.03715361804036875,Low,False,,,,
"RF_Clermont County, OH_2129",5368 Cedar Ave,False,0.037125220495045484,Low,False,,,,
"RF_Clermont County, OH_0221",9332 Oak St,False,0.03707138484478887,Low,False,,,,
"RF_Clermont County, OH_2312",6341 Cedar Rd,False,0.03679250796405774,Low,True,2025-03-23 23:57:41.150727,104.0,564610.0,385304.0
"RF_Clermont County, OH_0290",3030 Maple Rd,False,0.03659997822658649,Low,False,,,,
"RF_Clermont County, OH_4639",2268 Oak St,False,0.03648965781925282,Low,False,,,,
"RF_Clermont County, OH_0048",3925 Main St,False,0.03642659114836695,Low,True,2024-11-24 23:57:41.150727,163.0,325307.0,702716.0
"RF_Clermont County, OH_1479",8945 Oak Rd,False,0.03623973033785493,Low,False,,,,
"RF_Clermont County, OH_4383",6035 Cedar Blvd,False,0.036172376853550306,Low,False,,,,
"RF_Clermont County, OH_2943",4260 Main St,False,0.03583276964459029,Low,False,,,,
"RF_Clermont County, OH_2522",7185 Cedar Rd,False,0.035448454733597784,Low,False,,,,
"RF_Clermont County, OH_3181",4188 Maple Blvd,False,0.03542555196389252,Low,False,,,,
"RF_Clermont County, OH_4028",3440 Oak Ave,False,0.03525308932704569,Low,False,,,,
"RF_Clermont County, OH_0545",4200 Pine Blvd,False,0.03501487257541503,Low,False,,,,
"RF_Clermont County, OH_3377",8506 Cedar Blvd,False,0.03439893735056031,Low,False,,,,
"RF_Clermont County, OH_2247",6166 Main St,False,0.034370206473585685,Low,False,,,,
"RF_Clermont County, OH_1303",5717 Pine Rd,False,0.033957341442113154,Low,False,,,,
"RF_Clermont County, OH_0275",3037 Pine Rd,False,0.03349523634326918,Low,True,2024-09-16 23:57:41.150727,56.0,308190.0,521100.0
"RF_Clermont County, OH_2367",8411 Oak Blvd,False,0.033191636162624896,Low,False,,,,
"RF_Clermont County, OH_1726",1092 Maple Blvd,False,0.03239374229137806,Low,False,,,,
"RF_Clermont County, OH_1198",3569 Maple Rd,False,0.032174806843624865,Low,False,,,,
"RF_Clermont County, OH_1620",1440 Cedar Ave,False,0.03182067246855067,Low,False,,,,
"RF_Clermont County, OH_2549",3155 Cedar Blvd,False,0.03163032981266224,Low,False,,,,
"RF_Clermont County, OH_3989",8589 Oak Ave,False,0.03148240880871077,Low,False,,,,
"RF_Clermont County, OH_4124",9551 Main Ave,False,0.03103878160644749,Low,False,,,,
"RF_Clermont County, OH_4147",2477 Maple St,False,0.031028158233587864,Low,False,,,,
"RF_Clermont County, OH_0828",5539 Oak Blvd,False,0.029042700161917324,Low,False,,,,
"RF_Clermont County, OH_1447",7162 Oak Blvd,False,0.02884831534713559,Low,False,,,,
"RF_Clermont County, OH_0728",4279 Pine Ave,False,0.02857059583911121,Low,False,,,,
"RF_Clermont County, OH_3628",3386 Oak Rd,False,0.026474692877951157,Low,True,2025-01-11 23:57:41.150727,93.0,239684.0,496156.0
